
C:/Users/scott/urt-vl53l0x/build/urt_vl53.elf:     file format elf32-littlearm

Sections:
Idx Name          Size      VMA       LMA       File off  Algn
  0 .boot2        00000100  10000000  10000000  00001000  2**0
                  CONTENTS, ALLOC, LOAD, READONLY, CODE
  1 .text         0000a5b4  10000100  10000100  00001100  2**3
                  CONTENTS, ALLOC, LOAD, READONLY, CODE
  2 .rodata       000007fc  1000a6b8  1000a6b8  0000b6b8  2**3
                  CONTENTS, ALLOC, LOAD, READONLY, DATA
  3 .binary_info  00000020  1000aeb4  1000aeb4  0000beb4  2**2
                  CONTENTS, ALLOC, LOAD, READONLY, DATA
  4 .ram_vector_table 000000c0  20000000  20000000  0000e000  2**2
                  ALLOC
  5 .uninitialized_data 00000000  200000c0  200000c0  0000d368  2**0
                  CONTENTS
  6 .data         000012a8  200000c0  1000aed4  0000c0c0  2**4
                  CONTENTS, ALLOC, LOAD, READONLY, CODE
  7 .tdata        00000000  20001368  20001368  0000d368  2**0
                  CONTENTS, ALLOC, LOAD, DATA, THREAD_LOCAL
  8 .tbss         00000000  20001368  20001368  00000000  2**0
                  ALLOC, THREAD_LOCAL
  9 .bss          00001084  20001368  1000c17c  0000d368  2**3
                  ALLOC
 10 .heap         00000800  200023ec  1000c17c  0000d3ec  2**2
                  ALLOC, READONLY
 11 .scratch_x    00000000  20040000  20040000  0000d368  2**0
                  CONTENTS
 12 .scratch_y    00000000  20041000  20041000  0000d368  2**0
                  CONTENTS
 13 .stack_dummy  00000800  20041000  20041000  0000e000  2**5
                  ALLOC, READONLY
 14 .ARM.attributes 00000028  00000000  00000000  0000d368  2**0
                  CONTENTS, READONLY
 15 .comment      00000046  00000000  00000000  0000d390  2**0
                  CONTENTS, READONLY
 16 .debug_info   00044a1a  00000000  00000000  0000d3d6  2**0
                  CONTENTS, READONLY, DEBUGGING, OCTETS
 17 .debug_abbrev 00009f20  00000000  00000000  00051df0  2**0
                  CONTENTS, READONLY, DEBUGGING, OCTETS
 18 .debug_loclists 0002d9a9  00000000  00000000  0005bd10  2**0
                  CONTENTS, READONLY, DEBUGGING, OCTETS
 19 .debug_aranges 00001ca0  00000000  00000000  000896c0  2**3
                  CONTENTS, READONLY, DEBUGGING, OCTETS
 20 .debug_rnglists 00005761  00000000  00000000  0008b360  2**0
                  CONTENTS, READONLY, DEBUGGING, OCTETS
 21 .debug_line   000311a1  00000000  00000000  00090ac1  2**0
                  CONTENTS, READONLY, DEBUGGING, OCTETS
 22 .debug_str    0000ba50  00000000  00000000  000c1c62  2**0
                  CONTENTS, READONLY, DEBUGGING, OCTETS
 23 .debug_frame  00004398  00000000  00000000  000cd6b4  2**2
                  CONTENTS, READONLY, DEBUGGING, OCTETS
 24 .debug_line_str 00000305  00000000  00000000  000d1a4c  2**0
                  CONTENTS, READONLY, DEBUGGING, OCTETS

C:/Users/scott/urt-vl53l0x/build/urt_vl53.elf:     file format elf32-littlearm


Disassembly of section .boot2:

10000000 <__boot2_start__>:
10000000:	4b32b500 	.word	0x4b32b500
10000004:	60582021 	.word	0x60582021
10000008:	21026898 	.word	0x21026898
1000000c:	60984388 	.word	0x60984388
10000010:	611860d8 	.word	0x611860d8
10000014:	4b2e6158 	.word	0x4b2e6158
10000018:	60992100 	.word	0x60992100
1000001c:	61592102 	.word	0x61592102
10000020:	22f02101 	.word	0x22f02101
10000024:	492b5099 	.word	0x492b5099
10000028:	21016019 	.word	0x21016019
1000002c:	20356099 	.word	0x20356099
10000030:	f844f000 	.word	0xf844f000
10000034:	42902202 	.word	0x42902202
10000038:	2106d014 	.word	0x2106d014
1000003c:	f0006619 	.word	0xf0006619
10000040:	6e19f834 	.word	0x6e19f834
10000044:	66192101 	.word	0x66192101
10000048:	66182000 	.word	0x66182000
1000004c:	f000661a 	.word	0xf000661a
10000050:	6e19f82c 	.word	0x6e19f82c
10000054:	6e196e19 	.word	0x6e196e19
10000058:	f0002005 	.word	0xf0002005
1000005c:	2101f82f 	.word	0x2101f82f
10000060:	d1f94208 	.word	0xd1f94208
10000064:	60992100 	.word	0x60992100
10000068:	6019491b 	.word	0x6019491b
1000006c:	60592100 	.word	0x60592100
10000070:	481b491a 	.word	0x481b491a
10000074:	21016001 	.word	0x21016001
10000078:	21eb6099 	.word	0x21eb6099
1000007c:	21a06619 	.word	0x21a06619
10000080:	f0006619 	.word	0xf0006619
10000084:	2100f812 	.word	0x2100f812
10000088:	49166099 	.word	0x49166099
1000008c:	60014814 	.word	0x60014814
10000090:	60992101 	.word	0x60992101
10000094:	2800bc01 	.word	0x2800bc01
10000098:	4700d000 	.word	0x4700d000
1000009c:	49134812 	.word	0x49134812
100000a0:	c8036008 	.word	0xc8036008
100000a4:	8808f380 	.word	0x8808f380
100000a8:	b5034708 	.word	0xb5034708
100000ac:	20046a99 	.word	0x20046a99
100000b0:	d0fb4201 	.word	0xd0fb4201
100000b4:	42012001 	.word	0x42012001
100000b8:	bd03d1f8 	.word	0xbd03d1f8
100000bc:	6618b502 	.word	0x6618b502
100000c0:	f7ff6618 	.word	0xf7ff6618
100000c4:	6e18fff2 	.word	0x6e18fff2
100000c8:	bd026e18 	.word	0xbd026e18
100000cc:	40020000 	.word	0x40020000
100000d0:	18000000 	.word	0x18000000
100000d4:	00070000 	.word	0x00070000
100000d8:	005f0300 	.word	0x005f0300
100000dc:	00002221 	.word	0x00002221
100000e0:	180000f4 	.word	0x180000f4
100000e4:	a0002022 	.word	0xa0002022
100000e8:	10000100 	.word	0x10000100
100000ec:	e000ed08 	.word	0xe000ed08
	...
100000fc:	7a4eb274 	.word	0x7a4eb274

Disassembly of section .text:

10000100 <__VECTOR_TABLE>:
10000100:	20042000 	.word	0x20042000
10000104:	100001f7 	.word	0x100001f7
10000108:	100001cb 	.word	0x100001cb
1000010c:	100001cd 	.word	0x100001cd
10000110:	100001c9 	.word	0x100001c9
10000114:	100001c9 	.word	0x100001c9
10000118:	100001c9 	.word	0x100001c9
1000011c:	100001c9 	.word	0x100001c9
10000120:	100001c9 	.word	0x100001c9
10000124:	100001c9 	.word	0x100001c9
10000128:	100001c9 	.word	0x100001c9
1000012c:	100001cf 	.word	0x100001cf
10000130:	100001c9 	.word	0x100001c9
10000134:	100001c9 	.word	0x100001c9
10000138:	100001d1 	.word	0x100001d1
1000013c:	100001d3 	.word	0x100001d3
10000140:	100001c1 	.word	0x100001c1
10000144:	100001c1 	.word	0x100001c1
10000148:	100001c1 	.word	0x100001c1
1000014c:	100001c1 	.word	0x100001c1
10000150:	100001c1 	.word	0x100001c1
10000154:	100001c1 	.word	0x100001c1
10000158:	100001c1 	.word	0x100001c1
1000015c:	100001c1 	.word	0x100001c1
10000160:	100001c1 	.word	0x100001c1
10000164:	100001c1 	.word	0x100001c1
10000168:	100001c1 	.word	0x100001c1
1000016c:	100001c1 	.word	0x100001c1
10000170:	100001c1 	.word	0x100001c1
10000174:	100001c1 	.word	0x100001c1
10000178:	100001c1 	.word	0x100001c1
1000017c:	100001c1 	.word	0x100001c1
10000180:	100001c1 	.word	0x100001c1
10000184:	100001c1 	.word	0x100001c1
10000188:	100001c1 	.word	0x100001c1
1000018c:	100001c1 	.word	0x100001c1
10000190:	100001c1 	.word	0x100001c1
10000194:	100001c1 	.word	0x100001c1
10000198:	100001c1 	.word	0x100001c1
1000019c:	100001c1 	.word	0x100001c1
100001a0:	100001c1 	.word	0x100001c1
100001a4:	100001c1 	.word	0x100001c1
100001a8:	100001c1 	.word	0x100001c1
100001ac:	100001c1 	.word	0x100001c1
100001b0:	100001c1 	.word	0x100001c1
100001b4:	100001c1 	.word	0x100001c1
100001b8:	100001c1 	.word	0x100001c1
100001bc:	100001c1 	.word	0x100001c1

100001c0 <__unhandled_user_irq>:
100001c0:	f3ef 8005 	mrs	r0, IPSR
100001c4:	3810      	subs	r0, #16

100001c6 <unhandled_user_irq_num_in_r0>:
100001c6:	be00      	bkpt	0x0000

100001c8 <isr_invalid>:
100001c8:	be00      	bkpt	0x0000

100001ca <isr_nmi>:
100001ca:	be00      	bkpt	0x0000

100001cc <isr_hardfault>:
100001cc:	be00      	bkpt	0x0000

100001ce <isr_svcall>:
100001ce:	be00      	bkpt	0x0000

100001d0 <isr_pendsv>:
100001d0:	be00      	bkpt	0x0000

100001d2 <isr_systick>:
100001d2:	be00      	bkpt	0x0000

100001d4 <__default_isrs_end>:
100001d4:	7188ebf2 	.word	0x7188ebf2
100001d8:	1000aeb4 	.word	0x1000aeb4
100001dc:	1000aed4 	.word	0x1000aed4
100001e0:	10000238 	.word	0x10000238
100001e4:	e71aa390 	.word	0xe71aa390

100001e8 <_entry_point>:
100001e8:	481e      	ldr	r0, [pc, #120]	@ (10000264 <data_cpy_table+0x2c>)

100001ea <_enter_vtable_in_r0>:
100001ea:	491f      	ldr	r1, [pc, #124]	@ (10000268 <data_cpy_table+0x30>)
100001ec:	6008      	str	r0, [r1, #0]
100001ee:	c806      	ldmia	r0!, {r1, r2}
100001f0:	f381 8808 	msr	MSP, r1
100001f4:	4710      	bx	r2

100001f6 <_reset_handler>:
100001f6:	481d      	ldr	r0, [pc, #116]	@ (1000026c <data_cpy_table+0x34>)
100001f8:	6800      	ldr	r0, [r0, #0]
100001fa:	2800      	cmp	r0, #0
100001fc:	d001      	beq.n	10000202 <hold_non_core0_in_bootrom+0x4>

100001fe <hold_non_core0_in_bootrom>:
100001fe:	4819      	ldr	r0, [pc, #100]	@ (10000264 <data_cpy_table+0x2c>)
10000200:	e7f3      	b.n	100001ea <_enter_vtable_in_r0>
10000202:	a40d      	add	r4, pc, #52	@ (adr r4, 10000238 <data_cpy_table>)
10000204:	cc0e      	ldmia	r4!, {r1, r2, r3}
10000206:	2900      	cmp	r1, #0
10000208:	d002      	beq.n	10000210 <hold_non_core0_in_bootrom+0x12>
1000020a:	f000 f812 	bl	10000232 <data_cpy>
1000020e:	e7f9      	b.n	10000204 <hold_non_core0_in_bootrom+0x6>
10000210:	4917      	ldr	r1, [pc, #92]	@ (10000270 <data_cpy_table+0x38>)
10000212:	4a18      	ldr	r2, [pc, #96]	@ (10000274 <data_cpy_table+0x3c>)
10000214:	2000      	movs	r0, #0
10000216:	e000      	b.n	1000021a <bss_fill_test>

10000218 <bss_fill_loop>:
10000218:	c101      	stmia	r1!, {r0}

1000021a <bss_fill_test>:
1000021a:	4291      	cmp	r1, r2
1000021c:	d1fc      	bne.n	10000218 <bss_fill_loop>

1000021e <platform_entry>:
1000021e:	4916      	ldr	r1, [pc, #88]	@ (10000278 <data_cpy_table+0x40>)
10000220:	4788      	blx	r1
10000222:	4916      	ldr	r1, [pc, #88]	@ (1000027c <data_cpy_table+0x44>)
10000224:	4788      	blx	r1
10000226:	4916      	ldr	r1, [pc, #88]	@ (10000280 <data_cpy_table+0x48>)
10000228:	4788      	blx	r1
1000022a:	be00      	bkpt	0x0000
1000022c:	e7fd      	b.n	1000022a <platform_entry+0xc>

1000022e <data_cpy_loop>:
1000022e:	c901      	ldmia	r1!, {r0}
10000230:	c201      	stmia	r2!, {r0}

10000232 <data_cpy>:
10000232:	429a      	cmp	r2, r3
10000234:	d3fb      	bcc.n	1000022e <data_cpy_loop>
10000236:	4770      	bx	lr

10000238 <data_cpy_table>:
10000238:	1000aed4 	.word	0x1000aed4
1000023c:	200000c0 	.word	0x200000c0
10000240:	20001368 	.word	0x20001368
10000244:	1000c17c 	.word	0x1000c17c
10000248:	20040000 	.word	0x20040000
1000024c:	20040000 	.word	0x20040000
10000250:	1000c17c 	.word	0x1000c17c
10000254:	20041000 	.word	0x20041000
10000258:	20041000 	.word	0x20041000
1000025c:	00000000 	.word	0x00000000
10000260:	4770      	bx	lr
10000262:	0000      	.short	0x0000
10000264:	00000000 	.word	0x00000000
10000268:	e000ed08 	.word	0xe000ed08
1000026c:	d0000000 	.word	0xd0000000
10000270:	20001368 	.word	0x20001368
10000274:	200023ec 	.word	0x200023ec
10000278:	10007529 	.word	0x10007529
1000027c:	100002d5 	.word	0x100002d5
10000280:	10007521 	.word	0x10007521

10000284 <_init>:
10000284:	b5f8      	push	{r3, r4, r5, r6, r7, lr}
10000286:	46c0      	nop			@ (mov r8, r8)

10000288 <register_tm_clones>:
10000288:	4806      	ldr	r0, [pc, #24]	@ (100002a4 <register_tm_clones+0x1c>)
1000028a:	4907      	ldr	r1, [pc, #28]	@ (100002a8 <register_tm_clones+0x20>)
1000028c:	1a09      	subs	r1, r1, r0
1000028e:	108b      	asrs	r3, r1, #2
10000290:	0fc9      	lsrs	r1, r1, #31
10000292:	18c9      	adds	r1, r1, r3
10000294:	b510      	push	{r4, lr}
10000296:	1049      	asrs	r1, r1, #1
10000298:	d003      	beq.n	100002a2 <register_tm_clones+0x1a>
1000029a:	4b04      	ldr	r3, [pc, #16]	@ (100002ac <register_tm_clones+0x24>)
1000029c:	2b00      	cmp	r3, #0
1000029e:	d000      	beq.n	100002a2 <register_tm_clones+0x1a>
100002a0:	4798      	blx	r3
100002a2:	bd10      	pop	{r4, pc}
100002a4:	20001368 	.word	0x20001368
100002a8:	20001368 	.word	0x20001368
100002ac:	00000000 	.word	0x00000000

100002b0 <frame_dummy>:
100002b0:	4b05      	ldr	r3, [pc, #20]	@ (100002c8 <frame_dummy+0x18>)
100002b2:	b510      	push	{r4, lr}
100002b4:	2b00      	cmp	r3, #0
100002b6:	d003      	beq.n	100002c0 <frame_dummy+0x10>
100002b8:	4904      	ldr	r1, [pc, #16]	@ (100002cc <frame_dummy+0x1c>)
100002ba:	4805      	ldr	r0, [pc, #20]	@ (100002d0 <frame_dummy+0x20>)
100002bc:	e000      	b.n	100002c0 <frame_dummy+0x10>
100002be:	bf00      	nop
100002c0:	f7ff ffe2 	bl	10000288 <register_tm_clones>
100002c4:	bd10      	pop	{r4, pc}
100002c6:	46c0      	nop			@ (mov r8, r8)
100002c8:	00000000 	.word	0x00000000
100002cc:	20002200 	.word	0x20002200
100002d0:	1000a6b4 	.word	0x1000a6b4

100002d4 <main>:
100002d4:	b5f0      	push	{r4, r5, r6, r7, lr}
100002d6:	46ce      	mov	lr, r9
100002d8:	4647      	mov	r7, r8
100002da:	b580      	push	{r7, lr}
100002dc:	b083      	sub	sp, #12
100002de:	f007 fa61 	bl	100077a4 <stdio_init_all>
100002e2:	20fa      	movs	r0, #250	@ 0xfa
100002e4:	0080      	lsls	r0, r0, #2
100002e6:	f004 f959 	bl	1000459c <sleep_ms>
100002ea:	f000 f871 	bl	100003d0 <vl53l0x_platform_init>
100002ee:	1e04      	subs	r4, r0, #0
100002f0:	d008      	beq.n	10000304 <main+0x30>
100002f2:	0021      	movs	r1, r4
100002f4:	481f      	ldr	r0, [pc, #124]	@ (10000374 <main+0xa0>)
100002f6:	f007 fb67 	bl	100079c8 <__wrap_printf>
100002fa:	20fa      	movs	r0, #250	@ 0xfa
100002fc:	0080      	lsls	r0, r0, #2
100002fe:	f004 f94d 	bl	1000459c <sleep_ms>
10000302:	e7fa      	b.n	100002fa <main+0x26>
10000304:	ad01      	add	r5, sp, #4
10000306:	481c      	ldr	r0, [pc, #112]	@ (10000378 <main+0xa4>)
10000308:	f007 fada 	bl	100078c0 <__wrap_puts>
1000030c:	0029      	movs	r1, r5
1000030e:	2064      	movs	r0, #100	@ 0x64
10000310:	802c      	strh	r4, [r5, #0]
10000312:	f000 f83f 	bl	10000394 <vl53_run_offset_cal_mm>
10000316:	1e01      	subs	r1, r0, #0
10000318:	d01b      	beq.n	10000352 <main+0x7e>
1000031a:	4818      	ldr	r0, [pc, #96]	@ (1000037c <main+0xa8>)
1000031c:	f007 fb54 	bl	100079c8 <__wrap_printf>
10000320:	466b      	mov	r3, sp
10000322:	1d9c      	adds	r4, r3, #6
10000324:	4b16      	ldr	r3, [pc, #88]	@ (10000380 <main+0xac>)
10000326:	2500      	movs	r5, #0
10000328:	4698      	mov	r8, r3
1000032a:	4b16      	ldr	r3, [pc, #88]	@ (10000384 <main+0xb0>)
1000032c:	4e16      	ldr	r6, [pc, #88]	@ (10000388 <main+0xb4>)
1000032e:	4699      	mov	r9, r3
10000330:	4f16      	ldr	r7, [pc, #88]	@ (1000038c <main+0xb8>)
10000332:	0030      	movs	r0, r6
10000334:	f007 fac4 	bl	100078c0 <__wrap_puts>
10000338:	f007 fa38 	bl	100077ac <__wrap_getchar>
1000033c:	0020      	movs	r0, r4
1000033e:	8025      	strh	r5, [r4, #0]
10000340:	f000 f8da 	bl	100004f8 <vl53_read_mm>
10000344:	1e01      	subs	r1, r0, #0
10000346:	d10a      	bne.n	1000035e <main+0x8a>
10000348:	0038      	movs	r0, r7
1000034a:	8821      	ldrh	r1, [r4, #0]
1000034c:	f007 fb3c 	bl	100079c8 <__wrap_printf>
10000350:	e7ef      	b.n	10000332 <main+0x5e>
10000352:	2300      	movs	r3, #0
10000354:	5ee9      	ldrsh	r1, [r5, r3]
10000356:	480e      	ldr	r0, [pc, #56]	@ (10000390 <main+0xbc>)
10000358:	f007 fb36 	bl	100079c8 <__wrap_printf>
1000035c:	e7e0      	b.n	10000320 <main+0x4c>
1000035e:	2800      	cmp	r0, #0
10000360:	dd03      	ble.n	1000036a <main+0x96>
10000362:	4640      	mov	r0, r8
10000364:	f007 fb30 	bl	100079c8 <__wrap_printf>
10000368:	e7e3      	b.n	10000332 <main+0x5e>
1000036a:	4648      	mov	r0, r9
1000036c:	f007 fb2c 	bl	100079c8 <__wrap_printf>
10000370:	e7df      	b.n	10000332 <main+0x5e>
10000372:	46c0      	nop			@ (mov r8, r8)
10000374:	1000a6b8 	.word	0x1000a6b8
10000378:	1000a6d0 	.word	0x1000a6d0
1000037c:	1000a704 	.word	0x1000a704
10000380:	1000a760 	.word	0x1000a760
10000384:	1000a778 	.word	0x1000a778
10000388:	1000a71c 	.word	0x1000a71c
1000038c:	1000a74c 	.word	0x1000a74c
10000390:	1000a6e0 	.word	0x1000a6e0

10000394 <vl53_run_offset_cal_mm>:
10000394:	2300      	movs	r3, #0
10000396:	b510      	push	{r4, lr}
10000398:	b082      	sub	sp, #8
1000039a:	000c      	movs	r4, r1
1000039c:	aa01      	add	r2, sp, #4
1000039e:	0401      	lsls	r1, r0, #16
100003a0:	4809      	ldr	r0, [pc, #36]	@ (100003c8 <vl53_run_offset_cal_mm+0x34>)
100003a2:	9301      	str	r3, [sp, #4]
100003a4:	f002 fe2e 	bl	10003004 <VL53L0X_perform_offset_calibration>
100003a8:	2800      	cmp	r0, #0
100003aa:	d10a      	bne.n	100003c2 <vl53_run_offset_cal_mm+0x2e>
100003ac:	2c00      	cmp	r4, #0
100003ae:	d005      	beq.n	100003bc <vl53_run_offset_cal_mm+0x28>
100003b0:	21fa      	movs	r1, #250	@ 0xfa
100003b2:	9801      	ldr	r0, [sp, #4]
100003b4:	0089      	lsls	r1, r1, #2
100003b6:	f004 fd75 	bl	10004ea4 <__wrap___aeabi_idiv>
100003ba:	8020      	strh	r0, [r4, #0]
100003bc:	2000      	movs	r0, #0
100003be:	b002      	add	sp, #8
100003c0:	bd10      	pop	{r4, pc}
100003c2:	4b02      	ldr	r3, [pc, #8]	@ (100003cc <vl53_run_offset_cal_mm+0x38>)
100003c4:	1a18      	subs	r0, r3, r0
100003c6:	e7fa      	b.n	100003be <vl53_run_offset_cal_mm+0x2a>
100003c8:	2000225c 	.word	0x2000225c
100003cc:	fffffeca 	.word	0xfffffeca

100003d0 <vl53l0x_platform_init>:
100003d0:	b530      	push	{r4, r5, lr}
100003d2:	b083      	sub	sp, #12
100003d4:	2300      	movs	r3, #0
100003d6:	466a      	mov	r2, sp
100003d8:	493d      	ldr	r1, [pc, #244]	@ (100004d0 <vl53l0x_platform_init+0x100>)
100003da:	483e      	ldr	r0, [pc, #248]	@ (100004d4 <vl53l0x_platform_init+0x104>)
100003dc:	7053      	strb	r3, [r2, #1]
100003de:	7093      	strb	r3, [r2, #2]
100003e0:	70d3      	strb	r3, [r2, #3]
100003e2:	9301      	str	r3, [sp, #4]
100003e4:	f009 fff0 	bl	1000a3c8 <i2c_init>
100003e8:	2103      	movs	r1, #3
100003ea:	2004      	movs	r0, #4
100003ec:	f003 fac2 	bl	10003974 <gpio_set_function>
100003f0:	2103      	movs	r1, #3
100003f2:	2005      	movs	r0, #5
100003f4:	f003 fabe 	bl	10003974 <gpio_set_function>
100003f8:	2200      	movs	r2, #0
100003fa:	2101      	movs	r1, #1
100003fc:	2004      	movs	r0, #4
100003fe:	f003 fad3 	bl	100039a8 <gpio_set_pulls>
10000402:	2101      	movs	r1, #1
10000404:	2200      	movs	r2, #0
10000406:	2005      	movs	r0, #5
10000408:	f003 face 	bl	100039a8 <gpio_set_pulls>
1000040c:	23c0      	movs	r3, #192	@ 0xc0
1000040e:	2229      	movs	r2, #41	@ 0x29
10000410:	4c31      	ldr	r4, [pc, #196]	@ (100004d8 <vl53l0x_platform_init+0x108>)
10000412:	005b      	lsls	r3, r3, #1
10000414:	200a      	movs	r0, #10
10000416:	54e2      	strb	r2, [r4, r3]
10000418:	f004 f8c0 	bl	1000459c <sleep_ms>
1000041c:	0020      	movs	r0, r4
1000041e:	f000 faa3 	bl	10000968 <VL53L0X_DataInit>
10000422:	1e05      	subs	r5, r0, #0
10000424:	d133      	bne.n	1000048e <vl53l0x_platform_init+0xbe>
10000426:	0020      	movs	r0, r4
10000428:	f000 fc46 	bl	10000cb8 <VL53L0X_StaticInit>
1000042c:	1e05      	subs	r5, r0, #0
1000042e:	d125      	bne.n	1000047c <vl53l0x_platform_init+0xac>
10000430:	466b      	mov	r3, sp
10000432:	0020      	movs	r0, r4
10000434:	1c5a      	adds	r2, r3, #1
10000436:	a901      	add	r1, sp, #4
10000438:	f001 f88a 	bl	10001550 <VL53L0X_PerformRefSpadManagement>
1000043c:	1e05      	subs	r5, r0, #0
1000043e:	d136      	bne.n	100004ae <vl53l0x_platform_init+0xde>
10000440:	466b      	mov	r3, sp
10000442:	0020      	movs	r0, r4
10000444:	1cda      	adds	r2, r3, #3
10000446:	1c99      	adds	r1, r3, #2
10000448:	f000 fe44 	bl	100010d4 <VL53L0X_PerformRefCalibration>
1000044c:	1e05      	subs	r5, r0, #0
1000044e:	d126      	bne.n	1000049e <vl53l0x_platform_init+0xce>
10000450:	2100      	movs	r1, #0
10000452:	0020      	movs	r0, r4
10000454:	f000 fbae 	bl	10000bb4 <VL53L0X_SetDeviceMode>
10000458:	1e05      	subs	r5, r0, #0
1000045a:	d130      	bne.n	100004be <vl53l0x_platform_init+0xee>
1000045c:	0020      	movs	r0, r4
1000045e:	491f      	ldr	r1, [pc, #124]	@ (100004dc <vl53l0x_platform_init+0x10c>)
10000460:	f000 fbb6 	bl	10000bd0 <VL53L0X_SetMeasurementTimingBudgetMicroSeconds>
10000464:	0004      	movs	r4, r0
10000466:	2000      	movs	r0, #0
10000468:	2c00      	cmp	r4, #0
1000046a:	d00e      	beq.n	1000048a <vl53l0x_platform_init+0xba>
1000046c:	0021      	movs	r1, r4
1000046e:	481c      	ldr	r0, [pc, #112]	@ (100004e0 <vl53l0x_platform_init+0x110>)
10000470:	f007 faaa 	bl	100079c8 <__wrap_printf>
10000474:	2096      	movs	r0, #150	@ 0x96
10000476:	4240      	negs	r0, r0
10000478:	1b00      	subs	r0, r0, r4
1000047a:	e006      	b.n	1000048a <vl53l0x_platform_init+0xba>
1000047c:	0029      	movs	r1, r5
1000047e:	4819      	ldr	r0, [pc, #100]	@ (100004e4 <vl53l0x_platform_init+0x114>)
10000480:	f007 faa2 	bl	100079c8 <__wrap_printf>
10000484:	206e      	movs	r0, #110	@ 0x6e
10000486:	4240      	negs	r0, r0
10000488:	1b40      	subs	r0, r0, r5
1000048a:	b003      	add	sp, #12
1000048c:	bd30      	pop	{r4, r5, pc}
1000048e:	0029      	movs	r1, r5
10000490:	4815      	ldr	r0, [pc, #84]	@ (100004e8 <vl53l0x_platform_init+0x118>)
10000492:	f007 fa99 	bl	100079c8 <__wrap_printf>
10000496:	2064      	movs	r0, #100	@ 0x64
10000498:	4240      	negs	r0, r0
1000049a:	1b40      	subs	r0, r0, r5
1000049c:	e7f5      	b.n	1000048a <vl53l0x_platform_init+0xba>
1000049e:	0029      	movs	r1, r5
100004a0:	4812      	ldr	r0, [pc, #72]	@ (100004ec <vl53l0x_platform_init+0x11c>)
100004a2:	f007 fa91 	bl	100079c8 <__wrap_printf>
100004a6:	2082      	movs	r0, #130	@ 0x82
100004a8:	4240      	negs	r0, r0
100004aa:	1b40      	subs	r0, r0, r5
100004ac:	e7ed      	b.n	1000048a <vl53l0x_platform_init+0xba>
100004ae:	0029      	movs	r1, r5
100004b0:	480f      	ldr	r0, [pc, #60]	@ (100004f0 <vl53l0x_platform_init+0x120>)
100004b2:	f007 fa89 	bl	100079c8 <__wrap_printf>
100004b6:	2078      	movs	r0, #120	@ 0x78
100004b8:	4240      	negs	r0, r0
100004ba:	1b40      	subs	r0, r0, r5
100004bc:	e7e5      	b.n	1000048a <vl53l0x_platform_init+0xba>
100004be:	0029      	movs	r1, r5
100004c0:	480c      	ldr	r0, [pc, #48]	@ (100004f4 <vl53l0x_platform_init+0x124>)
100004c2:	f007 fa81 	bl	100079c8 <__wrap_printf>
100004c6:	208c      	movs	r0, #140	@ 0x8c
100004c8:	4240      	negs	r0, r0
100004ca:	1b40      	subs	r0, r0, r5
100004cc:	e7dd      	b.n	1000048a <vl53l0x_platform_init+0xba>
100004ce:	46c0      	nop			@ (mov r8, r8)
100004d0:	000186a0 	.word	0x000186a0
100004d4:	20001358 	.word	0x20001358
100004d8:	2000225c 	.word	0x2000225c
100004dc:	000080e8 	.word	0x000080e8
100004e0:	1000a7d4 	.word	0x1000a7d4
100004e4:	1000a7a0 	.word	0x1000a7a0
100004e8:	1000a790 	.word	0x1000a790
100004ec:	1000a7bc 	.word	0x1000a7bc
100004f0:	1000a7b0 	.word	0x1000a7b0
100004f4:	1000a7c8 	.word	0x1000a7c8

100004f8 <vl53_read_mm>:
100004f8:	b530      	push	{r4, r5, lr}
100004fa:	0004      	movs	r4, r0
100004fc:	b089      	sub	sp, #36	@ 0x24
100004fe:	2800      	cmp	r0, #0
10000500:	d01a      	beq.n	10000538 <vl53_read_mm+0x40>
10000502:	ad01      	add	r5, sp, #4
10000504:	2100      	movs	r1, #0
10000506:	221c      	movs	r2, #28
10000508:	0028      	movs	r0, r5
1000050a:	f005 fb81 	bl	10005c10 <__wrap_memset>
1000050e:	0029      	movs	r1, r5
10000510:	480b      	ldr	r0, [pc, #44]	@ (10000540 <vl53_read_mm+0x48>)
10000512:	f000 ffa3 	bl	1000145c <VL53L0X_PerformSingleRangingMeasurement>
10000516:	2800      	cmp	r0, #0
10000518:	d10a      	bne.n	10000530 <vl53_read_mm+0x38>
1000051a:	7e2b      	ldrb	r3, [r5, #24]
1000051c:	2b00      	cmp	r3, #0
1000051e:	d104      	bne.n	1000052a <vl53_read_mm+0x32>
10000520:	2000      	movs	r0, #0
10000522:	892b      	ldrh	r3, [r5, #8]
10000524:	8023      	strh	r3, [r4, #0]
10000526:	b009      	add	sp, #36	@ 0x24
10000528:	bd30      	pop	{r4, r5, pc}
1000052a:	8020      	strh	r0, [r4, #0]
1000052c:	0018      	movs	r0, r3
1000052e:	e7fa      	b.n	10000526 <vl53_read_mm+0x2e>
10000530:	23c8      	movs	r3, #200	@ 0xc8
10000532:	425b      	negs	r3, r3
10000534:	1a18      	subs	r0, r3, r0
10000536:	e7f6      	b.n	10000526 <vl53_read_mm+0x2e>
10000538:	2001      	movs	r0, #1
1000053a:	4240      	negs	r0, r0
1000053c:	e7f3      	b.n	10000526 <vl53_read_mm+0x2e>
1000053e:	46c0      	nop			@ (mov r8, r8)
10000540:	2000225c 	.word	0x2000225c

10000544 <VL53L0X_WriteMulti>:
10000544:	b5f0      	push	{r4, r5, r6, r7, lr}
10000546:	b083      	sub	sp, #12
10000548:	466e      	mov	r6, sp
1000054a:	0004      	movs	r4, r0
1000054c:	1c5d      	adds	r5, r3, #1
1000054e:	0008      	movs	r0, r1
10000550:	0011      	movs	r1, r2
10000552:	001a      	movs	r2, r3
10000554:	3308      	adds	r3, #8
10000556:	08db      	lsrs	r3, r3, #3
10000558:	00db      	lsls	r3, r3, #3
1000055a:	1af3      	subs	r3, r6, r3
1000055c:	af02      	add	r7, sp, #8
1000055e:	469d      	mov	sp, r3
10000560:	ae02      	add	r6, sp, #8
10000562:	7030      	strb	r0, [r6, #0]
10000564:	2009      	movs	r0, #9
10000566:	4468      	add	r0, sp
10000568:	f005 fb58 	bl	10005c1c <__wrap___aeabi_memcpy>
1000056c:	23c0      	movs	r3, #192	@ 0xc0
1000056e:	005b      	lsls	r3, r3, #1
10000570:	5ce1      	ldrb	r1, [r4, r3]
10000572:	2300      	movs	r3, #0
10000574:	0032      	movs	r2, r6
10000576:	9300      	str	r3, [sp, #0]
10000578:	4805      	ldr	r0, [pc, #20]	@ (10000590 <VL53L0X_WriteMulti+0x4c>)
1000057a:	002b      	movs	r3, r5
1000057c:	f009 ff4c 	bl	1000a418 <i2c_write_blocking>
10000580:	43c0      	mvns	r0, r0
10000582:	2314      	movs	r3, #20
10000584:	46bd      	mov	sp, r7
10000586:	17c0      	asrs	r0, r0, #31
10000588:	4018      	ands	r0, r3
1000058a:	3814      	subs	r0, #20
1000058c:	b001      	add	sp, #4
1000058e:	bdf0      	pop	{r4, r5, r6, r7, pc}
10000590:	20001358 	.word	0x20001358

10000594 <VL53L0X_ReadMulti>:
10000594:	b5f0      	push	{r4, r5, r6, r7, lr}
10000596:	46c6      	mov	lr, r8
10000598:	0015      	movs	r5, r2
1000059a:	220f      	movs	r2, #15
1000059c:	001e      	movs	r6, r3
1000059e:	23c0      	movs	r3, #192	@ 0xc0
100005a0:	b500      	push	{lr}
100005a2:	b084      	sub	sp, #16
100005a4:	446a      	add	r2, sp
100005a6:	005b      	lsls	r3, r3, #1
100005a8:	7011      	strb	r1, [r2, #0]
100005aa:	5cc1      	ldrb	r1, [r0, r3]
100005ac:	4698      	mov	r8, r3
100005ae:	4f0e      	ldr	r7, [pc, #56]	@ (100005e8 <VL53L0X_ReadMulti+0x54>)
100005b0:	3b80      	subs	r3, #128	@ 0x80
100005b2:	3bff      	subs	r3, #255	@ 0xff
100005b4:	0004      	movs	r4, r0
100005b6:	9300      	str	r3, [sp, #0]
100005b8:	0038      	movs	r0, r7
100005ba:	f009 ff2d 	bl	1000a418 <i2c_write_blocking>
100005be:	2800      	cmp	r0, #0
100005c0:	db0f      	blt.n	100005e2 <VL53L0X_ReadMulti+0x4e>
100005c2:	4643      	mov	r3, r8
100005c4:	5ce1      	ldrb	r1, [r4, r3]
100005c6:	2300      	movs	r3, #0
100005c8:	002a      	movs	r2, r5
100005ca:	9300      	str	r3, [sp, #0]
100005cc:	0038      	movs	r0, r7
100005ce:	0033      	movs	r3, r6
100005d0:	f009 ff2c 	bl	1000a42c <i2c_read_blocking>
100005d4:	2800      	cmp	r0, #0
100005d6:	db04      	blt.n	100005e2 <VL53L0X_ReadMulti+0x4e>
100005d8:	2000      	movs	r0, #0
100005da:	b004      	add	sp, #16
100005dc:	bc80      	pop	{r7}
100005de:	46b8      	mov	r8, r7
100005e0:	bdf0      	pop	{r4, r5, r6, r7, pc}
100005e2:	2014      	movs	r0, #20
100005e4:	4240      	negs	r0, r0
100005e6:	e7f8      	b.n	100005da <VL53L0X_ReadMulti+0x46>
100005e8:	20001358 	.word	0x20001358

100005ec <VL53L0X_WrByte>:
100005ec:	0013      	movs	r3, r2
100005ee:	b500      	push	{lr}
100005f0:	b085      	sub	sp, #20
100005f2:	aa03      	add	r2, sp, #12
100005f4:	7053      	strb	r3, [r2, #1]
100005f6:	23c0      	movs	r3, #192	@ 0xc0
100005f8:	7011      	strb	r1, [r2, #0]
100005fa:	005b      	lsls	r3, r3, #1
100005fc:	5cc1      	ldrb	r1, [r0, r3]
100005fe:	2300      	movs	r3, #0
10000600:	4805      	ldr	r0, [pc, #20]	@ (10000618 <VL53L0X_WrByte+0x2c>)
10000602:	9300      	str	r3, [sp, #0]
10000604:	3302      	adds	r3, #2
10000606:	f009 ff07 	bl	1000a418 <i2c_write_blocking>
1000060a:	43c0      	mvns	r0, r0
1000060c:	2314      	movs	r3, #20
1000060e:	17c0      	asrs	r0, r0, #31
10000610:	4018      	ands	r0, r3
10000612:	3814      	subs	r0, #20
10000614:	b005      	add	sp, #20
10000616:	bd00      	pop	{pc}
10000618:	20001358 	.word	0x20001358

1000061c <VL53L0X_WrWord>:
1000061c:	0013      	movs	r3, r2
1000061e:	b500      	push	{lr}
10000620:	b085      	sub	sp, #20
10000622:	aa03      	add	r2, sp, #12
10000624:	7011      	strb	r1, [r2, #0]
10000626:	7093      	strb	r3, [r2, #2]
10000628:	0a19      	lsrs	r1, r3, #8
1000062a:	23c0      	movs	r3, #192	@ 0xc0
1000062c:	7051      	strb	r1, [r2, #1]
1000062e:	005b      	lsls	r3, r3, #1
10000630:	5cc1      	ldrb	r1, [r0, r3]
10000632:	2300      	movs	r3, #0
10000634:	4805      	ldr	r0, [pc, #20]	@ (1000064c <VL53L0X_WrWord+0x30>)
10000636:	9300      	str	r3, [sp, #0]
10000638:	3303      	adds	r3, #3
1000063a:	f009 feed 	bl	1000a418 <i2c_write_blocking>
1000063e:	43c0      	mvns	r0, r0
10000640:	2314      	movs	r3, #20
10000642:	17c0      	asrs	r0, r0, #31
10000644:	4018      	ands	r0, r3
10000646:	3814      	subs	r0, #20
10000648:	b005      	add	sp, #20
1000064a:	bd00      	pop	{pc}
1000064c:	20001358 	.word	0x20001358

10000650 <VL53L0X_RdByte>:
10000650:	b5f0      	push	{r4, r5, r6, r7, lr}
10000652:	0015      	movs	r5, r2
10000654:	220f      	movs	r2, #15
10000656:	27c0      	movs	r7, #192	@ 0xc0
10000658:	2301      	movs	r3, #1
1000065a:	b085      	sub	sp, #20
1000065c:	4e0d      	ldr	r6, [pc, #52]	@ (10000694 <VL53L0X_RdByte+0x44>)
1000065e:	446a      	add	r2, sp
10000660:	7011      	strb	r1, [r2, #0]
10000662:	007f      	lsls	r7, r7, #1
10000664:	5dc1      	ldrb	r1, [r0, r7]
10000666:	0004      	movs	r4, r0
10000668:	9300      	str	r3, [sp, #0]
1000066a:	0030      	movs	r0, r6
1000066c:	f009 fed4 	bl	1000a418 <i2c_write_blocking>
10000670:	2800      	cmp	r0, #0
10000672:	db0c      	blt.n	1000068e <VL53L0X_RdByte+0x3e>
10000674:	2300      	movs	r3, #0
10000676:	5de1      	ldrb	r1, [r4, r7]
10000678:	002a      	movs	r2, r5
1000067a:	9300      	str	r3, [sp, #0]
1000067c:	0030      	movs	r0, r6
1000067e:	3301      	adds	r3, #1
10000680:	f009 fed4 	bl	1000a42c <i2c_read_blocking>
10000684:	2800      	cmp	r0, #0
10000686:	db02      	blt.n	1000068e <VL53L0X_RdByte+0x3e>
10000688:	2000      	movs	r0, #0
1000068a:	b005      	add	sp, #20
1000068c:	bdf0      	pop	{r4, r5, r6, r7, pc}
1000068e:	2014      	movs	r0, #20
10000690:	4240      	negs	r0, r0
10000692:	e7fa      	b.n	1000068a <VL53L0X_RdByte+0x3a>
10000694:	20001358 	.word	0x20001358

10000698 <VL53L0X_RdWord>:
10000698:	b5f0      	push	{r4, r5, r6, r7, lr}
1000069a:	46c6      	mov	lr, r8
1000069c:	0015      	movs	r5, r2
1000069e:	220b      	movs	r2, #11
100006a0:	27c0      	movs	r7, #192	@ 0xc0
100006a2:	2301      	movs	r3, #1
100006a4:	b500      	push	{lr}
100006a6:	b084      	sub	sp, #16
100006a8:	4e11      	ldr	r6, [pc, #68]	@ (100006f0 <VL53L0X_RdWord+0x58>)
100006aa:	446a      	add	r2, sp
100006ac:	7011      	strb	r1, [r2, #0]
100006ae:	007f      	lsls	r7, r7, #1
100006b0:	5dc1      	ldrb	r1, [r0, r7]
100006b2:	0004      	movs	r4, r0
100006b4:	9300      	str	r3, [sp, #0]
100006b6:	0030      	movs	r0, r6
100006b8:	f009 feae 	bl	1000a418 <i2c_write_blocking>
100006bc:	ab03      	add	r3, sp, #12
100006be:	4698      	mov	r8, r3
100006c0:	2800      	cmp	r0, #0
100006c2:	db12      	blt.n	100006ea <VL53L0X_RdWord+0x52>
100006c4:	2300      	movs	r3, #0
100006c6:	5de1      	ldrb	r1, [r4, r7]
100006c8:	4642      	mov	r2, r8
100006ca:	9300      	str	r3, [sp, #0]
100006cc:	0030      	movs	r0, r6
100006ce:	3302      	adds	r3, #2
100006d0:	f009 feac 	bl	1000a42c <i2c_read_blocking>
100006d4:	2800      	cmp	r0, #0
100006d6:	db08      	blt.n	100006ea <VL53L0X_RdWord+0x52>
100006d8:	2000      	movs	r0, #0
100006da:	4643      	mov	r3, r8
100006dc:	881b      	ldrh	r3, [r3, #0]
100006de:	ba5b      	rev16	r3, r3
100006e0:	802b      	strh	r3, [r5, #0]
100006e2:	b004      	add	sp, #16
100006e4:	bc80      	pop	{r7}
100006e6:	46b8      	mov	r8, r7
100006e8:	bdf0      	pop	{r4, r5, r6, r7, pc}
100006ea:	2014      	movs	r0, #20
100006ec:	4240      	negs	r0, r0
100006ee:	e7f4      	b.n	100006da <VL53L0X_RdWord+0x42>
100006f0:	20001358 	.word	0x20001358

100006f4 <VL53L0X_RdDWord>:
100006f4:	b5f0      	push	{r4, r5, r6, r7, lr}
100006f6:	0015      	movs	r5, r2
100006f8:	220b      	movs	r2, #11
100006fa:	27c0      	movs	r7, #192	@ 0xc0
100006fc:	2301      	movs	r3, #1
100006fe:	b085      	sub	sp, #20
10000700:	4e0f      	ldr	r6, [pc, #60]	@ (10000740 <VL53L0X_RdDWord+0x4c>)
10000702:	446a      	add	r2, sp
10000704:	7011      	strb	r1, [r2, #0]
10000706:	007f      	lsls	r7, r7, #1
10000708:	5dc1      	ldrb	r1, [r0, r7]
1000070a:	0004      	movs	r4, r0
1000070c:	9300      	str	r3, [sp, #0]
1000070e:	0030      	movs	r0, r6
10000710:	f009 fe82 	bl	1000a418 <i2c_write_blocking>
10000714:	2800      	cmp	r0, #0
10000716:	db0f      	blt.n	10000738 <VL53L0X_RdDWord+0x44>
10000718:	2300      	movs	r3, #0
1000071a:	5de1      	ldrb	r1, [r4, r7]
1000071c:	0030      	movs	r0, r6
1000071e:	9300      	str	r3, [sp, #0]
10000720:	aa03      	add	r2, sp, #12
10000722:	3304      	adds	r3, #4
10000724:	f009 fe82 	bl	1000a42c <i2c_read_blocking>
10000728:	2800      	cmp	r0, #0
1000072a:	db05      	blt.n	10000738 <VL53L0X_RdDWord+0x44>
1000072c:	2000      	movs	r0, #0
1000072e:	9b03      	ldr	r3, [sp, #12]
10000730:	ba1b      	rev	r3, r3
10000732:	602b      	str	r3, [r5, #0]
10000734:	b005      	add	sp, #20
10000736:	bdf0      	pop	{r4, r5, r6, r7, pc}
10000738:	2014      	movs	r0, #20
1000073a:	4240      	negs	r0, r0
1000073c:	e7f7      	b.n	1000072e <VL53L0X_RdDWord+0x3a>
1000073e:	46c0      	nop			@ (mov r8, r8)
10000740:	20001358 	.word	0x20001358

10000744 <VL53L0X_UpdateByte>:
10000744:	b5f0      	push	{r4, r5, r6, r7, lr}
10000746:	464e      	mov	r6, r9
10000748:	4645      	mov	r5, r8
1000074a:	4657      	mov	r7, sl
1000074c:	46de      	mov	lr, fp
1000074e:	4699      	mov	r9, r3
10000750:	4b22      	ldr	r3, [pc, #136]	@ (100007dc <VL53L0X_UpdateByte+0x98>)
10000752:	b5e0      	push	{r5, r6, r7, lr}
10000754:	27c0      	movs	r7, #192	@ 0xc0
10000756:	4698      	mov	r8, r3
10000758:	2301      	movs	r3, #1
1000075a:	b087      	sub	sp, #28
1000075c:	ad05      	add	r5, sp, #20
1000075e:	9203      	str	r2, [sp, #12]
10000760:	7029      	strb	r1, [r5, #0]
10000762:	007f      	lsls	r7, r7, #1
10000764:	0004      	movs	r4, r0
10000766:	000e      	movs	r6, r1
10000768:	002a      	movs	r2, r5
1000076a:	5dc1      	ldrb	r1, [r0, r7]
1000076c:	4640      	mov	r0, r8
1000076e:	9300      	str	r3, [sp, #0]
10000770:	f009 fe52 	bl	1000a418 <i2c_write_blocking>
10000774:	2800      	cmp	r0, #0
10000776:	db2e      	blt.n	100007d6 <VL53L0X_UpdateByte+0x92>
10000778:	aa02      	add	r2, sp, #8
1000077a:	4694      	mov	ip, r2
1000077c:	230b      	movs	r3, #11
1000077e:	4463      	add	r3, ip
10000780:	469a      	mov	sl, r3
10000782:	2300      	movs	r3, #0
10000784:	5de1      	ldrb	r1, [r4, r7]
10000786:	469b      	mov	fp, r3
10000788:	9300      	str	r3, [sp, #0]
1000078a:	4652      	mov	r2, sl
1000078c:	4640      	mov	r0, r8
1000078e:	3301      	adds	r3, #1
10000790:	f009 fe4c 	bl	1000a42c <i2c_read_blocking>
10000794:	2800      	cmp	r0, #0
10000796:	db1e      	blt.n	100007d6 <VL53L0X_UpdateByte+0x92>
10000798:	4653      	mov	r3, sl
1000079a:	9a03      	ldr	r2, [sp, #12]
1000079c:	781b      	ldrb	r3, [r3, #0]
1000079e:	702e      	strb	r6, [r5, #0]
100007a0:	4013      	ands	r3, r2
100007a2:	464a      	mov	r2, r9
100007a4:	431a      	orrs	r2, r3
100007a6:	0013      	movs	r3, r2
100007a8:	4652      	mov	r2, sl
100007aa:	706b      	strb	r3, [r5, #1]
100007ac:	7013      	strb	r3, [r2, #0]
100007ae:	465b      	mov	r3, fp
100007b0:	5de1      	ldrb	r1, [r4, r7]
100007b2:	002a      	movs	r2, r5
100007b4:	9300      	str	r3, [sp, #0]
100007b6:	4640      	mov	r0, r8
100007b8:	3302      	adds	r3, #2
100007ba:	f009 fe2d 	bl	1000a418 <i2c_write_blocking>
100007be:	43c0      	mvns	r0, r0
100007c0:	2314      	movs	r3, #20
100007c2:	17c0      	asrs	r0, r0, #31
100007c4:	4018      	ands	r0, r3
100007c6:	3814      	subs	r0, #20
100007c8:	b007      	add	sp, #28
100007ca:	bcf0      	pop	{r4, r5, r6, r7}
100007cc:	46bb      	mov	fp, r7
100007ce:	46b2      	mov	sl, r6
100007d0:	46a9      	mov	r9, r5
100007d2:	46a0      	mov	r8, r4
100007d4:	bdf0      	pop	{r4, r5, r6, r7, pc}
100007d6:	2014      	movs	r0, #20
100007d8:	4240      	negs	r0, r0
100007da:	e7f5      	b.n	100007c8 <VL53L0X_UpdateByte+0x84>
100007dc:	20001358 	.word	0x20001358

100007e0 <VL53L0X_PollingDelay>:
100007e0:	b510      	push	{r4, lr}
100007e2:	2005      	movs	r0, #5
100007e4:	f003 feda 	bl	1000459c <sleep_ms>
100007e8:	2000      	movs	r0, #0
100007ea:	bd10      	pop	{r4, pc}

100007ec <VL53L0X_SetOffsetCalibrationDataMicroMeter>:
100007ec:	b510      	push	{r4, lr}
100007ee:	f002 fc83 	bl	100030f8 <VL53L0X_set_offset_calibration_data_micro_meter>
100007f2:	bd10      	pop	{r4, pc}

100007f4 <VL53L0X_GetDeviceParameters>:
100007f4:	b5f0      	push	{r4, r5, r6, r7, lr}
100007f6:	46de      	mov	lr, fp
100007f8:	464e      	mov	r6, r9
100007fa:	4645      	mov	r5, r8
100007fc:	4657      	mov	r7, sl
100007fe:	b5e0      	push	{r5, r6, r7, lr}
10000800:	7a03      	ldrb	r3, [r0, #8]
10000802:	b083      	sub	sp, #12
10000804:	700b      	strb	r3, [r1, #0]
10000806:	466b      	mov	r3, sp
10000808:	000e      	movs	r6, r1
1000080a:	1c9a      	adds	r2, r3, #2
1000080c:	21f8      	movs	r1, #248	@ 0xf8
1000080e:	0005      	movs	r5, r0
10000810:	f7ff ff42 	bl	10000698 <VL53L0X_RdWord>
10000814:	1e04      	subs	r4, r0, #0
10000816:	d007      	beq.n	10000828 <VL53L0X_GetDeviceParameters+0x34>
10000818:	0020      	movs	r0, r4
1000081a:	b003      	add	sp, #12
1000081c:	bcf0      	pop	{r4, r5, r6, r7}
1000081e:	46bb      	mov	fp, r7
10000820:	46b2      	mov	sl, r6
10000822:	46a9      	mov	r9, r5
10000824:	46a0      	mov	r8, r4
10000826:	bdf0      	pop	{r4, r5, r6, r7, pc}
10000828:	ab01      	add	r3, sp, #4
1000082a:	001a      	movs	r2, r3
1000082c:	2104      	movs	r1, #4
1000082e:	0028      	movs	r0, r5
10000830:	4698      	mov	r8, r3
10000832:	f7ff ff5f 	bl	100006f4 <VL53L0X_RdDWord>
10000836:	1e04      	subs	r4, r0, #0
10000838:	d1ee      	bne.n	10000818 <VL53L0X_GetDeviceParameters+0x24>
1000083a:	466b      	mov	r3, sp
1000083c:	8859      	ldrh	r1, [r3, #2]
1000083e:	2900      	cmp	r1, #0
10000840:	d160      	bne.n	10000904 <VL53L0X_GetDeviceParameters+0x110>
10000842:	68b0      	ldr	r0, [r6, #8]
10000844:	2300      	movs	r3, #0
10000846:	6128      	str	r0, [r5, #16]
10000848:	4642      	mov	r2, r8
1000084a:	2120      	movs	r1, #32
1000084c:	0028      	movs	r0, r5
1000084e:	7333      	strb	r3, [r6, #12]
10000850:	f7ff ff22 	bl	10000698 <VL53L0X_RdWord>
10000854:	1e04      	subs	r4, r0, #0
10000856:	d1df      	bne.n	10000818 <VL53L0X_GetDeviceParameters+0x24>
10000858:	4643      	mov	r3, r8
1000085a:	881b      	ldrh	r3, [r3, #0]
1000085c:	2b00      	cmp	r3, #0
1000085e:	d156      	bne.n	1000090e <VL53L0X_GetDeviceParameters+0x11a>
10000860:	69ab      	ldr	r3, [r5, #24]
10000862:	6133      	str	r3, [r6, #16]
10000864:	2300      	movs	r3, #0
10000866:	0031      	movs	r1, r6
10000868:	0028      	movs	r0, r5
1000086a:	752b      	strb	r3, [r5, #20]
1000086c:	3114      	adds	r1, #20
1000086e:	f002 fc69 	bl	10003144 <VL53L0X_get_offset_calibration_data_micro_meter>
10000872:	1e04      	subs	r4, r0, #0
10000874:	d1d0      	bne.n	10000818 <VL53L0X_GetDeviceParameters+0x24>
10000876:	2220      	movs	r2, #32
10000878:	2324      	movs	r3, #36	@ 0x24
1000087a:	4693      	mov	fp, r2
1000087c:	3a08      	subs	r2, #8
1000087e:	4699      	mov	r9, r3
10000880:	4692      	mov	sl, r2
10000882:	2700      	movs	r7, #0
10000884:	6aeb      	ldr	r3, [r5, #44]	@ 0x2c
10000886:	44b1      	add	r9, r6
10000888:	44ab      	add	fp, r5
1000088a:	44b2      	add	sl, r6
1000088c:	464a      	mov	r2, r9
1000088e:	c208      	stmia	r2!, {r3}
10000890:	465b      	mov	r3, fp
10000892:	4691      	mov	r9, r2
10000894:	4652      	mov	r2, sl
10000896:	5ddb      	ldrb	r3, [r3, r7]
10000898:	55d3      	strb	r3, [r2, r7]
1000089a:	3701      	adds	r7, #1
1000089c:	2f06      	cmp	r7, #6
1000089e:	d03b      	beq.n	10000918 <VL53L0X_GetDeviceParameters+0x124>
100008a0:	2f03      	cmp	r7, #3
100008a2:	d010      	beq.n	100008c6 <VL53L0X_GetDeviceParameters+0xd2>
100008a4:	dc04      	bgt.n	100008b0 <VL53L0X_GetDeviceParameters+0xbc>
100008a6:	2f01      	cmp	r7, #1
100008a8:	d00f      	beq.n	100008ca <VL53L0X_GetDeviceParameters+0xd6>
100008aa:	2702      	movs	r7, #2
100008ac:	6b6b      	ldr	r3, [r5, #52]	@ 0x34
100008ae:	e7ed      	b.n	1000088c <VL53L0X_GetDeviceParameters+0x98>
100008b0:	4642      	mov	r2, r8
100008b2:	2164      	movs	r1, #100	@ 0x64
100008b4:	0028      	movs	r0, r5
100008b6:	f7ff feef 	bl	10000698 <VL53L0X_RdWord>
100008ba:	1e04      	subs	r4, r0, #0
100008bc:	d1ac      	bne.n	10000818 <VL53L0X_GetDeviceParameters+0x24>
100008be:	4643      	mov	r3, r8
100008c0:	881b      	ldrh	r3, [r3, #0]
100008c2:	025b      	lsls	r3, r3, #9
100008c4:	e7e2      	b.n	1000088c <VL53L0X_GetDeviceParameters+0x98>
100008c6:	6bab      	ldr	r3, [r5, #56]	@ 0x38
100008c8:	e7e0      	b.n	1000088c <VL53L0X_GetDeviceParameters+0x98>
100008ca:	4642      	mov	r2, r8
100008cc:	2144      	movs	r1, #68	@ 0x44
100008ce:	0028      	movs	r0, r5
100008d0:	f7ff fee2 	bl	10000698 <VL53L0X_RdWord>
100008d4:	1e04      	subs	r4, r0, #0
100008d6:	d19f      	bne.n	10000818 <VL53L0X_GetDeviceParameters+0x24>
100008d8:	4643      	mov	r3, r8
100008da:	881b      	ldrh	r3, [r3, #0]
100008dc:	025a      	lsls	r2, r3, #9
100008de:	2b00      	cmp	r3, #0
100008e0:	d10c      	bne.n	100008fc <VL53L0X_GetDeviceParameters+0x108>
100008e2:	6b2b      	ldr	r3, [r5, #48]	@ 0x30
100008e4:	62b3      	str	r3, [r6, #40]	@ 0x28
100008e6:	2300      	movs	r3, #0
100008e8:	2221      	movs	r2, #33	@ 0x21
100008ea:	54ab      	strb	r3, [r5, r2]
100008ec:	465b      	mov	r3, fp
100008ee:	4652      	mov	r2, sl
100008f0:	785b      	ldrb	r3, [r3, #1]
100008f2:	7053      	strb	r3, [r2, #1]
100008f4:	2304      	movs	r3, #4
100008f6:	469c      	mov	ip, r3
100008f8:	44e1      	add	r9, ip
100008fa:	e7d6      	b.n	100008aa <VL53L0X_GetDeviceParameters+0xb6>
100008fc:	62b2      	str	r2, [r6, #40]	@ 0x28
100008fe:	2301      	movs	r3, #1
10000900:	632a      	str	r2, [r5, #48]	@ 0x30
10000902:	e7f1      	b.n	100008e8 <VL53L0X_GetDeviceParameters+0xf4>
10000904:	9801      	ldr	r0, [sp, #4]
10000906:	f004 faf5 	bl	10004ef4 <__wrap___aeabi_uidiv>
1000090a:	60b0      	str	r0, [r6, #8]
1000090c:	e79a      	b.n	10000844 <VL53L0X_GetDeviceParameters+0x50>
1000090e:	00db      	lsls	r3, r3, #3
10000910:	6133      	str	r3, [r6, #16]
10000912:	61ab      	str	r3, [r5, #24]
10000914:	2301      	movs	r3, #1
10000916:	e7a6      	b.n	10000866 <VL53L0X_GetDeviceParameters+0x72>
10000918:	4642      	mov	r2, r8
1000091a:	2101      	movs	r1, #1
1000091c:	0028      	movs	r0, r5
1000091e:	f7ff fe97 	bl	10000650 <VL53L0X_RdByte>
10000922:	1e04      	subs	r4, r0, #0
10000924:	d000      	beq.n	10000928 <VL53L0X_GetDeviceParameters+0x134>
10000926:	e777      	b.n	10000818 <VL53L0X_GetDeviceParameters+0x24>
10000928:	4643      	mov	r3, r8
1000092a:	22ae      	movs	r2, #174	@ 0xae
1000092c:	781b      	ldrb	r3, [r3, #0]
1000092e:	0052      	lsls	r2, r2, #1
10000930:	54ab      	strb	r3, [r5, r2]
10000932:	09db      	lsrs	r3, r3, #7
10000934:	3ae8      	subs	r2, #232	@ 0xe8
10000936:	54b3      	strb	r3, [r6, r2]
10000938:	3208      	adds	r2, #8
1000093a:	0028      	movs	r0, r5
1000093c:	54ab      	strb	r3, [r5, r2]
1000093e:	1d31      	adds	r1, r6, #4
10000940:	f001 fde8 	bl	10002514 <VL53L0X_get_measurement_timing_budget_micro_seconds>
10000944:	1e04      	subs	r4, r0, #0
10000946:	d000      	beq.n	1000094a <VL53L0X_GetDeviceParameters+0x156>
10000948:	e766      	b.n	10000818 <VL53L0X_GetDeviceParameters+0x24>
1000094a:	0029      	movs	r1, r5
1000094c:	0030      	movs	r0, r6
1000094e:	221c      	movs	r2, #28
10000950:	3144      	adds	r1, #68	@ 0x44
10000952:	303c      	adds	r0, #60	@ 0x3c
10000954:	f009 fd74 	bl	1000a440 <memmove>
10000958:	0029      	movs	r1, r5
1000095a:	0030      	movs	r0, r6
1000095c:	221c      	movs	r2, #28
1000095e:	3160      	adds	r1, #96	@ 0x60
10000960:	3058      	adds	r0, #88	@ 0x58
10000962:	f009 fd6d 	bl	1000a440 <memmove>
10000966:	e757      	b.n	10000818 <VL53L0X_GetDeviceParameters+0x24>

10000968 <VL53L0X_DataInit>:
10000968:	b5f0      	push	{r4, r5, r6, r7, lr}
1000096a:	46ce      	mov	lr, r9
1000096c:	4647      	mov	r7, r8
1000096e:	b580      	push	{r7, lr}
10000970:	2200      	movs	r2, #0
10000972:	b0a1      	sub	sp, #132	@ 0x84
10000974:	2188      	movs	r1, #136	@ 0x88
10000976:	0005      	movs	r5, r0
10000978:	f7ff fe38 	bl	100005ec <VL53L0X_WrByte>
1000097c:	228e      	movs	r2, #142	@ 0x8e
1000097e:	2300      	movs	r3, #0
10000980:	21fa      	movs	r1, #250	@ 0xfa
10000982:	0052      	lsls	r2, r2, #1
10000984:	54ab      	strb	r3, [r5, r2]
10000986:	0089      	lsls	r1, r1, #2
10000988:	3262      	adds	r2, #98	@ 0x62
1000098a:	52a9      	strh	r1, [r5, r2]
1000098c:	4980      	ldr	r1, [pc, #512]	@ (10000b90 <VL53L0X_DataInit+0x228>)
1000098e:	3a7e      	subs	r2, #126	@ 0x7e
10000990:	ae02      	add	r6, sp, #8
10000992:	50a9      	str	r1, [r5, r2]
10000994:	0028      	movs	r0, r5
10000996:	0031      	movs	r1, r6
10000998:	61ab      	str	r3, [r5, #24]
1000099a:	f7ff ff2b 	bl	100007f4 <VL53L0X_GetDeviceParameters>
1000099e:	1e04      	subs	r4, r0, #0
100009a0:	d128      	bne.n	100009f4 <VL53L0X_DataInit+0x8c>
100009a2:	2396      	movs	r3, #150	@ 0x96
100009a4:	04db      	lsls	r3, r3, #19
100009a6:	65b3      	str	r3, [r6, #88]	@ 0x58
100009a8:	4b7a      	ldr	r3, [pc, #488]	@ (10000b94 <VL53L0X_DataInit+0x22c>)
100009aa:	8030      	strh	r0, [r6, #0]
100009ac:	6433      	str	r3, [r6, #64]	@ 0x40
100009ae:	4b7a      	ldr	r3, [pc, #488]	@ (10000b98 <VL53L0X_DataInit+0x230>)
100009b0:	63f0      	str	r0, [r6, #60]	@ 0x3c
100009b2:	65f3      	str	r3, [r6, #92]	@ 0x5c
100009b4:	2380      	movs	r3, #128	@ 0x80
100009b6:	029b      	lsls	r3, r3, #10
100009b8:	6473      	str	r3, [r6, #68]	@ 0x44
100009ba:	23e1      	movs	r3, #225	@ 0xe1
100009bc:	049b      	lsls	r3, r3, #18
100009be:	6633      	str	r3, [r6, #96]	@ 0x60
100009c0:	4b76      	ldr	r3, [pc, #472]	@ (10000b9c <VL53L0X_DataInit+0x234>)
100009c2:	0028      	movs	r0, r5
100009c4:	64b3      	str	r3, [r6, #72]	@ 0x48
100009c6:	4b76      	ldr	r3, [pc, #472]	@ (10000ba0 <VL53L0X_DataInit+0x238>)
100009c8:	2278      	movs	r2, #120	@ 0x78
100009ca:	6673      	str	r3, [r6, #100]	@ 0x64
100009cc:	4b75      	ldr	r3, [pc, #468]	@ (10000ba4 <VL53L0X_DataInit+0x23c>)
100009ce:	0031      	movs	r1, r6
100009d0:	64f3      	str	r3, [r6, #76]	@ 0x4c
100009d2:	4b75      	ldr	r3, [pc, #468]	@ (10000ba8 <VL53L0X_DataInit+0x240>)
100009d4:	3008      	adds	r0, #8
100009d6:	66b3      	str	r3, [r6, #104]	@ 0x68
100009d8:	23a0      	movs	r3, #160	@ 0xa0
100009da:	031b      	lsls	r3, r3, #12
100009dc:	6533      	str	r3, [r6, #80]	@ 0x50
100009de:	23fa      	movs	r3, #250	@ 0xfa
100009e0:	045b      	lsls	r3, r3, #17
100009e2:	66f3      	str	r3, [r6, #108]	@ 0x6c
100009e4:	23f0      	movs	r3, #240	@ 0xf0
100009e6:	031b      	lsls	r3, r3, #12
100009e8:	6573      	str	r3, [r6, #84]	@ 0x54
100009ea:	23c8      	movs	r3, #200	@ 0xc8
100009ec:	045b      	lsls	r3, r3, #17
100009ee:	6733      	str	r3, [r6, #112]	@ 0x70
100009f0:	f005 f914 	bl	10005c1c <__wrap___aeabi_memcpy>
100009f4:	23b0      	movs	r3, #176	@ 0xb0
100009f6:	4a6d      	ldr	r2, [pc, #436]	@ (10000bac <VL53L0X_DataInit+0x244>)
100009f8:	005b      	lsls	r3, r3, #1
100009fa:	50ea      	str	r2, [r5, r3]
100009fc:	22fa      	movs	r2, #250	@ 0xfa
100009fe:	3304      	adds	r3, #4
10000a00:	0052      	lsls	r2, r2, #1
10000a02:	52ea      	strh	r2, [r5, r3]
10000a04:	22a0      	movs	r2, #160	@ 0xa0
10000a06:	3304      	adds	r3, #4
10000a08:	0112      	lsls	r2, r2, #4
10000a0a:	52ea      	strh	r2, [r5, r3]
10000a0c:	2201      	movs	r2, #1
10000a0e:	3314      	adds	r3, #20
10000a10:	54ea      	strb	r2, [r5, r3]
10000a12:	2180      	movs	r1, #128	@ 0x80
10000a14:	0028      	movs	r0, r5
10000a16:	f7ff fde9 	bl	100005ec <VL53L0X_WrByte>
10000a1a:	2201      	movs	r2, #1
10000a1c:	0006      	movs	r6, r0
10000a1e:	21ff      	movs	r1, #255	@ 0xff
10000a20:	0028      	movs	r0, r5
10000a22:	f7ff fde3 	bl	100005ec <VL53L0X_WrByte>
10000a26:	2200      	movs	r2, #0
10000a28:	4306      	orrs	r6, r0
10000a2a:	2100      	movs	r1, #0
10000a2c:	0028      	movs	r0, r5
10000a2e:	f7ff fddd 	bl	100005ec <VL53L0X_WrByte>
10000a32:	466b      	mov	r3, sp
10000a34:	4334      	orrs	r4, r6
10000a36:	b264      	sxtb	r4, r4
10000a38:	1dde      	adds	r6, r3, #7
10000a3a:	0032      	movs	r2, r6
10000a3c:	2191      	movs	r1, #145	@ 0x91
10000a3e:	4304      	orrs	r4, r0
10000a40:	0028      	movs	r0, r5
10000a42:	f7ff fe05 	bl	10000650 <VL53L0X_RdByte>
10000a46:	23b3      	movs	r3, #179	@ 0xb3
10000a48:	7832      	ldrb	r2, [r6, #0]
10000a4a:	005b      	lsls	r3, r3, #1
10000a4c:	b264      	sxtb	r4, r4
10000a4e:	54ea      	strb	r2, [r5, r3]
10000a50:	2100      	movs	r1, #0
10000a52:	2201      	movs	r2, #1
10000a54:	4304      	orrs	r4, r0
10000a56:	0028      	movs	r0, r5
10000a58:	f7ff fdc8 	bl	100005ec <VL53L0X_WrByte>
10000a5c:	b264      	sxtb	r4, r4
10000a5e:	2200      	movs	r2, #0
10000a60:	21ff      	movs	r1, #255	@ 0xff
10000a62:	4304      	orrs	r4, r0
10000a64:	0028      	movs	r0, r5
10000a66:	f7ff fdc1 	bl	100005ec <VL53L0X_WrByte>
10000a6a:	b264      	sxtb	r4, r4
10000a6c:	4304      	orrs	r4, r0
10000a6e:	2200      	movs	r2, #0
10000a70:	2180      	movs	r1, #128	@ 0x80
10000a72:	0028      	movs	r0, r5
10000a74:	f7ff fdba 	bl	100005ec <VL53L0X_WrByte>
10000a78:	002e      	movs	r6, r5
10000a7a:	b264      	sxtb	r4, r4
10000a7c:	4320      	orrs	r0, r4
10000a7e:	b240      	sxtb	r0, r0
10000a80:	362c      	adds	r6, #44	@ 0x2c
10000a82:	2800      	cmp	r0, #0
10000a84:	d114      	bne.n	10000ab0 <VL53L0X_DataInit+0x148>
10000a86:	2320      	movs	r3, #32
10000a88:	4699      	mov	r9, r3
10000a8a:	3b1f      	subs	r3, #31
10000a8c:	2400      	movs	r4, #0
10000a8e:	4698      	mov	r8, r3
10000a90:	4f47      	ldr	r7, [pc, #284]	@ (10000bb0 <VL53L0X_DataInit+0x248>)
10000a92:	44a9      	add	r9, r5
10000a94:	b2a3      	uxth	r3, r4
10000a96:	2b05      	cmp	r3, #5
10000a98:	d833      	bhi.n	10000b02 <VL53L0X_DataInit+0x19a>
10000a9a:	009b      	lsls	r3, r3, #2
10000a9c:	58fb      	ldr	r3, [r7, r3]
10000a9e:	469f      	mov	pc, r3
10000aa0:	2300      	movs	r3, #0
10000aa2:	22ef      	movs	r2, #239	@ 0xef
10000aa4:	2160      	movs	r1, #96	@ 0x60
10000aa6:	0028      	movs	r0, r5
10000aa8:	f7ff fe4c 	bl	10000744 <VL53L0X_UpdateByte>
10000aac:	2800      	cmp	r0, #0
10000aae:	d02c      	beq.n	10000b0a <VL53L0X_DataInit+0x1a2>
10000ab0:	b021      	add	sp, #132	@ 0x84
10000ab2:	bcc0      	pop	{r6, r7}
10000ab4:	46b9      	mov	r9, r7
10000ab6:	46b0      	mov	r8, r6
10000ab8:	bdf0      	pop	{r4, r5, r6, r7, pc}
10000aba:	2300      	movs	r3, #0
10000abc:	22fe      	movs	r2, #254	@ 0xfe
10000abe:	2160      	movs	r1, #96	@ 0x60
10000ac0:	0028      	movs	r0, r5
10000ac2:	f7ff fe3f 	bl	10000744 <VL53L0X_UpdateByte>
10000ac6:	2800      	cmp	r0, #0
10000ac8:	d1f2      	bne.n	10000ab0 <VL53L0X_DataInit+0x148>
10000aca:	002b      	movs	r3, r5
10000acc:	2201      	movs	r2, #1
10000ace:	3320      	adds	r3, #32
10000ad0:	551a      	strb	r2, [r3, r4]
10000ad2:	3604      	adds	r6, #4
10000ad4:	3401      	adds	r4, #1
10000ad6:	e7dd      	b.n	10000a94 <VL53L0X_DataInit+0x12c>
10000ad8:	2323      	movs	r3, #35	@ 0x23
10000ada:	2201      	movs	r2, #1
10000adc:	54ea      	strb	r2, [r5, r3]
10000ade:	464b      	mov	r3, r9
10000ae0:	4642      	mov	r2, r8
10000ae2:	3604      	adds	r6, #4
10000ae4:	551a      	strb	r2, [r3, r4]
10000ae6:	3401      	adds	r4, #1
10000ae8:	e7d4      	b.n	10000a94 <VL53L0X_DataInit+0x12c>
10000aea:	2322      	movs	r3, #34	@ 0x22
10000aec:	2201      	movs	r2, #1
10000aee:	54ea      	strb	r2, [r5, r3]
10000af0:	e7f5      	b.n	10000ade <VL53L0X_DataInit+0x176>
10000af2:	6832      	ldr	r2, [r6, #0]
10000af4:	2144      	movs	r1, #68	@ 0x44
10000af6:	0a52      	lsrs	r2, r2, #9
10000af8:	0028      	movs	r0, r5
10000afa:	b292      	uxth	r2, r2
10000afc:	f7ff fd8e 	bl	1000061c <VL53L0X_WrWord>
10000b00:	e7e1      	b.n	10000ac6 <VL53L0X_DataInit+0x15e>
10000b02:	2320      	movs	r3, #32
10000b04:	2201      	movs	r2, #1
10000b06:	54ea      	strb	r2, [r5, r3]
10000b08:	e7e9      	b.n	10000ade <VL53L0X_DataInit+0x176>
10000b0a:	002b      	movs	r3, r5
10000b0c:	2201      	movs	r2, #1
10000b0e:	3320      	adds	r3, #32
10000b10:	715a      	strb	r2, [r3, #5]
10000b12:	2160      	movs	r1, #96	@ 0x60
10000b14:	8468      	strh	r0, [r5, #34]	@ 0x22
10000b16:	2302      	movs	r3, #2
10000b18:	0028      	movs	r0, r5
10000b1a:	32fd      	adds	r2, #253	@ 0xfd
10000b1c:	2400      	movs	r4, #0
10000b1e:	f7ff fe11 	bl	10000744 <VL53L0X_UpdateByte>
10000b22:	2800      	cmp	r0, #0
10000b24:	d1c4      	bne.n	10000ab0 <VL53L0X_DataInit+0x148>
10000b26:	2324      	movs	r3, #36	@ 0x24
10000b28:	22ef      	movs	r2, #239	@ 0xef
10000b2a:	54ec      	strb	r4, [r5, r3]
10000b2c:	2160      	movs	r1, #96	@ 0x60
10000b2e:	0028      	movs	r0, r5
10000b30:	3b14      	subs	r3, #20
10000b32:	f7ff fe07 	bl	10000744 <VL53L0X_UpdateByte>
10000b36:	2800      	cmp	r0, #0
10000b38:	d1ba      	bne.n	10000ab0 <VL53L0X_DataInit+0x148>
10000b3a:	2325      	movs	r3, #37	@ 0x25
10000b3c:	54ec      	strb	r4, [r5, r3]
10000b3e:	2390      	movs	r3, #144	@ 0x90
10000b40:	035b      	lsls	r3, r3, #13
10000b42:	62eb      	str	r3, [r5, #44]	@ 0x2c
10000b44:	2321      	movs	r3, #33	@ 0x21
10000b46:	5ceb      	ldrb	r3, [r5, r3]
10000b48:	2b00      	cmp	r3, #0
10000b4a:	d119      	bne.n	10000b80 <VL53L0X_DataInit+0x218>
10000b4c:	2380      	movs	r3, #128	@ 0x80
10000b4e:	01db      	lsls	r3, r3, #7
10000b50:	632b      	str	r3, [r5, #48]	@ 0x30
10000b52:	238c      	movs	r3, #140	@ 0x8c
10000b54:	039b      	lsls	r3, r3, #14
10000b56:	636b      	str	r3, [r5, #52]	@ 0x34
10000b58:	2300      	movs	r3, #0
10000b5a:	22ff      	movs	r2, #255	@ 0xff
10000b5c:	63ab      	str	r3, [r5, #56]	@ 0x38
10000b5e:	335d      	adds	r3, #93	@ 0x5d
10000b60:	33ff      	adds	r3, #255	@ 0xff
10000b62:	54ea      	strb	r2, [r5, r3]
10000b64:	2101      	movs	r1, #1
10000b66:	0028      	movs	r0, r5
10000b68:	f7ff fd40 	bl	100005ec <VL53L0X_WrByte>
10000b6c:	23af      	movs	r3, #175	@ 0xaf
10000b6e:	2201      	movs	r2, #1
10000b70:	005b      	lsls	r3, r3, #1
10000b72:	54ea      	strb	r2, [r5, r3]
10000b74:	2800      	cmp	r0, #0
10000b76:	d19b      	bne.n	10000ab0 <VL53L0X_DataInit+0x148>
10000b78:	2342      	movs	r3, #66	@ 0x42
10000b7a:	33ff      	adds	r3, #255	@ 0xff
10000b7c:	54e8      	strb	r0, [r5, r3]
10000b7e:	e797      	b.n	10000ab0 <VL53L0X_DataInit+0x148>
10000b80:	2220      	movs	r2, #32
10000b82:	2144      	movs	r1, #68	@ 0x44
10000b84:	0028      	movs	r0, r5
10000b86:	f7ff fd49 	bl	1000061c <VL53L0X_WrWord>
10000b8a:	2800      	cmp	r0, #0
10000b8c:	d0de      	beq.n	10000b4c <VL53L0X_DataInit+0x1e4>
10000b8e:	e78f      	b.n	10000ab0 <VL53L0X_DataInit+0x148>
10000b90:	000970a4 	.word	0x000970a4
10000b94:	0000b333 	.word	0x0000b333
10000b98:	044c0000 	.word	0x044c0000
10000b9c:	0003cccc 	.word	0x0003cccc
10000ba0:	02ee0000 	.word	0x02ee0000
10000ba4:	00074ccc 	.word	0x00074ccc
10000ba8:	02260000 	.word	0x02260000
10000bac:	03840064 	.word	0x03840064
10000bb0:	1000a958 	.word	0x1000a958

10000bb4 <VL53L0X_SetDeviceMode>:
10000bb4:	2915      	cmp	r1, #21
10000bb6:	d806      	bhi.n	10000bc6 <VL53L0X_SetDeviceMode+0x12>
10000bb8:	4b04      	ldr	r3, [pc, #16]	@ (10000bcc <VL53L0X_SetDeviceMode+0x18>)
10000bba:	40cb      	lsrs	r3, r1
10000bbc:	07db      	lsls	r3, r3, #31
10000bbe:	d502      	bpl.n	10000bc6 <VL53L0X_SetDeviceMode+0x12>
10000bc0:	7201      	strb	r1, [r0, #8]
10000bc2:	2000      	movs	r0, #0
10000bc4:	4770      	bx	lr
10000bc6:	2008      	movs	r0, #8
10000bc8:	4240      	negs	r0, r0
10000bca:	e7fb      	b.n	10000bc4 <VL53L0X_SetDeviceMode+0x10>
10000bcc:	0030000b 	.word	0x0030000b

10000bd0 <VL53L0X_SetMeasurementTimingBudgetMicroSeconds>:
10000bd0:	b510      	push	{r4, lr}
10000bd2:	f001 fbc5 	bl	10002360 <VL53L0X_set_measurement_timing_budget_micro_seconds>
10000bd6:	bd10      	pop	{r4, pc}

10000bd8 <VL53L0X_GetVcselPulsePeriod>:
10000bd8:	b510      	push	{r4, lr}
10000bda:	f001 fba1 	bl	10002320 <VL53L0X_get_vcsel_pulse_period>
10000bde:	bd10      	pop	{r4, pc}

10000be0 <VL53L0X_SetSequenceStepEnable>:
10000be0:	b5f0      	push	{r4, r5, r6, r7, lr}
10000be2:	b083      	sub	sp, #12
10000be4:	2300      	movs	r3, #0
10000be6:	0017      	movs	r7, r2
10000be8:	466a      	mov	r2, sp
10000bea:	000d      	movs	r5, r1
10000bec:	71d3      	strb	r3, [r2, #7]
10000bee:	2101      	movs	r1, #1
10000bf0:	3207      	adds	r2, #7
10000bf2:	0006      	movs	r6, r0
10000bf4:	f7ff fd2c 	bl	10000650 <VL53L0X_RdByte>
10000bf8:	1e04      	subs	r4, r0, #0
10000bfa:	d11c      	bne.n	10000c36 <VL53L0X_SetSequenceStepEnable+0x56>
10000bfc:	466b      	mov	r3, sp
10000bfe:	79db      	ldrb	r3, [r3, #7]
10000c00:	2f01      	cmp	r7, #1
10000c02:	d01b      	beq.n	10000c3c <VL53L0X_SetSequenceStepEnable+0x5c>
10000c04:	2d04      	cmp	r5, #4
10000c06:	d850      	bhi.n	10000caa <VL53L0X_SetSequenceStepEnable+0xca>
10000c08:	4a29      	ldr	r2, [pc, #164]	@ (10000cb0 <VL53L0X_SetSequenceStepEnable+0xd0>)
10000c0a:	00ad      	lsls	r5, r5, #2
10000c0c:	5952      	ldr	r2, [r2, r5]
10000c0e:	4697      	mov	pc, r2
10000c10:	257f      	movs	r5, #127	@ 0x7f
10000c12:	401d      	ands	r5, r3
10000c14:	b25b      	sxtb	r3, r3
10000c16:	2b00      	cmp	r3, #0
10000c18:	da0d      	bge.n	10000c36 <VL53L0X_SetSequenceStepEnable+0x56>
10000c1a:	002a      	movs	r2, r5
10000c1c:	2101      	movs	r1, #1
10000c1e:	0030      	movs	r0, r6
10000c20:	f7ff fce4 	bl	100005ec <VL53L0X_WrByte>
10000c24:	1e04      	subs	r4, r0, #0
10000c26:	d106      	bne.n	10000c36 <VL53L0X_SetSequenceStepEnable+0x56>
10000c28:	23ae      	movs	r3, #174	@ 0xae
10000c2a:	005b      	lsls	r3, r3, #1
10000c2c:	54f5      	strb	r5, [r6, r3]
10000c2e:	0030      	movs	r0, r6
10000c30:	68f1      	ldr	r1, [r6, #12]
10000c32:	f001 fb95 	bl	10002360 <VL53L0X_set_measurement_timing_budget_micro_seconds>
10000c36:	0020      	movs	r0, r4
10000c38:	b003      	add	sp, #12
10000c3a:	bdf0      	pop	{r4, r5, r6, r7, pc}
10000c3c:	2d04      	cmp	r5, #4
10000c3e:	d834      	bhi.n	10000caa <VL53L0X_SetSequenceStepEnable+0xca>
10000c40:	4a1c      	ldr	r2, [pc, #112]	@ (10000cb4 <VL53L0X_SetSequenceStepEnable+0xd4>)
10000c42:	00ad      	lsls	r5, r5, #2
10000c44:	5952      	ldr	r2, [r2, r5]
10000c46:	4697      	mov	pc, r2
10000c48:	2240      	movs	r2, #64	@ 0x40
10000c4a:	001d      	movs	r5, r3
10000c4c:	4395      	bics	r5, r2
10000c4e:	421a      	tst	r2, r3
10000c50:	d1e3      	bne.n	10000c1a <VL53L0X_SetSequenceStepEnable+0x3a>
10000c52:	e7f0      	b.n	10000c36 <VL53L0X_SetSequenceStepEnable+0x56>
10000c54:	2204      	movs	r2, #4
10000c56:	001d      	movs	r5, r3
10000c58:	4395      	bics	r5, r2
10000c5a:	421a      	tst	r2, r3
10000c5c:	d1dd      	bne.n	10000c1a <VL53L0X_SetSequenceStepEnable+0x3a>
10000c5e:	e7ea      	b.n	10000c36 <VL53L0X_SetSequenceStepEnable+0x56>
10000c60:	2228      	movs	r2, #40	@ 0x28
10000c62:	001d      	movs	r5, r3
10000c64:	4395      	bics	r5, r2
10000c66:	421a      	tst	r2, r3
10000c68:	d1d7      	bne.n	10000c1a <VL53L0X_SetSequenceStepEnable+0x3a>
10000c6a:	e7e4      	b.n	10000c36 <VL53L0X_SetSequenceStepEnable+0x56>
10000c6c:	2210      	movs	r2, #16
10000c6e:	001d      	movs	r5, r3
10000c70:	4395      	bics	r5, r2
10000c72:	421a      	tst	r2, r3
10000c74:	d1d1      	bne.n	10000c1a <VL53L0X_SetSequenceStepEnable+0x3a>
10000c76:	e7de      	b.n	10000c36 <VL53L0X_SetSequenceStepEnable+0x56>
10000c78:	2540      	movs	r5, #64	@ 0x40
10000c7a:	431d      	orrs	r5, r3
10000c7c:	42ab      	cmp	r3, r5
10000c7e:	d1cc      	bne.n	10000c1a <VL53L0X_SetSequenceStepEnable+0x3a>
10000c80:	e7d9      	b.n	10000c36 <VL53L0X_SetSequenceStepEnable+0x56>
10000c82:	2504      	movs	r5, #4
10000c84:	431d      	orrs	r5, r3
10000c86:	42ab      	cmp	r3, r5
10000c88:	d1c7      	bne.n	10000c1a <VL53L0X_SetSequenceStepEnable+0x3a>
10000c8a:	e7d4      	b.n	10000c36 <VL53L0X_SetSequenceStepEnable+0x56>
10000c8c:	2528      	movs	r5, #40	@ 0x28
10000c8e:	431d      	orrs	r5, r3
10000c90:	42ab      	cmp	r3, r5
10000c92:	d1c2      	bne.n	10000c1a <VL53L0X_SetSequenceStepEnable+0x3a>
10000c94:	e7cf      	b.n	10000c36 <VL53L0X_SetSequenceStepEnable+0x56>
10000c96:	2510      	movs	r5, #16
10000c98:	431d      	orrs	r5, r3
10000c9a:	42ab      	cmp	r3, r5
10000c9c:	d1bd      	bne.n	10000c1a <VL53L0X_SetSequenceStepEnable+0x3a>
10000c9e:	e7ca      	b.n	10000c36 <VL53L0X_SetSequenceStepEnable+0x56>
10000ca0:	2580      	movs	r5, #128	@ 0x80
10000ca2:	431d      	orrs	r5, r3
10000ca4:	42ab      	cmp	r3, r5
10000ca6:	d1b8      	bne.n	10000c1a <VL53L0X_SetSequenceStepEnable+0x3a>
10000ca8:	e7c5      	b.n	10000c36 <VL53L0X_SetSequenceStepEnable+0x56>
10000caa:	2404      	movs	r4, #4
10000cac:	4264      	negs	r4, r4
10000cae:	e7c2      	b.n	10000c36 <VL53L0X_SetSequenceStepEnable+0x56>
10000cb0:	1000a970 	.word	0x1000a970
10000cb4:	1000a984 	.word	0x1000a984

10000cb8 <VL53L0X_StaticInit>:
10000cb8:	b5f0      	push	{r4, r5, r6, r7, lr}
10000cba:	46c6      	mov	lr, r8
10000cbc:	b500      	push	{lr}
10000cbe:	b0a2      	sub	sp, #136	@ 0x88
10000cc0:	0005      	movs	r5, r0
10000cc2:	2278      	movs	r2, #120	@ 0x78
10000cc4:	2100      	movs	r1, #0
10000cc6:	a804      	add	r0, sp, #16
10000cc8:	f004 ffa2 	bl	10005c10 <__wrap_memset>
10000ccc:	2300      	movs	r3, #0
10000cce:	2200      	movs	r2, #0
10000cd0:	4669      	mov	r1, sp
10000cd2:	0028      	movs	r0, r5
10000cd4:	80cb      	strh	r3, [r1, #6]
10000cd6:	70ca      	strb	r2, [r1, #3]
10000cd8:	710a      	strb	r2, [r1, #4]
10000cda:	2101      	movs	r1, #1
10000cdc:	9302      	str	r3, [sp, #8]
10000cde:	f000 fd27 	bl	10001730 <VL53L0X_get_info_from_device>
10000ce2:	23a0      	movs	r3, #160	@ 0xa0
10000ce4:	005b      	lsls	r3, r3, #1
10000ce6:	5cea      	ldrb	r2, [r5, r3]
10000ce8:	2a01      	cmp	r2, #1
10000cea:	d806      	bhi.n	10000cfa <VL53L0X_StaticInit+0x42>
10000cec:	2340      	movs	r3, #64	@ 0x40
10000cee:	33ff      	adds	r3, #255	@ 0xff
10000cf0:	5ce9      	ldrb	r1, [r5, r3]
10000cf2:	2a01      	cmp	r2, #1
10000cf4:	d051      	beq.n	10000d9a <VL53L0X_StaticInit+0xe2>
10000cf6:	290c      	cmp	r1, #12
10000cf8:	d951      	bls.n	10000d9e <VL53L0X_StaticInit+0xe6>
10000cfa:	0028      	movs	r0, r5
10000cfc:	aa01      	add	r2, sp, #4
10000cfe:	a902      	add	r1, sp, #8
10000d00:	f002 fbdc 	bl	100034bc <VL53L0X_perform_ref_spad_management>
10000d04:	2800      	cmp	r0, #0
10000d06:	d140      	bne.n	10000d8a <VL53L0X_StaticInit+0xd2>
10000d08:	23be      	movs	r3, #190	@ 0xbe
10000d0a:	005b      	lsls	r3, r3, #1
10000d0c:	5ceb      	ldrb	r3, [r5, r3]
10000d0e:	2b00      	cmp	r3, #0
10000d10:	d03f      	beq.n	10000d92 <VL53L0X_StaticInit+0xda>
10000d12:	497a      	ldr	r1, [pc, #488]	@ (10000efc <VL53L0X_StaticInit+0x244>)
10000d14:	0028      	movs	r0, r5
10000d16:	f001 fcd9 	bl	100026cc <VL53L0X_load_tuning_settings>
10000d1a:	2800      	cmp	r0, #0
10000d1c:	d135      	bne.n	10000d8a <VL53L0X_StaticInit+0xd2>
10000d1e:	2204      	movs	r2, #4
10000d20:	210a      	movs	r1, #10
10000d22:	0028      	movs	r0, r5
10000d24:	f7ff fc62 	bl	100005ec <VL53L0X_WrByte>
10000d28:	2800      	cmp	r0, #0
10000d2a:	d12e      	bne.n	10000d8a <VL53L0X_StaticInit+0xd2>
10000d2c:	2300      	movs	r3, #0
10000d2e:	22ef      	movs	r2, #239	@ 0xef
10000d30:	2184      	movs	r1, #132	@ 0x84
10000d32:	0028      	movs	r0, r5
10000d34:	f7ff fd06 	bl	10000744 <VL53L0X_UpdateByte>
10000d38:	2800      	cmp	r0, #0
10000d3a:	d126      	bne.n	10000d8a <VL53L0X_StaticInit+0xd2>
10000d3c:	2383      	movs	r3, #131	@ 0x83
10000d3e:	2204      	movs	r2, #4
10000d40:	005b      	lsls	r3, r3, #1
10000d42:	54ea      	strb	r2, [r5, r3]
10000d44:	3bff      	subs	r3, #255	@ 0xff
10000d46:	2600      	movs	r6, #0
10000d48:	4698      	mov	r8, r3
10000d4a:	af03      	add	r7, sp, #12
10000d4c:	2201      	movs	r2, #1
10000d4e:	210b      	movs	r1, #11
10000d50:	0028      	movs	r0, r5
10000d52:	f7ff fc4b 	bl	100005ec <VL53L0X_WrByte>
10000d56:	2200      	movs	r2, #0
10000d58:	0004      	movs	r4, r0
10000d5a:	210b      	movs	r1, #11
10000d5c:	0028      	movs	r0, r5
10000d5e:	f7ff fc45 	bl	100005ec <VL53L0X_WrByte>
10000d62:	003a      	movs	r2, r7
10000d64:	4304      	orrs	r4, r0
10000d66:	2113      	movs	r1, #19
10000d68:	0028      	movs	r0, r5
10000d6a:	f7ff fc71 	bl	10000650 <VL53L0X_RdByte>
10000d6e:	4642      	mov	r2, r8
10000d70:	b264      	sxtb	r4, r4
10000d72:	783b      	ldrb	r3, [r7, #0]
10000d74:	4320      	orrs	r0, r4
10000d76:	3601      	adds	r6, #1
10000d78:	b240      	sxtb	r0, r0
10000d7a:	b2f6      	uxtb	r6, r6
10000d7c:	421a      	tst	r2, r3
10000d7e:	d012      	beq.n	10000da6 <VL53L0X_StaticInit+0xee>
10000d80:	2e03      	cmp	r6, #3
10000d82:	d100      	bne.n	10000d86 <VL53L0X_StaticInit+0xce>
10000d84:	e0b6      	b.n	10000ef4 <VL53L0X_StaticInit+0x23c>
10000d86:	2800      	cmp	r0, #0
10000d88:	d0e0      	beq.n	10000d4c <VL53L0X_StaticInit+0x94>
10000d8a:	b022      	add	sp, #136	@ 0x88
10000d8c:	bc80      	pop	{r7}
10000d8e:	46b8      	mov	r8, r7
10000d90:	bdf0      	pop	{r4, r5, r6, r7, pc}
10000d92:	3379      	adds	r3, #121	@ 0x79
10000d94:	33ff      	adds	r3, #255	@ 0xff
10000d96:	58e9      	ldr	r1, [r5, r3]
10000d98:	e7bc      	b.n	10000d14 <VL53L0X_StaticInit+0x5c>
10000d9a:	2920      	cmp	r1, #32
10000d9c:	d8ad      	bhi.n	10000cfa <VL53L0X_StaticInit+0x42>
10000d9e:	0028      	movs	r0, r5
10000da0:	f002 fa22 	bl	100031e8 <VL53L0X_set_reference_spads>
10000da4:	e7ae      	b.n	10000d04 <VL53L0X_StaticInit+0x4c>
10000da6:	2e03      	cmp	r6, #3
10000da8:	d100      	bne.n	10000dac <VL53L0X_StaticInit+0xf4>
10000daa:	e0a3      	b.n	10000ef4 <VL53L0X_StaticInit+0x23c>
10000dac:	2800      	cmp	r0, #0
10000dae:	d1ec      	bne.n	10000d8a <VL53L0X_StaticInit+0xd2>
10000db0:	2201      	movs	r2, #1
10000db2:	21ff      	movs	r1, #255	@ 0xff
10000db4:	0028      	movs	r0, r5
10000db6:	f7ff fc19 	bl	100005ec <VL53L0X_WrByte>
10000dba:	466b      	mov	r3, sp
10000dbc:	0004      	movs	r4, r0
10000dbe:	1d9a      	adds	r2, r3, #6
10000dc0:	2184      	movs	r1, #132	@ 0x84
10000dc2:	0028      	movs	r0, r5
10000dc4:	f7ff fc68 	bl	10000698 <VL53L0X_RdWord>
10000dc8:	2200      	movs	r2, #0
10000dca:	4304      	orrs	r4, r0
10000dcc:	21ff      	movs	r1, #255	@ 0xff
10000dce:	0028      	movs	r0, r5
10000dd0:	f7ff fc0c 	bl	100005ec <VL53L0X_WrByte>
10000dd4:	b264      	sxtb	r4, r4
10000dd6:	4320      	orrs	r0, r4
10000dd8:	b240      	sxtb	r0, r0
10000dda:	2800      	cmp	r0, #0
10000ddc:	d1d5      	bne.n	10000d8a <VL53L0X_StaticInit+0xd2>
10000dde:	466b      	mov	r3, sp
10000de0:	2280      	movs	r2, #128	@ 0x80
10000de2:	88db      	ldrh	r3, [r3, #6]
10000de4:	0052      	lsls	r2, r2, #1
10000de6:	011b      	lsls	r3, r3, #4
10000de8:	0028      	movs	r0, r5
10000dea:	50ab      	str	r3, [r5, r2]
10000dec:	a904      	add	r1, sp, #16
10000dee:	f7ff fd01 	bl	100007f4 <VL53L0X_GetDeviceParameters>
10000df2:	2800      	cmp	r0, #0
10000df4:	d1c9      	bne.n	10000d8a <VL53L0X_StaticInit+0xd2>
10000df6:	466b      	mov	r3, sp
10000df8:	2109      	movs	r1, #9
10000dfa:	0028      	movs	r0, r5
10000dfc:	1cda      	adds	r2, r3, #3
10000dfe:	f7ff fc27 	bl	10000650 <VL53L0X_RdByte>
10000e02:	2800      	cmp	r0, #0
10000e04:	d1c1      	bne.n	10000d8a <VL53L0X_StaticInit+0xd2>
10000e06:	466b      	mov	r3, sp
10000e08:	78da      	ldrb	r2, [r3, #3]
10000e0a:	2301      	movs	r3, #1
10000e0c:	4013      	ands	r3, r2
10000e0e:	466a      	mov	r2, sp
10000e10:	70d3      	strb	r3, [r2, #3]
10000e12:	225e      	movs	r2, #94	@ 0x5e
10000e14:	0028      	movs	r0, r5
10000e16:	32ff      	adds	r2, #255	@ 0xff
10000e18:	54ab      	strb	r3, [r5, r2]
10000e1a:	a904      	add	r1, sp, #16
10000e1c:	3ae5      	subs	r2, #229	@ 0xe5
10000e1e:	3008      	adds	r0, #8
10000e20:	f004 fefc 	bl	10005c1c <__wrap___aeabi_memcpy>
10000e24:	466b      	mov	r3, sp
10000e26:	2101      	movs	r1, #1
10000e28:	0028      	movs	r0, r5
10000e2a:	1cda      	adds	r2, r3, #3
10000e2c:	f7ff fc10 	bl	10000650 <VL53L0X_RdByte>
10000e30:	2800      	cmp	r0, #0
10000e32:	d1aa      	bne.n	10000d8a <VL53L0X_StaticInit+0xd2>
10000e34:	466b      	mov	r3, sp
10000e36:	78da      	ldrb	r2, [r3, #3]
10000e38:	23ae      	movs	r3, #174	@ 0xae
10000e3a:	005b      	lsls	r3, r3, #1
10000e3c:	54ea      	strb	r2, [r5, r3]
10000e3e:	7038      	strb	r0, [r7, #0]
10000e40:	003a      	movs	r2, r7
10000e42:	2101      	movs	r1, #1
10000e44:	0028      	movs	r0, r5
10000e46:	f7ff fc03 	bl	10000650 <VL53L0X_RdByte>
10000e4a:	2800      	cmp	r0, #0
10000e4c:	d19d      	bne.n	10000d8a <VL53L0X_StaticInit+0xd2>
10000e4e:	2310      	movs	r3, #16
10000e50:	783c      	ldrb	r4, [r7, #0]
10000e52:	421c      	tst	r4, r3
10000e54:	d00f      	beq.n	10000e76 <VL53L0X_StaticInit+0x1be>
10000e56:	439c      	bics	r4, r3
10000e58:	0022      	movs	r2, r4
10000e5a:	2101      	movs	r1, #1
10000e5c:	0028      	movs	r0, r5
10000e5e:	f7ff fbc5 	bl	100005ec <VL53L0X_WrByte>
10000e62:	2800      	cmp	r0, #0
10000e64:	d000      	beq.n	10000e68 <VL53L0X_StaticInit+0x1b0>
10000e66:	e790      	b.n	10000d8a <VL53L0X_StaticInit+0xd2>
10000e68:	23ae      	movs	r3, #174	@ 0xae
10000e6a:	005b      	lsls	r3, r3, #1
10000e6c:	54ec      	strb	r4, [r5, r3]
10000e6e:	0028      	movs	r0, r5
10000e70:	68e9      	ldr	r1, [r5, #12]
10000e72:	f001 fa75 	bl	10002360 <VL53L0X_set_measurement_timing_budget_micro_seconds>
10000e76:	2200      	movs	r2, #0
10000e78:	2102      	movs	r1, #2
10000e7a:	0028      	movs	r0, r5
10000e7c:	f7ff feb0 	bl	10000be0 <VL53L0X_SetSequenceStepEnable>
10000e80:	2800      	cmp	r0, #0
10000e82:	d000      	beq.n	10000e86 <VL53L0X_StaticInit+0x1ce>
10000e84:	e781      	b.n	10000d8a <VL53L0X_StaticInit+0xd2>
10000e86:	23af      	movs	r3, #175	@ 0xaf
10000e88:	2603      	movs	r6, #3
10000e8a:	005b      	lsls	r3, r3, #1
10000e8c:	54ee      	strb	r6, [r5, r3]
10000e8e:	466b      	mov	r3, sp
10000e90:	1d5c      	adds	r4, r3, #5
10000e92:	0001      	movs	r1, r0
10000e94:	0022      	movs	r2, r4
10000e96:	0028      	movs	r0, r5
10000e98:	f001 fa42 	bl	10002320 <VL53L0X_get_vcsel_pulse_period>
10000e9c:	2800      	cmp	r0, #0
10000e9e:	d000      	beq.n	10000ea2 <VL53L0X_StaticInit+0x1ea>
10000ea0:	e773      	b.n	10000d8a <VL53L0X_StaticInit+0xd2>
10000ea2:	238a      	movs	r3, #138	@ 0x8a
10000ea4:	7822      	ldrb	r2, [r4, #0]
10000ea6:	005b      	lsls	r3, r3, #1
10000ea8:	54ea      	strb	r2, [r5, r3]
10000eaa:	2101      	movs	r1, #1
10000eac:	0022      	movs	r2, r4
10000eae:	0028      	movs	r0, r5
10000eb0:	f001 fa36 	bl	10002320 <VL53L0X_get_vcsel_pulse_period>
10000eb4:	2800      	cmp	r0, #0
10000eb6:	d000      	beq.n	10000eba <VL53L0X_StaticInit+0x202>
10000eb8:	e767      	b.n	10000d8a <VL53L0X_StaticInit+0xd2>
10000eba:	2386      	movs	r3, #134	@ 0x86
10000ebc:	7822      	ldrb	r2, [r4, #0]
10000ebe:	005b      	lsls	r3, r3, #1
10000ec0:	54ea      	strb	r2, [r5, r3]
10000ec2:	0031      	movs	r1, r6
10000ec4:	003a      	movs	r2, r7
10000ec6:	0028      	movs	r0, r5
10000ec8:	f001 f95c 	bl	10002184 <get_sequence_step_timeout>
10000ecc:	2800      	cmp	r0, #0
10000ece:	d000      	beq.n	10000ed2 <VL53L0X_StaticInit+0x21a>
10000ed0:	e75b      	b.n	10000d8a <VL53L0X_StaticInit+0xd2>
10000ed2:	2388      	movs	r3, #136	@ 0x88
10000ed4:	9a03      	ldr	r2, [sp, #12]
10000ed6:	005b      	lsls	r3, r3, #1
10000ed8:	50ea      	str	r2, [r5, r3]
10000eda:	2104      	movs	r1, #4
10000edc:	003a      	movs	r2, r7
10000ede:	0028      	movs	r0, r5
10000ee0:	f001 f950 	bl	10002184 <get_sequence_step_timeout>
10000ee4:	2800      	cmp	r0, #0
10000ee6:	d000      	beq.n	10000eea <VL53L0X_StaticInit+0x232>
10000ee8:	e74f      	b.n	10000d8a <VL53L0X_StaticInit+0xd2>
10000eea:	2384      	movs	r3, #132	@ 0x84
10000eec:	9a03      	ldr	r2, [sp, #12]
10000eee:	005b      	lsls	r3, r3, #1
10000ef0:	50ea      	str	r2, [r5, r3]
10000ef2:	e74a      	b.n	10000d8a <VL53L0X_StaticInit+0xd2>
10000ef4:	200c      	movs	r0, #12
10000ef6:	4240      	negs	r0, r0
10000ef8:	e747      	b.n	10000d8a <VL53L0X_StaticInit+0xd2>
10000efa:	46c0      	nop			@ (mov r8, r8)
10000efc:	20001198 	.word	0x20001198

10000f00 <VL53L0X_GetSequenceStepEnable>:
10000f00:	b530      	push	{r4, r5, lr}
10000f02:	b083      	sub	sp, #12
10000f04:	0015      	movs	r5, r2
10000f06:	2300      	movs	r3, #0
10000f08:	466a      	mov	r2, sp
10000f0a:	000c      	movs	r4, r1
10000f0c:	71d3      	strb	r3, [r2, #7]
10000f0e:	2101      	movs	r1, #1
10000f10:	3207      	adds	r2, #7
10000f12:	f7ff fb9d 	bl	10000650 <VL53L0X_RdByte>
10000f16:	2800      	cmp	r0, #0
10000f18:	d001      	beq.n	10000f1e <VL53L0X_GetSequenceStepEnable+0x1e>
10000f1a:	b003      	add	sp, #12
10000f1c:	bd30      	pop	{r4, r5, pc}
10000f1e:	466b      	mov	r3, sp
10000f20:	79db      	ldrb	r3, [r3, #7]
10000f22:	2c04      	cmp	r4, #4
10000f24:	d816      	bhi.n	10000f54 <VL53L0X_GetSequenceStepEnable+0x54>
10000f26:	4a0d      	ldr	r2, [pc, #52]	@ (10000f5c <VL53L0X_GetSequenceStepEnable+0x5c>)
10000f28:	00a4      	lsls	r4, r4, #2
10000f2a:	5912      	ldr	r2, [r2, r4]
10000f2c:	4697      	mov	pc, r2
10000f2e:	065b      	lsls	r3, r3, #25
10000f30:	0fdb      	lsrs	r3, r3, #31
10000f32:	702b      	strb	r3, [r5, #0]
10000f34:	e7f1      	b.n	10000f1a <VL53L0X_GetSequenceStepEnable+0x1a>
10000f36:	075b      	lsls	r3, r3, #29
10000f38:	0fdb      	lsrs	r3, r3, #31
10000f3a:	702b      	strb	r3, [r5, #0]
10000f3c:	e7ed      	b.n	10000f1a <VL53L0X_GetSequenceStepEnable+0x1a>
10000f3e:	071b      	lsls	r3, r3, #28
10000f40:	0fdb      	lsrs	r3, r3, #31
10000f42:	702b      	strb	r3, [r5, #0]
10000f44:	e7e9      	b.n	10000f1a <VL53L0X_GetSequenceStepEnable+0x1a>
10000f46:	06db      	lsls	r3, r3, #27
10000f48:	0fdb      	lsrs	r3, r3, #31
10000f4a:	702b      	strb	r3, [r5, #0]
10000f4c:	e7e5      	b.n	10000f1a <VL53L0X_GetSequenceStepEnable+0x1a>
10000f4e:	09db      	lsrs	r3, r3, #7
10000f50:	702b      	strb	r3, [r5, #0]
10000f52:	e7e2      	b.n	10000f1a <VL53L0X_GetSequenceStepEnable+0x1a>
10000f54:	7028      	strb	r0, [r5, #0]
10000f56:	2004      	movs	r0, #4
10000f58:	4240      	negs	r0, r0
10000f5a:	e7de      	b.n	10000f1a <VL53L0X_GetSequenceStepEnable+0x1a>
10000f5c:	1000a998 	.word	0x1000a998

10000f60 <VL53L0X_GetSequenceStepEnables>:
10000f60:	b510      	push	{r4, lr}
10000f62:	b082      	sub	sp, #8
10000f64:	466a      	mov	r2, sp
10000f66:	2300      	movs	r3, #0
10000f68:	000c      	movs	r4, r1
10000f6a:	71d3      	strb	r3, [r2, #7]
10000f6c:	2101      	movs	r1, #1
10000f6e:	3207      	adds	r2, #7
10000f70:	f7ff fb6e 	bl	10000650 <VL53L0X_RdByte>
10000f74:	2800      	cmp	r0, #0
10000f76:	d110      	bne.n	10000f9a <VL53L0X_GetSequenceStepEnables+0x3a>
10000f78:	466b      	mov	r3, sp
10000f7a:	2201      	movs	r2, #1
10000f7c:	79db      	ldrb	r3, [r3, #7]
10000f7e:	1119      	asrs	r1, r3, #4
10000f80:	4011      	ands	r1, r2
10000f82:	7021      	strb	r1, [r4, #0]
10000f84:	10d9      	asrs	r1, r3, #3
10000f86:	4011      	ands	r1, r2
10000f88:	70a1      	strb	r1, [r4, #2]
10000f8a:	1099      	asrs	r1, r3, #2
10000f8c:	4011      	ands	r1, r2
10000f8e:	7061      	strb	r1, [r4, #1]
10000f90:	1199      	asrs	r1, r3, #6
10000f92:	400a      	ands	r2, r1
10000f94:	09db      	lsrs	r3, r3, #7
10000f96:	70e2      	strb	r2, [r4, #3]
10000f98:	7123      	strb	r3, [r4, #4]
10000f9a:	b002      	add	sp, #8
10000f9c:	bd10      	pop	{r4, pc}
10000f9e:	46c0      	nop			@ (mov r8, r8)

10000fa0 <VL53L0X_GetXTalkCompensationEnable>:
10000fa0:	7d03      	ldrb	r3, [r0, #20]
10000fa2:	2000      	movs	r0, #0
10000fa4:	700b      	strb	r3, [r1, #0]
10000fa6:	4770      	bx	lr

10000fa8 <VL53L0X_SetLimitCheckEnable>:
10000fa8:	b5f8      	push	{r3, r4, r5, r6, r7, lr}
10000faa:	0005      	movs	r5, r0
10000fac:	000c      	movs	r4, r1
10000fae:	0016      	movs	r6, r2
10000fb0:	2905      	cmp	r1, #5
10000fb2:	d83f      	bhi.n	10001034 <VL53L0X_SetLimitCheckEnable+0x8c>
10000fb4:	2a00      	cmp	r2, #0
10000fb6:	d00c      	beq.n	10000fd2 <VL53L0X_SetLimitCheckEnable+0x2a>
10000fb8:	008b      	lsls	r3, r1, #2
10000fba:	2100      	movs	r1, #0
10000fbc:	18c3      	adds	r3, r0, r3
10000fbe:	6ada      	ldr	r2, [r3, #44]	@ 0x2c
10000fc0:	468c      	mov	ip, r1
10000fc2:	2300      	movs	r3, #0
10000fc4:	2701      	movs	r7, #1
10000fc6:	2c05      	cmp	r4, #5
10000fc8:	d831      	bhi.n	1000102e <VL53L0X_SetLimitCheckEnable+0x86>
10000fca:	481c      	ldr	r0, [pc, #112]	@ (1000103c <VL53L0X_SetLimitCheckEnable+0x94>)
10000fcc:	00a1      	lsls	r1, r4, #2
10000fce:	5841      	ldr	r1, [r0, r1]
10000fd0:	468f      	mov	pc, r1
10000fd2:	2202      	movs	r2, #2
10000fd4:	2700      	movs	r7, #0
10000fd6:	4694      	mov	ip, r2
10000fd8:	2310      	movs	r3, #16
10000fda:	2200      	movs	r2, #0
10000fdc:	e7f3      	b.n	10000fc6 <VL53L0X_SetLimitCheckEnable+0x1e>
10000fde:	22ef      	movs	r2, #239	@ 0xef
10000fe0:	2160      	movs	r1, #96	@ 0x60
10000fe2:	0028      	movs	r0, r5
10000fe4:	f7ff fbae 	bl	10000744 <VL53L0X_UpdateByte>
10000fe8:	2800      	cmp	r0, #0
10000fea:	d105      	bne.n	10000ff8 <VL53L0X_SetLimitCheckEnable+0x50>
10000fec:	2e00      	cmp	r6, #0
10000fee:	d10f      	bne.n	10001010 <VL53L0X_SetLimitCheckEnable+0x68>
10000ff0:	192c      	adds	r4, r5, r4
10000ff2:	3420      	adds	r4, #32
10000ff4:	7026      	strb	r6, [r4, #0]
10000ff6:	2000      	movs	r0, #0
10000ff8:	bdf8      	pop	{r3, r4, r5, r6, r7, pc}
10000ffa:	4663      	mov	r3, ip
10000ffc:	22fe      	movs	r2, #254	@ 0xfe
10000ffe:	2160      	movs	r1, #96	@ 0x60
10001000:	0028      	movs	r0, r5
10001002:	f7ff fb9f 	bl	10000744 <VL53L0X_UpdateByte>
10001006:	e7ef      	b.n	10000fe8 <VL53L0X_SetLimitCheckEnable+0x40>
10001008:	2323      	movs	r3, #35	@ 0x23
1000100a:	54ef      	strb	r7, [r5, r3]
1000100c:	2e00      	cmp	r6, #0
1000100e:	d0ef      	beq.n	10000ff0 <VL53L0X_SetLimitCheckEnable+0x48>
10001010:	2301      	movs	r3, #1
10001012:	192d      	adds	r5, r5, r4
10001014:	3520      	adds	r5, #32
10001016:	702b      	strb	r3, [r5, #0]
10001018:	e7ed      	b.n	10000ff6 <VL53L0X_SetLimitCheckEnable+0x4e>
1000101a:	2322      	movs	r3, #34	@ 0x22
1000101c:	54ef      	strb	r7, [r5, r3]
1000101e:	e7e5      	b.n	10000fec <VL53L0X_SetLimitCheckEnable+0x44>
10001020:	0a52      	lsrs	r2, r2, #9
10001022:	2144      	movs	r1, #68	@ 0x44
10001024:	0028      	movs	r0, r5
10001026:	b292      	uxth	r2, r2
10001028:	f7ff faf8 	bl	1000061c <VL53L0X_WrWord>
1000102c:	e7dc      	b.n	10000fe8 <VL53L0X_SetLimitCheckEnable+0x40>
1000102e:	2320      	movs	r3, #32
10001030:	54ef      	strb	r7, [r5, r3]
10001032:	e7db      	b.n	10000fec <VL53L0X_SetLimitCheckEnable+0x44>
10001034:	2004      	movs	r0, #4
10001036:	4240      	negs	r0, r0
10001038:	e7de      	b.n	10000ff8 <VL53L0X_SetLimitCheckEnable+0x50>
1000103a:	46c0      	nop			@ (mov r8, r8)
1000103c:	1000a9ac 	.word	0x1000a9ac

10001040 <VL53L0X_GetLimitCheckEnable>:
10001040:	2905      	cmp	r1, #5
10001042:	d805      	bhi.n	10001050 <VL53L0X_GetLimitCheckEnable+0x10>
10001044:	1840      	adds	r0, r0, r1
10001046:	3020      	adds	r0, #32
10001048:	7803      	ldrb	r3, [r0, #0]
1000104a:	2000      	movs	r0, #0
1000104c:	7013      	strb	r3, [r2, #0]
1000104e:	4770      	bx	lr
10001050:	2004      	movs	r0, #4
10001052:	2300      	movs	r3, #0
10001054:	4240      	negs	r0, r0
10001056:	e7f9      	b.n	1000104c <VL53L0X_GetLimitCheckEnable+0xc>

10001058 <VL53L0X_GetLimitCheckValue>:
10001058:	b570      	push	{r4, r5, r6, lr}
1000105a:	0004      	movs	r4, r0
1000105c:	0015      	movs	r5, r2
1000105e:	b082      	sub	sp, #8
10001060:	2905      	cmp	r1, #5
10001062:	d831      	bhi.n	100010c8 <VL53L0X_GetLimitCheckValue+0x70>
10001064:	4b1a      	ldr	r3, [pc, #104]	@ (100010d0 <VL53L0X_GetLimitCheckValue+0x78>)
10001066:	0089      	lsls	r1, r1, #2
10001068:	585b      	ldr	r3, [r3, r1]
1000106a:	469f      	mov	pc, r3
1000106c:	466b      	mov	r3, sp
1000106e:	2164      	movs	r1, #100	@ 0x64
10001070:	1d9a      	adds	r2, r3, #6
10001072:	f7ff fb11 	bl	10000698 <VL53L0X_RdWord>
10001076:	2800      	cmp	r0, #0
10001078:	d104      	bne.n	10001084 <VL53L0X_GetLimitCheckValue+0x2c>
1000107a:	466b      	mov	r3, sp
1000107c:	88db      	ldrh	r3, [r3, #6]
1000107e:	025b      	lsls	r3, r3, #9
10001080:	602b      	str	r3, [r5, #0]
10001082:	2000      	movs	r0, #0
10001084:	b002      	add	sp, #8
10001086:	bd70      	pop	{r4, r5, r6, pc}
10001088:	6ac3      	ldr	r3, [r0, #44]	@ 0x2c
1000108a:	602b      	str	r3, [r5, #0]
1000108c:	e7f9      	b.n	10001082 <VL53L0X_GetLimitCheckValue+0x2a>
1000108e:	6b43      	ldr	r3, [r0, #52]	@ 0x34
10001090:	602b      	str	r3, [r5, #0]
10001092:	e7f6      	b.n	10001082 <VL53L0X_GetLimitCheckValue+0x2a>
10001094:	6b83      	ldr	r3, [r0, #56]	@ 0x38
10001096:	602b      	str	r3, [r5, #0]
10001098:	e7f3      	b.n	10001082 <VL53L0X_GetLimitCheckValue+0x2a>
1000109a:	466b      	mov	r3, sp
1000109c:	1d9e      	adds	r6, r3, #6
1000109e:	0032      	movs	r2, r6
100010a0:	2144      	movs	r1, #68	@ 0x44
100010a2:	f7ff faf9 	bl	10000698 <VL53L0X_RdWord>
100010a6:	2800      	cmp	r0, #0
100010a8:	d1ec      	bne.n	10001084 <VL53L0X_GetLimitCheckValue+0x2c>
100010aa:	8833      	ldrh	r3, [r6, #0]
100010ac:	025a      	lsls	r2, r3, #9
100010ae:	2b00      	cmp	r3, #0
100010b0:	d104      	bne.n	100010bc <VL53L0X_GetLimitCheckValue+0x64>
100010b2:	6b23      	ldr	r3, [r4, #48]	@ 0x30
100010b4:	602b      	str	r3, [r5, #0]
100010b6:	2321      	movs	r3, #33	@ 0x21
100010b8:	54e2      	strb	r2, [r4, r3]
100010ba:	e7e2      	b.n	10001082 <VL53L0X_GetLimitCheckValue+0x2a>
100010bc:	602a      	str	r2, [r5, #0]
100010be:	2321      	movs	r3, #33	@ 0x21
100010c0:	6322      	str	r2, [r4, #48]	@ 0x30
100010c2:	2201      	movs	r2, #1
100010c4:	54e2      	strb	r2, [r4, r3]
100010c6:	e7dc      	b.n	10001082 <VL53L0X_GetLimitCheckValue+0x2a>
100010c8:	2004      	movs	r0, #4
100010ca:	4240      	negs	r0, r0
100010cc:	e7da      	b.n	10001084 <VL53L0X_GetLimitCheckValue+0x2c>
100010ce:	46c0      	nop			@ (mov r8, r8)
100010d0:	1000a9c4 	.word	0x1000a9c4

100010d4 <VL53L0X_PerformRefCalibration>:
100010d4:	b510      	push	{r4, lr}
100010d6:	2301      	movs	r3, #1
100010d8:	f002 f960 	bl	1000339c <VL53L0X_perform_ref_calibration>
100010dc:	bd10      	pop	{r4, pc}
100010de:	46c0      	nop			@ (mov r8, r8)

100010e0 <VL53L0X_CheckAndLoadInterruptSettings>:
100010e0:	2383      	movs	r3, #131	@ 0x83
100010e2:	b570      	push	{r4, r5, r6, lr}
100010e4:	005b      	lsls	r3, r3, #1
100010e6:	5cc3      	ldrb	r3, [r0, r3]
100010e8:	0004      	movs	r4, r0
100010ea:	000d      	movs	r5, r1
100010ec:	b082      	sub	sp, #8
100010ee:	2b02      	cmp	r3, #2
100010f0:	d024      	beq.n	1000113c <VL53L0X_CheckAndLoadInterruptSettings+0x5c>
100010f2:	2b03      	cmp	r3, #3
100010f4:	d00c      	beq.n	10001110 <VL53L0X_CheckAndLoadInterruptSettings+0x30>
100010f6:	2000      	movs	r0, #0
100010f8:	2b01      	cmp	r3, #1
100010fa:	d107      	bne.n	1000110c <VL53L0X_CheckAndLoadInterruptSettings+0x2c>
100010fc:	466b      	mov	r3, sp
100010fe:	210e      	movs	r1, #14
10001100:	0020      	movs	r0, r4
10001102:	1d9a      	adds	r2, r3, #6
10001104:	f7ff fac8 	bl	10000698 <VL53L0X_RdWord>
10001108:	2800      	cmp	r0, #0
1000110a:	d029      	beq.n	10001160 <VL53L0X_CheckAndLoadInterruptSettings+0x80>
1000110c:	b002      	add	sp, #8
1000110e:	bd70      	pop	{r4, r5, r6, pc}
10001110:	466b      	mov	r3, sp
10001112:	210e      	movs	r1, #14
10001114:	1d9a      	adds	r2, r3, #6
10001116:	f7ff fabf 	bl	10000698 <VL53L0X_RdWord>
1000111a:	2800      	cmp	r0, #0
1000111c:	d1f6      	bne.n	1000110c <VL53L0X_CheckAndLoadInterruptSettings+0x2c>
1000111e:	466b      	mov	r3, sp
10001120:	210c      	movs	r1, #12
10001122:	0020      	movs	r0, r4
10001124:	1d9a      	adds	r2, r3, #6
10001126:	f7ff fab7 	bl	10000698 <VL53L0X_RdWord>
1000112a:	2800      	cmp	r0, #0
1000112c:	d1ee      	bne.n	1000110c <VL53L0X_CheckAndLoadInterruptSettings+0x2c>
1000112e:	2d00      	cmp	r5, #0
10001130:	d025      	beq.n	1000117e <VL53L0X_CheckAndLoadInterruptSettings+0x9e>
10001132:	0020      	movs	r0, r4
10001134:	4920      	ldr	r1, [pc, #128]	@ (100011b8 <VL53L0X_CheckAndLoadInterruptSettings+0xd8>)
10001136:	f001 fac9 	bl	100026cc <VL53L0X_load_tuning_settings>
1000113a:	e7e7      	b.n	1000110c <VL53L0X_CheckAndLoadInterruptSettings+0x2c>
1000113c:	466b      	mov	r3, sp
1000113e:	210e      	movs	r1, #14
10001140:	1d9a      	adds	r2, r3, #6
10001142:	f7ff faa9 	bl	10000698 <VL53L0X_RdWord>
10001146:	2800      	cmp	r0, #0
10001148:	d1e0      	bne.n	1000110c <VL53L0X_CheckAndLoadInterruptSettings+0x2c>
1000114a:	466b      	mov	r3, sp
1000114c:	210c      	movs	r1, #12
1000114e:	1d9a      	adds	r2, r3, #6
10001150:	0020      	movs	r0, r4
10001152:	f7ff faa1 	bl	10000698 <VL53L0X_RdWord>
10001156:	466b      	mov	r3, sp
10001158:	88db      	ldrh	r3, [r3, #6]
1000115a:	051b      	lsls	r3, r3, #20
1000115c:	d0d6      	beq.n	1000110c <VL53L0X_CheckAndLoadInterruptSettings+0x2c>
1000115e:	e7e4      	b.n	1000112a <VL53L0X_CheckAndLoadInterruptSettings+0x4a>
10001160:	466b      	mov	r3, sp
10001162:	210c      	movs	r1, #12
10001164:	88de      	ldrh	r6, [r3, #6]
10001166:	1d9a      	adds	r2, r3, #6
10001168:	0020      	movs	r0, r4
1000116a:	f7ff fa95 	bl	10000698 <VL53L0X_RdWord>
1000116e:	4b13      	ldr	r3, [pc, #76]	@ (100011bc <VL53L0X_CheckAndLoadInterruptSettings+0xdc>)
10001170:	0476      	lsls	r6, r6, #17
10001172:	401e      	ands	r6, r3
10001174:	23ff      	movs	r3, #255	@ 0xff
10001176:	041b      	lsls	r3, r3, #16
10001178:	429e      	cmp	r6, r3
1000117a:	d9c7      	bls.n	1000110c <VL53L0X_CheckAndLoadInterruptSettings+0x2c>
1000117c:	e7d5      	b.n	1000112a <VL53L0X_CheckAndLoadInterruptSettings+0x4a>
1000117e:	2204      	movs	r2, #4
10001180:	21ff      	movs	r1, #255	@ 0xff
10001182:	0020      	movs	r0, r4
10001184:	f7ff fa32 	bl	100005ec <VL53L0X_WrByte>
10001188:	2200      	movs	r2, #0
1000118a:	0005      	movs	r5, r0
1000118c:	2170      	movs	r1, #112	@ 0x70
1000118e:	0020      	movs	r0, r4
10001190:	f7ff fa2c 	bl	100005ec <VL53L0X_WrByte>
10001194:	2200      	movs	r2, #0
10001196:	21ff      	movs	r1, #255	@ 0xff
10001198:	4305      	orrs	r5, r0
1000119a:	0020      	movs	r0, r4
1000119c:	f7ff fa26 	bl	100005ec <VL53L0X_WrByte>
100011a0:	b26d      	sxtb	r5, r5
100011a2:	4305      	orrs	r5, r0
100011a4:	2200      	movs	r2, #0
100011a6:	2180      	movs	r1, #128	@ 0x80
100011a8:	0020      	movs	r0, r4
100011aa:	f7ff fa1f 	bl	100005ec <VL53L0X_WrByte>
100011ae:	b26d      	sxtb	r5, r5
100011b0:	4328      	orrs	r0, r5
100011b2:	b240      	sxtb	r0, r0
100011b4:	e7aa      	b.n	1000110c <VL53L0X_CheckAndLoadInterruptSettings+0x2c>
100011b6:	46c0      	nop			@ (mov r8, r8)
100011b8:	20000fe0 	.word	0x20000fe0
100011bc:	1ffe0000 	.word	0x1ffe0000

100011c0 <VL53L0X_StartMeasurement>:
100011c0:	b5f0      	push	{r4, r5, r6, r7, lr}
100011c2:	46c6      	mov	lr, r8
100011c4:	0004      	movs	r4, r0
100011c6:	b500      	push	{lr}
100011c8:	2201      	movs	r2, #1
100011ca:	b082      	sub	sp, #8
100011cc:	2180      	movs	r1, #128	@ 0x80
100011ce:	7a05      	ldrb	r5, [r0, #8]
100011d0:	f7ff fa0c 	bl	100005ec <VL53L0X_WrByte>
100011d4:	2201      	movs	r2, #1
100011d6:	21ff      	movs	r1, #255	@ 0xff
100011d8:	0020      	movs	r0, r4
100011da:	f7ff fa07 	bl	100005ec <VL53L0X_WrByte>
100011de:	2200      	movs	r2, #0
100011e0:	2100      	movs	r1, #0
100011e2:	0020      	movs	r0, r4
100011e4:	f7ff fa02 	bl	100005ec <VL53L0X_WrByte>
100011e8:	23b3      	movs	r3, #179	@ 0xb3
100011ea:	005b      	lsls	r3, r3, #1
100011ec:	5ce2      	ldrb	r2, [r4, r3]
100011ee:	2191      	movs	r1, #145	@ 0x91
100011f0:	0020      	movs	r0, r4
100011f2:	f7ff f9fb 	bl	100005ec <VL53L0X_WrByte>
100011f6:	2201      	movs	r2, #1
100011f8:	2100      	movs	r1, #0
100011fa:	0020      	movs	r0, r4
100011fc:	f7ff f9f6 	bl	100005ec <VL53L0X_WrByte>
10001200:	2200      	movs	r2, #0
10001202:	21ff      	movs	r1, #255	@ 0xff
10001204:	0020      	movs	r0, r4
10001206:	f7ff f9f1 	bl	100005ec <VL53L0X_WrByte>
1000120a:	2200      	movs	r2, #0
1000120c:	2180      	movs	r1, #128	@ 0x80
1000120e:	0020      	movs	r0, r4
10001210:	f7ff f9ec 	bl	100005ec <VL53L0X_WrByte>
10001214:	2d01      	cmp	r5, #1
10001216:	d034      	beq.n	10001282 <VL53L0X_StartMeasurement+0xc2>
10001218:	2d03      	cmp	r5, #3
1000121a:	d024      	beq.n	10001266 <VL53L0X_StartMeasurement+0xa6>
1000121c:	2d00      	cmp	r5, #0
1000121e:	d13e      	bne.n	1000129e <VL53L0X_StartMeasurement+0xde>
10001220:	2201      	movs	r2, #1
10001222:	2100      	movs	r1, #0
10001224:	0020      	movs	r0, r4
10001226:	f7ff f9e1 	bl	100005ec <VL53L0X_WrByte>
1000122a:	466b      	mov	r3, sp
1000122c:	1dde      	adds	r6, r3, #7
1000122e:	2301      	movs	r3, #1
10001230:	7033      	strb	r3, [r6, #0]
10001232:	2800      	cmp	r0, #0
10001234:	d113      	bne.n	1000125e <VL53L0X_StartMeasurement+0x9e>
10001236:	23fa      	movs	r3, #250	@ 0xfa
10001238:	00db      	lsls	r3, r3, #3
1000123a:	2501      	movs	r5, #1
1000123c:	2701      	movs	r7, #1
1000123e:	4698      	mov	r8, r3
10001240:	0032      	movs	r2, r6
10001242:	2100      	movs	r1, #0
10001244:	0020      	movs	r0, r4
10001246:	f7ff fa03 	bl	10000650 <VL53L0X_RdByte>
1000124a:	7833      	ldrb	r3, [r6, #0]
1000124c:	3501      	adds	r5, #1
1000124e:	421f      	tst	r7, r3
10001250:	d032      	beq.n	100012b8 <VL53L0X_StartMeasurement+0xf8>
10001252:	2800      	cmp	r0, #0
10001254:	d130      	bne.n	100012b8 <VL53L0X_StartMeasurement+0xf8>
10001256:	4545      	cmp	r5, r8
10001258:	d1f2      	bne.n	10001240 <VL53L0X_StartMeasurement+0x80>
1000125a:	2007      	movs	r0, #7
1000125c:	4240      	negs	r0, r0
1000125e:	b002      	add	sp, #8
10001260:	bc80      	pop	{r7}
10001262:	46b8      	mov	r8, r7
10001264:	bdf0      	pop	{r4, r5, r6, r7, pc}
10001266:	2800      	cmp	r0, #0
10001268:	d021      	beq.n	100012ae <VL53L0X_StartMeasurement+0xee>
1000126a:	2204      	movs	r2, #4
1000126c:	2100      	movs	r1, #0
1000126e:	0020      	movs	r0, r4
10001270:	f7ff f9bc 	bl	100005ec <VL53L0X_WrByte>
10001274:	2800      	cmp	r0, #0
10001276:	d1f2      	bne.n	1000125e <VL53L0X_StartMeasurement+0x9e>
10001278:	23af      	movs	r3, #175	@ 0xaf
1000127a:	2204      	movs	r2, #4
1000127c:	005b      	lsls	r3, r3, #1
1000127e:	54e2      	strb	r2, [r4, r3]
10001280:	e7ed      	b.n	1000125e <VL53L0X_StartMeasurement+0x9e>
10001282:	2800      	cmp	r0, #0
10001284:	d00e      	beq.n	100012a4 <VL53L0X_StartMeasurement+0xe4>
10001286:	2202      	movs	r2, #2
10001288:	2100      	movs	r1, #0
1000128a:	0020      	movs	r0, r4
1000128c:	f7ff f9ae 	bl	100005ec <VL53L0X_WrByte>
10001290:	2800      	cmp	r0, #0
10001292:	d1e4      	bne.n	1000125e <VL53L0X_StartMeasurement+0x9e>
10001294:	23af      	movs	r3, #175	@ 0xaf
10001296:	2204      	movs	r2, #4
10001298:	005b      	lsls	r3, r3, #1
1000129a:	54e2      	strb	r2, [r4, r3]
1000129c:	e7df      	b.n	1000125e <VL53L0X_StartMeasurement+0x9e>
1000129e:	2008      	movs	r0, #8
100012a0:	4240      	negs	r0, r0
100012a2:	e7dc      	b.n	1000125e <VL53L0X_StartMeasurement+0x9e>
100012a4:	2101      	movs	r1, #1
100012a6:	0020      	movs	r0, r4
100012a8:	f7ff ff1a 	bl	100010e0 <VL53L0X_CheckAndLoadInterruptSettings>
100012ac:	e7eb      	b.n	10001286 <VL53L0X_StartMeasurement+0xc6>
100012ae:	2101      	movs	r1, #1
100012b0:	0020      	movs	r0, r4
100012b2:	f7ff ff15 	bl	100010e0 <VL53L0X_CheckAndLoadInterruptSettings>
100012b6:	e7d8      	b.n	1000126a <VL53L0X_StartMeasurement+0xaa>
100012b8:	23fa      	movs	r3, #250	@ 0xfa
100012ba:	00db      	lsls	r3, r3, #3
100012bc:	429d      	cmp	r5, r3
100012be:	d1ce      	bne.n	1000125e <VL53L0X_StartMeasurement+0x9e>
100012c0:	e7cb      	b.n	1000125a <VL53L0X_StartMeasurement+0x9a>
100012c2:	46c0      	nop			@ (mov r8, r8)

100012c4 <VL53L0X_GetMeasurementDataReady>:
100012c4:	2383      	movs	r3, #131	@ 0x83
100012c6:	b530      	push	{r4, r5, lr}
100012c8:	005b      	lsls	r3, r3, #1
100012ca:	5cc3      	ldrb	r3, [r0, r3]
100012cc:	000c      	movs	r4, r1
100012ce:	b083      	sub	sp, #12
100012d0:	2b04      	cmp	r3, #4
100012d2:	d00e      	beq.n	100012f2 <VL53L0X_GetMeasurementDataReady+0x2e>
100012d4:	466b      	mov	r3, sp
100012d6:	2114      	movs	r1, #20
100012d8:	1dda      	adds	r2, r3, #7
100012da:	f7ff f9b9 	bl	10000650 <VL53L0X_RdByte>
100012de:	2800      	cmp	r0, #0
100012e0:	d105      	bne.n	100012ee <VL53L0X_GetMeasurementDataReady+0x2a>
100012e2:	466a      	mov	r2, sp
100012e4:	2301      	movs	r3, #1
100012e6:	79d2      	ldrb	r2, [r2, #7]
100012e8:	4213      	tst	r3, r2
100012ea:	d013      	beq.n	10001314 <VL53L0X_GetMeasurementDataReady+0x50>
100012ec:	7023      	strb	r3, [r4, #0]
100012ee:	b003      	add	sp, #12
100012f0:	bd30      	pop	{r4, r5, pc}
100012f2:	466b      	mov	r3, sp
100012f4:	1ddd      	adds	r5, r3, #7
100012f6:	002a      	movs	r2, r5
100012f8:	2113      	movs	r1, #19
100012fa:	f7ff f9a9 	bl	10000650 <VL53L0X_RdByte>
100012fe:	2307      	movs	r3, #7
10001300:	2118      	movs	r1, #24
10001302:	782a      	ldrb	r2, [r5, #0]
10001304:	4013      	ands	r3, r2
10001306:	4211      	tst	r1, r2
10001308:	d109      	bne.n	1000131e <VL53L0X_GetMeasurementDataReady+0x5a>
1000130a:	2b04      	cmp	r3, #4
1000130c:	d004      	beq.n	10001318 <VL53L0X_GetMeasurementDataReady+0x54>
1000130e:	2300      	movs	r3, #0
10001310:	7023      	strb	r3, [r4, #0]
10001312:	e7ec      	b.n	100012ee <VL53L0X_GetMeasurementDataReady+0x2a>
10001314:	7020      	strb	r0, [r4, #0]
10001316:	e7ea      	b.n	100012ee <VL53L0X_GetMeasurementDataReady+0x2a>
10001318:	3b03      	subs	r3, #3
1000131a:	7023      	strb	r3, [r4, #0]
1000131c:	e7e7      	b.n	100012ee <VL53L0X_GetMeasurementDataReady+0x2a>
1000131e:	2006      	movs	r0, #6
10001320:	4240      	negs	r0, r0
10001322:	e7f2      	b.n	1000130a <VL53L0X_GetMeasurementDataReady+0x46>

10001324 <VL53L0X_GetRangingMeasurementData>:
10001324:	b5f0      	push	{r4, r5, r6, r7, lr}
10001326:	46de      	mov	lr, fp
10001328:	4657      	mov	r7, sl
1000132a:	4645      	mov	r5, r8
1000132c:	464e      	mov	r6, r9
1000132e:	b5e0      	push	{r5, r6, r7, lr}
10001330:	b091      	sub	sp, #68	@ 0x44
10001332:	af06      	add	r7, sp, #24
10001334:	230c      	movs	r3, #12
10001336:	000c      	movs	r4, r1
10001338:	003a      	movs	r2, r7
1000133a:	2114      	movs	r1, #20
1000133c:	0005      	movs	r5, r0
1000133e:	f7ff f929 	bl	10000594 <VL53L0X_ReadMulti>
10001342:	1e03      	subs	r3, r0, #0
10001344:	d177      	bne.n	10001436 <VL53L0X_GetRangingMeasurementData+0x112>
10001346:	6063      	str	r3, [r4, #4]
10001348:	893b      	ldrh	r3, [r7, #8]
1000134a:	21fa      	movs	r1, #250	@ 0xfa
1000134c:	ba5b      	rev16	r3, r3
1000134e:	b29b      	uxth	r3, r3
10001350:	025b      	lsls	r3, r3, #9
10001352:	6123      	str	r3, [r4, #16]
10001354:	887b      	ldrh	r3, [r7, #2]
10001356:	88fe      	ldrh	r6, [r7, #6]
10001358:	ba5b      	rev16	r3, r3
1000135a:	b29a      	uxth	r2, r3
1000135c:	82a3      	strh	r3, [r4, #20]
1000135e:	783b      	ldrb	r3, [r7, #0]
10001360:	4690      	mov	r8, r2
10001362:	4699      	mov	r9, r3
10001364:	23bf      	movs	r3, #191	@ 0xbf
10001366:	225e      	movs	r2, #94	@ 0x5e
10001368:	ba76      	rev16	r6, r6
1000136a:	b2b6      	uxth	r6, r6
1000136c:	0276      	lsls	r6, r6, #9
1000136e:	75a0      	strb	r0, [r4, #22]
10001370:	6020      	str	r0, [r4, #0]
10001372:	60e6      	str	r6, [r4, #12]
10001374:	8978      	ldrh	r0, [r7, #10]
10001376:	005b      	lsls	r3, r3, #1
10001378:	5aeb      	ldrh	r3, [r5, r3]
1000137a:	ba40      	rev16	r0, r0
1000137c:	32ff      	adds	r2, #255	@ 0xff
1000137e:	5caf      	ldrb	r7, [r5, r2]
10001380:	b280      	uxth	r0, r0
10001382:	0089      	lsls	r1, r1, #2
10001384:	428b      	cmp	r3, r1
10001386:	d014      	beq.n	100013b2 <VL53L0X_GetRangingMeasurementData+0x8e>
10001388:	4358      	muls	r0, r3
1000138a:	30f5      	adds	r0, #245	@ 0xf5
1000138c:	30ff      	adds	r0, #255	@ 0xff
1000138e:	f003 fd89 	bl	10004ea4 <__wrap___aeabi_idiv>
10001392:	7d2b      	ldrb	r3, [r5, #20]
10001394:	2b00      	cmp	r3, #0
10001396:	d00b      	beq.n	100013b0 <VL53L0X_GetRangingMeasurementData+0x8c>
10001398:	4643      	mov	r3, r8
1000139a:	8b29      	ldrh	r1, [r5, #24]
1000139c:	4359      	muls	r1, r3
1000139e:	1209      	asrs	r1, r1, #8
100013a0:	42b1      	cmp	r1, r6
100013a2:	d04f      	beq.n	10001444 <VL53L0X_GetRangingMeasurementData+0x120>
100013a4:	0400      	lsls	r0, r0, #16
100013a6:	0c00      	lsrs	r0, r0, #16
100013a8:	4370      	muls	r0, r6
100013aa:	1a71      	subs	r1, r6, r1
100013ac:	f003 fda2 	bl	10004ef4 <__wrap___aeabi_uidiv>
100013b0:	b280      	uxth	r0, r0
100013b2:	2f00      	cmp	r7, #0
100013b4:	d002      	beq.n	100013bc <VL53L0X_GetRangingMeasurementData+0x98>
100013b6:	0187      	lsls	r7, r0, #6
100013b8:	b2ff      	uxtb	r7, r7
100013ba:	0880      	lsrs	r0, r0, #2
100013bc:	ab02      	add	r3, sp, #8
100013be:	75e7      	strb	r7, [r4, #23]
100013c0:	469c      	mov	ip, r3
100013c2:	270f      	movs	r7, #15
100013c4:	4467      	add	r7, ip
100013c6:	8120      	strh	r0, [r4, #8]
100013c8:	4643      	mov	r3, r8
100013ca:	0032      	movs	r2, r6
100013cc:	4649      	mov	r1, r9
100013ce:	0028      	movs	r0, r5
100013d0:	9701      	str	r7, [sp, #4]
100013d2:	9400      	str	r4, [sp, #0]
100013d4:	f001 fc08 	bl	10002be8 <VL53L0X_get_pal_range_status>
100013d8:	2800      	cmp	r0, #0
100013da:	d12c      	bne.n	10001436 <VL53L0X_GetRangingMeasurementData+0x112>
100013dc:	aa09      	add	r2, sp, #36	@ 0x24
100013de:	4693      	mov	fp, r2
100013e0:	002a      	movs	r2, r5
100013e2:	4659      	mov	r1, fp
100013e4:	783b      	ldrb	r3, [r7, #0]
100013e6:	3280      	adds	r2, #128	@ 0x80
100013e8:	9303      	str	r3, [sp, #12]
100013ea:	7623      	strb	r3, [r4, #24]
100013ec:	cac8      	ldmia	r2!, {r3, r6, r7}
100013ee:	c1c8      	stmia	r1!, {r3, r6, r7}
100013f0:	cac8      	ldmia	r2!, {r3, r6, r7}
100013f2:	c1c8      	stmia	r1!, {r3, r6, r7}
100013f4:	6817      	ldr	r7, [r2, #0]
100013f6:	3580      	adds	r5, #128	@ 0x80
100013f8:	600f      	str	r7, [r1, #0]
100013fa:	68e6      	ldr	r6, [r4, #12]
100013fc:	68a7      	ldr	r7, [r4, #8]
100013fe:	46b1      	mov	r9, r6
10001400:	6926      	ldr	r6, [r4, #16]
10001402:	46ba      	mov	sl, r7
10001404:	46b0      	mov	r8, r6
10001406:	8aa6      	ldrh	r6, [r4, #20]
10001408:	7de7      	ldrb	r7, [r4, #23]
1000140a:	46b4      	mov	ip, r6
1000140c:	465e      	mov	r6, fp
1000140e:	6864      	ldr	r4, [r4, #4]
10001410:	9b03      	ldr	r3, [sp, #12]
10001412:	6074      	str	r4, [r6, #4]
10001414:	4654      	mov	r4, sl
10001416:	940b      	str	r4, [sp, #44]	@ 0x2c
10001418:	464c      	mov	r4, r9
1000141a:	940c      	str	r4, [sp, #48]	@ 0x30
1000141c:	4644      	mov	r4, r8
1000141e:	940d      	str	r4, [sp, #52]	@ 0x34
10001420:	4664      	mov	r4, ip
10001422:	7633      	strb	r3, [r6, #24]
10001424:	465b      	mov	r3, fp
10001426:	82b4      	strh	r4, [r6, #20]
10001428:	75f7      	strb	r7, [r6, #23]
1000142a:	cbd0      	ldmia	r3!, {r4, r6, r7}
1000142c:	c5d0      	stmia	r5!, {r4, r6, r7}
1000142e:	cbd0      	ldmia	r3!, {r4, r6, r7}
10001430:	c5d0      	stmia	r5!, {r4, r6, r7}
10001432:	680b      	ldr	r3, [r1, #0]
10001434:	6013      	str	r3, [r2, #0]
10001436:	b011      	add	sp, #68	@ 0x44
10001438:	bcf0      	pop	{r4, r5, r6, r7}
1000143a:	46bb      	mov	fp, r7
1000143c:	46b2      	mov	sl, r6
1000143e:	46a9      	mov	r9, r5
10001440:	46a0      	mov	r8, r4
10001442:	bdf0      	pop	{r4, r5, r6, r7, pc}
10001444:	2f00      	cmp	r7, #0
10001446:	d002      	beq.n	1000144e <VL53L0X_GetRangingMeasurementData+0x12a>
10001448:	2700      	movs	r7, #0
1000144a:	4802      	ldr	r0, [pc, #8]	@ (10001454 <VL53L0X_GetRangingMeasurementData+0x130>)
1000144c:	e7b6      	b.n	100013bc <VL53L0X_GetRangingMeasurementData+0x98>
1000144e:	4802      	ldr	r0, [pc, #8]	@ (10001458 <VL53L0X_GetRangingMeasurementData+0x134>)
10001450:	e7b4      	b.n	100013bc <VL53L0X_GetRangingMeasurementData+0x98>
10001452:	46c0      	nop			@ (mov r8, r8)
10001454:	000008ae 	.word	0x000008ae
10001458:	00008ae0 	.word	0x00008ae0

1000145c <VL53L0X_PerformSingleRangingMeasurement>:
1000145c:	b5f0      	push	{r4, r5, r6, r7, lr}
1000145e:	46c6      	mov	lr, r8
10001460:	2300      	movs	r3, #0
10001462:	b500      	push	{lr}
10001464:	b082      	sub	sp, #8
10001466:	7203      	strb	r3, [r0, #8]
10001468:	0005      	movs	r5, r0
1000146a:	000c      	movs	r4, r1
1000146c:	f7ff fea8 	bl	100011c0 <VL53L0X_StartMeasurement>
10001470:	2800      	cmp	r0, #0
10001472:	d10e      	bne.n	10001492 <VL53L0X_PerformSingleRangingMeasurement+0x36>
10001474:	0028      	movs	r0, r5
10001476:	f000 f93d 	bl	100016f4 <VL53L0X_measurement_poll_for_completion>
1000147a:	2800      	cmp	r0, #0
1000147c:	d109      	bne.n	10001492 <VL53L0X_PerformSingleRangingMeasurement+0x36>
1000147e:	23af      	movs	r3, #175	@ 0xaf
10001480:	2203      	movs	r2, #3
10001482:	005b      	lsls	r3, r3, #1
10001484:	0021      	movs	r1, r4
10001486:	0028      	movs	r0, r5
10001488:	54ea      	strb	r2, [r5, r3]
1000148a:	f7ff ff4b 	bl	10001324 <VL53L0X_GetRangingMeasurementData>
1000148e:	2800      	cmp	r0, #0
10001490:	d003      	beq.n	1000149a <VL53L0X_PerformSingleRangingMeasurement+0x3e>
10001492:	b002      	add	sp, #8
10001494:	bc80      	pop	{r7}
10001496:	46b8      	mov	r8, r7
10001498:	bdf0      	pop	{r4, r5, r6, r7, pc}
1000149a:	466b      	mov	r3, sp
1000149c:	1ddf      	adds	r7, r3, #7
1000149e:	2307      	movs	r3, #7
100014a0:	2600      	movs	r6, #0
100014a2:	4698      	mov	r8, r3
100014a4:	2201      	movs	r2, #1
100014a6:	210b      	movs	r1, #11
100014a8:	0028      	movs	r0, r5
100014aa:	f7ff f89f 	bl	100005ec <VL53L0X_WrByte>
100014ae:	2200      	movs	r2, #0
100014b0:	0004      	movs	r4, r0
100014b2:	210b      	movs	r1, #11
100014b4:	0028      	movs	r0, r5
100014b6:	f7ff f899 	bl	100005ec <VL53L0X_WrByte>
100014ba:	003a      	movs	r2, r7
100014bc:	4304      	orrs	r4, r0
100014be:	2113      	movs	r1, #19
100014c0:	0028      	movs	r0, r5
100014c2:	f7ff f8c5 	bl	10000650 <VL53L0X_RdByte>
100014c6:	4642      	mov	r2, r8
100014c8:	b264      	sxtb	r4, r4
100014ca:	783b      	ldrb	r3, [r7, #0]
100014cc:	4320      	orrs	r0, r4
100014ce:	3601      	adds	r6, #1
100014d0:	b240      	sxtb	r0, r0
100014d2:	b2f6      	uxtb	r6, r6
100014d4:	421a      	tst	r2, r3
100014d6:	d004      	beq.n	100014e2 <VL53L0X_PerformSingleRangingMeasurement+0x86>
100014d8:	2e03      	cmp	r6, #3
100014da:	d004      	beq.n	100014e6 <VL53L0X_PerformSingleRangingMeasurement+0x8a>
100014dc:	2800      	cmp	r0, #0
100014de:	d0e1      	beq.n	100014a4 <VL53L0X_PerformSingleRangingMeasurement+0x48>
100014e0:	e7d7      	b.n	10001492 <VL53L0X_PerformSingleRangingMeasurement+0x36>
100014e2:	2e03      	cmp	r6, #3
100014e4:	d1d5      	bne.n	10001492 <VL53L0X_PerformSingleRangingMeasurement+0x36>
100014e6:	200c      	movs	r0, #12
100014e8:	4240      	negs	r0, r0
100014ea:	e7d2      	b.n	10001492 <VL53L0X_PerformSingleRangingMeasurement+0x36>

100014ec <VL53L0X_ClearInterruptMask>:
100014ec:	b5f0      	push	{r4, r5, r6, r7, lr}
100014ee:	46c6      	mov	lr, r8
100014f0:	b500      	push	{lr}
100014f2:	b082      	sub	sp, #8
100014f4:	466b      	mov	r3, sp
100014f6:	1ddf      	adds	r7, r3, #7
100014f8:	2307      	movs	r3, #7
100014fa:	0006      	movs	r6, r0
100014fc:	2500      	movs	r5, #0
100014fe:	4698      	mov	r8, r3
10001500:	2201      	movs	r2, #1
10001502:	210b      	movs	r1, #11
10001504:	0030      	movs	r0, r6
10001506:	f7ff f871 	bl	100005ec <VL53L0X_WrByte>
1000150a:	2200      	movs	r2, #0
1000150c:	0004      	movs	r4, r0
1000150e:	210b      	movs	r1, #11
10001510:	0030      	movs	r0, r6
10001512:	f7ff f86b 	bl	100005ec <VL53L0X_WrByte>
10001516:	003a      	movs	r2, r7
10001518:	4304      	orrs	r4, r0
1000151a:	2113      	movs	r1, #19
1000151c:	0030      	movs	r0, r6
1000151e:	f7ff f897 	bl	10000650 <VL53L0X_RdByte>
10001522:	4642      	mov	r2, r8
10001524:	b264      	sxtb	r4, r4
10001526:	783b      	ldrb	r3, [r7, #0]
10001528:	4320      	orrs	r0, r4
1000152a:	3501      	adds	r5, #1
1000152c:	b240      	sxtb	r0, r0
1000152e:	b2ed      	uxtb	r5, r5
10001530:	421a      	tst	r2, r3
10001532:	d007      	beq.n	10001544 <VL53L0X_ClearInterruptMask+0x58>
10001534:	2d03      	cmp	r5, #3
10001536:	d007      	beq.n	10001548 <VL53L0X_ClearInterruptMask+0x5c>
10001538:	2800      	cmp	r0, #0
1000153a:	d0e1      	beq.n	10001500 <VL53L0X_ClearInterruptMask+0x14>
1000153c:	b002      	add	sp, #8
1000153e:	bc80      	pop	{r7}
10001540:	46b8      	mov	r8, r7
10001542:	bdf0      	pop	{r4, r5, r6, r7, pc}
10001544:	2d03      	cmp	r5, #3
10001546:	d1f9      	bne.n	1000153c <VL53L0X_ClearInterruptMask+0x50>
10001548:	200c      	movs	r0, #12
1000154a:	4240      	negs	r0, r0
1000154c:	e7f6      	b.n	1000153c <VL53L0X_ClearInterruptMask+0x50>
1000154e:	46c0      	nop			@ (mov r8, r8)

10001550 <VL53L0X_PerformRefSpadManagement>:
10001550:	b510      	push	{r4, lr}
10001552:	f001 ffb3 	bl	100034bc <VL53L0X_perform_ref_spad_management>
10001556:	bd10      	pop	{r4, pc}

10001558 <set_sequence_step_timeout.part.0>:
10001558:	b5f0      	push	{r4, r5, r6, r7, lr}
1000155a:	46ce      	mov	lr, r9
1000155c:	4647      	mov	r7, r8
1000155e:	b580      	push	{r7, lr}
10001560:	0005      	movs	r5, r0
10001562:	0016      	movs	r6, r2
10001564:	b085      	sub	sp, #20
10001566:	2903      	cmp	r1, #3
10001568:	d060      	beq.n	1000162c <set_sequence_step_timeout.part.0+0xd4>
1000156a:	2904      	cmp	r1, #4
1000156c:	d000      	beq.n	10001570 <set_sequence_step_timeout.part.0+0x18>
1000156e:	e0bc      	b.n	100016ea <set_sequence_step_timeout.part.0+0x192>
10001570:	ac02      	add	r4, sp, #8
10001572:	0021      	movs	r1, r4
10001574:	f7ff fcf4 	bl	10000f60 <VL53L0X_GetSequenceStepEnables>
10001578:	78e3      	ldrb	r3, [r4, #3]
1000157a:	2b00      	cmp	r3, #0
1000157c:	d146      	bne.n	1000160c <set_sequence_step_timeout.part.0+0xb4>
1000157e:	2305      	movs	r3, #5
10001580:	446b      	add	r3, sp
10001582:	2700      	movs	r7, #0
10001584:	4698      	mov	r8, r3
10001586:	4642      	mov	r2, r8
10001588:	2101      	movs	r1, #1
1000158a:	0028      	movs	r0, r5
1000158c:	f7ff fb24 	bl	10000bd8 <VL53L0X_GetVcselPulsePeriod>
10001590:	1e04      	subs	r4, r0, #0
10001592:	d145      	bne.n	10001620 <set_sequence_step_timeout.part.0+0xc8>
10001594:	4643      	mov	r3, r8
10001596:	781a      	ldrb	r2, [r3, #0]
10001598:	21fa      	movs	r1, #250	@ 0xfa
1000159a:	0153      	lsls	r3, r2, #5
1000159c:	1a9b      	subs	r3, r3, r2
1000159e:	015b      	lsls	r3, r3, #5
100015a0:	189b      	adds	r3, r3, r2
100015a2:	011a      	lsls	r2, r3, #4
100015a4:	1ad3      	subs	r3, r2, r3
100015a6:	22fa      	movs	r2, #250	@ 0xfa
100015a8:	0052      	lsls	r2, r2, #1
100015aa:	4690      	mov	r8, r2
100015ac:	021b      	lsls	r3, r3, #8
100015ae:	4498      	add	r8, r3
100015b0:	00c9      	lsls	r1, r1, #3
100015b2:	4640      	mov	r0, r8
100015b4:	f003 fc9e 	bl	10004ef4 <__wrap___aeabi_uidiv>
100015b8:	21fa      	movs	r1, #250	@ 0xfa
100015ba:	0174      	lsls	r4, r6, #5
100015bc:	1ba4      	subs	r4, r4, r6
100015be:	00a4      	lsls	r4, r4, #2
100015c0:	19a4      	adds	r4, r4, r6
100015c2:	00e4      	lsls	r4, r4, #3
100015c4:	1824      	adds	r4, r4, r0
100015c6:	0089      	lsls	r1, r1, #2
100015c8:	4640      	mov	r0, r8
100015ca:	f003 fc93 	bl	10004ef4 <__wrap___aeabi_uidiv>
100015ce:	0001      	movs	r1, r0
100015d0:	0020      	movs	r0, r4
100015d2:	f003 fc8f 	bl	10004ef4 <__wrap___aeabi_uidiv>
100015d6:	19c0      	adds	r0, r0, r7
100015d8:	2200      	movs	r2, #0
100015da:	2800      	cmp	r0, #0
100015dc:	d00c      	beq.n	100015f8 <set_sequence_step_timeout.part.0+0xa0>
100015de:	3801      	subs	r0, #1
100015e0:	2300      	movs	r3, #0
100015e2:	28ff      	cmp	r0, #255	@ 0xff
100015e4:	d906      	bls.n	100015f4 <set_sequence_step_timeout.part.0+0x9c>
100015e6:	3301      	adds	r3, #1
100015e8:	0840      	lsrs	r0, r0, #1
100015ea:	b29b      	uxth	r3, r3
100015ec:	28ff      	cmp	r0, #255	@ 0xff
100015ee:	d8fa      	bhi.n	100015e6 <set_sequence_step_timeout.part.0+0x8e>
100015f0:	021b      	lsls	r3, r3, #8
100015f2:	b29b      	uxth	r3, r3
100015f4:	181b      	adds	r3, r3, r0
100015f6:	b29a      	uxth	r2, r3
100015f8:	2171      	movs	r1, #113	@ 0x71
100015fa:	0028      	movs	r0, r5
100015fc:	f7ff f80e 	bl	1000061c <VL53L0X_WrWord>
10001600:	1e04      	subs	r4, r0, #0
10001602:	d10d      	bne.n	10001620 <set_sequence_step_timeout.part.0+0xc8>
10001604:	2384      	movs	r3, #132	@ 0x84
10001606:	005b      	lsls	r3, r3, #1
10001608:	50ee      	str	r6, [r5, r3]
1000160a:	e009      	b.n	10001620 <set_sequence_step_timeout.part.0+0xc8>
1000160c:	2305      	movs	r3, #5
1000160e:	446b      	add	r3, sp
10001610:	001a      	movs	r2, r3
10001612:	2100      	movs	r1, #0
10001614:	0028      	movs	r0, r5
10001616:	4698      	mov	r8, r3
10001618:	f7ff fade 	bl	10000bd8 <VL53L0X_GetVcselPulsePeriod>
1000161c:	1e04      	subs	r4, r0, #0
1000161e:	d053      	beq.n	100016c8 <set_sequence_step_timeout.part.0+0x170>
10001620:	0020      	movs	r0, r4
10001622:	b005      	add	sp, #20
10001624:	bcc0      	pop	{r6, r7}
10001626:	46b9      	mov	r9, r7
10001628:	46b0      	mov	r8, r6
1000162a:	bdf0      	pop	{r4, r5, r6, r7, pc}
1000162c:	2305      	movs	r3, #5
1000162e:	446b      	add	r3, sp
10001630:	4698      	mov	r8, r3
10001632:	001a      	movs	r2, r3
10001634:	2100      	movs	r1, #0
10001636:	f7ff facf 	bl	10000bd8 <VL53L0X_GetVcselPulsePeriod>
1000163a:	4643      	mov	r3, r8
1000163c:	781a      	ldrb	r2, [r3, #0]
1000163e:	21fa      	movs	r1, #250	@ 0xfa
10001640:	0153      	lsls	r3, r2, #5
10001642:	1a9b      	subs	r3, r3, r2
10001644:	015b      	lsls	r3, r3, #5
10001646:	189b      	adds	r3, r3, r2
10001648:	011a      	lsls	r2, r3, #4
1000164a:	1ad3      	subs	r3, r2, r3
1000164c:	22fa      	movs	r2, #250	@ 0xfa
1000164e:	0052      	lsls	r2, r2, #1
10001650:	4691      	mov	r9, r2
10001652:	021b      	lsls	r3, r3, #8
10001654:	4499      	add	r9, r3
10001656:	0173      	lsls	r3, r6, #5
10001658:	1b9b      	subs	r3, r3, r6
1000165a:	009b      	lsls	r3, r3, #2
1000165c:	199b      	adds	r3, r3, r6
1000165e:	00db      	lsls	r3, r3, #3
10001660:	00c9      	lsls	r1, r1, #3
10001662:	0007      	movs	r7, r0
10001664:	0004      	movs	r4, r0
10001666:	4648      	mov	r0, r9
10001668:	4698      	mov	r8, r3
1000166a:	f003 fc43 	bl	10004ef4 <__wrap___aeabi_uidiv>
1000166e:	21fa      	movs	r1, #250	@ 0xfa
10001670:	4480      	add	r8, r0
10001672:	0089      	lsls	r1, r1, #2
10001674:	4648      	mov	r0, r9
10001676:	f003 fc3d 	bl	10004ef4 <__wrap___aeabi_uidiv>
1000167a:	0001      	movs	r1, r0
1000167c:	4640      	mov	r0, r8
1000167e:	f003 fc39 	bl	10004ef4 <__wrap___aeabi_uidiv>
10001682:	0400      	lsls	r0, r0, #16
10001684:	2200      	movs	r2, #0
10001686:	0c01      	lsrs	r1, r0, #16
10001688:	2800      	cmp	r0, #0
1000168a:	d00c      	beq.n	100016a6 <set_sequence_step_timeout.part.0+0x14e>
1000168c:	3901      	subs	r1, #1
1000168e:	29ff      	cmp	r1, #255	@ 0xff
10001690:	d92e      	bls.n	100016f0 <set_sequence_step_timeout.part.0+0x198>
10001692:	2300      	movs	r3, #0
10001694:	3301      	adds	r3, #1
10001696:	0849      	lsrs	r1, r1, #1
10001698:	b29b      	uxth	r3, r3
1000169a:	29ff      	cmp	r1, #255	@ 0xff
1000169c:	d8fa      	bhi.n	10001694 <set_sequence_step_timeout.part.0+0x13c>
1000169e:	021a      	lsls	r2, r3, #8
100016a0:	b292      	uxth	r2, r2
100016a2:	1852      	adds	r2, r2, r1
100016a4:	b292      	uxth	r2, r2
100016a6:	466b      	mov	r3, sp
100016a8:	80da      	strh	r2, [r3, #6]
100016aa:	2382      	movs	r3, #130	@ 0x82
100016ac:	005b      	lsls	r3, r3, #1
100016ae:	52ea      	strh	r2, [r5, r3]
100016b0:	2f00      	cmp	r7, #0
100016b2:	d1b5      	bne.n	10001620 <set_sequence_step_timeout.part.0+0xc8>
100016b4:	2151      	movs	r1, #81	@ 0x51
100016b6:	0028      	movs	r0, r5
100016b8:	f7fe ffb0 	bl	1000061c <VL53L0X_WrWord>
100016bc:	1e04      	subs	r4, r0, #0
100016be:	d1af      	bne.n	10001620 <set_sequence_step_timeout.part.0+0xc8>
100016c0:	2388      	movs	r3, #136	@ 0x88
100016c2:	005b      	lsls	r3, r3, #1
100016c4:	50ee      	str	r6, [r5, r3]
100016c6:	e7ab      	b.n	10001620 <set_sequence_step_timeout.part.0+0xc8>
100016c8:	466b      	mov	r3, sp
100016ca:	2151      	movs	r1, #81	@ 0x51
100016cc:	0028      	movs	r0, r5
100016ce:	1d9a      	adds	r2, r3, #6
100016d0:	f7fe ffe2 	bl	10000698 <VL53L0X_RdWord>
100016d4:	1e04      	subs	r4, r0, #0
100016d6:	d1a3      	bne.n	10001620 <set_sequence_step_timeout.part.0+0xc8>
100016d8:	466b      	mov	r3, sp
100016da:	466a      	mov	r2, sp
100016dc:	88db      	ldrh	r3, [r3, #6]
100016de:	7997      	ldrb	r7, [r2, #6]
100016e0:	0a1b      	lsrs	r3, r3, #8
100016e2:	409f      	lsls	r7, r3
100016e4:	3701      	adds	r7, #1
100016e6:	b2bf      	uxth	r7, r7
100016e8:	e74d      	b.n	10001586 <set_sequence_step_timeout.part.0+0x2e>
100016ea:	2404      	movs	r4, #4
100016ec:	4264      	negs	r4, r4
100016ee:	e797      	b.n	10001620 <set_sequence_step_timeout.part.0+0xc8>
100016f0:	2200      	movs	r2, #0
100016f2:	e7d6      	b.n	100016a2 <set_sequence_step_timeout.part.0+0x14a>

100016f4 <VL53L0X_measurement_poll_for_completion>:
100016f4:	b570      	push	{r4, r5, r6, lr}
100016f6:	b082      	sub	sp, #8
100016f8:	466b      	mov	r3, sp
100016fa:	24fa      	movs	r4, #250	@ 0xfa
100016fc:	1dde      	adds	r6, r3, #7
100016fe:	2300      	movs	r3, #0
10001700:	0005      	movs	r5, r0
10001702:	7033      	strb	r3, [r6, #0]
10001704:	00e4      	lsls	r4, r4, #3
10001706:	e008      	b.n	1000171a <VL53L0X_measurement_poll_for_completion+0x26>
10001708:	7833      	ldrb	r3, [r6, #0]
1000170a:	2b01      	cmp	r3, #1
1000170c:	d00b      	beq.n	10001726 <VL53L0X_measurement_poll_for_completion+0x32>
1000170e:	3c01      	subs	r4, #1
10001710:	2c00      	cmp	r4, #0
10001712:	d00a      	beq.n	1000172a <VL53L0X_measurement_poll_for_completion+0x36>
10001714:	0028      	movs	r0, r5
10001716:	f7ff f863 	bl	100007e0 <VL53L0X_PollingDelay>
1000171a:	0031      	movs	r1, r6
1000171c:	0028      	movs	r0, r5
1000171e:	f7ff fdd1 	bl	100012c4 <VL53L0X_GetMeasurementDataReady>
10001722:	2800      	cmp	r0, #0
10001724:	d0f0      	beq.n	10001708 <VL53L0X_measurement_poll_for_completion+0x14>
10001726:	b002      	add	sp, #8
10001728:	bd70      	pop	{r4, r5, r6, pc}
1000172a:	2007      	movs	r0, #7
1000172c:	4240      	negs	r0, r0
1000172e:	e7fa      	b.n	10001726 <VL53L0X_measurement_poll_for_completion+0x32>

10001730 <VL53L0X_get_info_from_device>:
10001730:	b5f0      	push	{r4, r5, r6, r7, lr}
10001732:	4645      	mov	r5, r8
10001734:	4657      	mov	r7, sl
10001736:	46de      	mov	lr, fp
10001738:	464e      	mov	r6, r9
1000173a:	2300      	movs	r3, #0
1000173c:	b5e0      	push	{r5, r6, r7, lr}
1000173e:	b095      	sub	sp, #84	@ 0x54
10001740:	930b      	str	r3, [sp, #44]	@ 0x2c
10001742:	930c      	str	r3, [sp, #48]	@ 0x30
10001744:	331d      	adds	r3, #29
10001746:	33ff      	adds	r3, #255	@ 0xff
10001748:	5cc3      	ldrb	r3, [r0, r3]
1000174a:	0005      	movs	r5, r0
1000174c:	000f      	movs	r7, r1
1000174e:	4698      	mov	r8, r3
10001750:	2b07      	cmp	r3, #7
10001752:	d107      	bne.n	10001764 <VL53L0X_get_info_from_device+0x34>
10001754:	2000      	movs	r0, #0
10001756:	b015      	add	sp, #84	@ 0x54
10001758:	bcf0      	pop	{r4, r5, r6, r7}
1000175a:	46bb      	mov	fp, r7
1000175c:	46b2      	mov	sl, r6
1000175e:	46a9      	mov	r9, r5
10001760:	46a0      	mov	r8, r4
10001762:	bdf0      	pop	{r4, r5, r6, r7, pc}
10001764:	2201      	movs	r2, #1
10001766:	2180      	movs	r1, #128	@ 0x80
10001768:	f7fe ff40 	bl	100005ec <VL53L0X_WrByte>
1000176c:	2201      	movs	r2, #1
1000176e:	0004      	movs	r4, r0
10001770:	21ff      	movs	r1, #255	@ 0xff
10001772:	0028      	movs	r0, r5
10001774:	f7fe ff3a 	bl	100005ec <VL53L0X_WrByte>
10001778:	2200      	movs	r2, #0
1000177a:	2100      	movs	r1, #0
1000177c:	4304      	orrs	r4, r0
1000177e:	0028      	movs	r0, r5
10001780:	f7fe ff34 	bl	100005ec <VL53L0X_WrByte>
10001784:	b264      	sxtb	r4, r4
10001786:	2206      	movs	r2, #6
10001788:	21ff      	movs	r1, #255	@ 0xff
1000178a:	4304      	orrs	r4, r0
1000178c:	0028      	movs	r0, r5
1000178e:	f7fe ff2d 	bl	100005ec <VL53L0X_WrByte>
10001792:	b264      	sxtb	r4, r4
10001794:	2183      	movs	r1, #131	@ 0x83
10001796:	4304      	orrs	r4, r0
10001798:	aa09      	add	r2, sp, #36	@ 0x24
1000179a:	0028      	movs	r0, r5
1000179c:	f7fe ff58 	bl	10000650 <VL53L0X_RdByte>
100017a0:	ab08      	add	r3, sp, #32
100017a2:	791a      	ldrb	r2, [r3, #4]
100017a4:	2304      	movs	r3, #4
100017a6:	b264      	sxtb	r4, r4
100017a8:	431a      	orrs	r2, r3
100017aa:	2183      	movs	r1, #131	@ 0x83
100017ac:	4304      	orrs	r4, r0
100017ae:	0028      	movs	r0, r5
100017b0:	f7fe ff1c 	bl	100005ec <VL53L0X_WrByte>
100017b4:	b264      	sxtb	r4, r4
100017b6:	2207      	movs	r2, #7
100017b8:	21ff      	movs	r1, #255	@ 0xff
100017ba:	4304      	orrs	r4, r0
100017bc:	0028      	movs	r0, r5
100017be:	f7fe ff15 	bl	100005ec <VL53L0X_WrByte>
100017c2:	b264      	sxtb	r4, r4
100017c4:	2201      	movs	r2, #1
100017c6:	2181      	movs	r1, #129	@ 0x81
100017c8:	4304      	orrs	r4, r0
100017ca:	0028      	movs	r0, r5
100017cc:	f7fe ff0e 	bl	100005ec <VL53L0X_WrByte>
100017d0:	b264      	sxtb	r4, r4
100017d2:	4304      	orrs	r4, r0
100017d4:	0028      	movs	r0, r5
100017d6:	f7ff f803 	bl	100007e0 <VL53L0X_PollingDelay>
100017da:	b264      	sxtb	r4, r4
100017dc:	2201      	movs	r2, #1
100017de:	4304      	orrs	r4, r0
100017e0:	2180      	movs	r1, #128	@ 0x80
100017e2:	0028      	movs	r0, r5
100017e4:	f7fe ff02 	bl	100005ec <VL53L0X_WrByte>
100017e8:	2301      	movs	r3, #1
100017ea:	001a      	movs	r2, r3
100017ec:	b264      	sxtb	r4, r4
100017ee:	4304      	orrs	r4, r0
100017f0:	403a      	ands	r2, r7
100017f2:	b264      	sxtb	r4, r4
100017f4:	9202      	str	r2, [sp, #8]
100017f6:	423b      	tst	r3, r7
100017f8:	d003      	beq.n	10001802 <VL53L0X_get_info_from_device+0xd2>
100017fa:	4642      	mov	r2, r8
100017fc:	4213      	tst	r3, r2
100017fe:	d100      	bne.n	10001802 <VL53L0X_get_info_from_device+0xd2>
10001800:	e274      	b.n	10001cec <VL53L0X_get_info_from_device+0x5bc>
10001802:	2300      	movs	r3, #0
10001804:	9305      	str	r3, [sp, #20]
10001806:	9304      	str	r3, [sp, #16]
10001808:	2302      	movs	r3, #2
1000180a:	001a      	movs	r2, r3
1000180c:	403a      	ands	r2, r7
1000180e:	9201      	str	r2, [sp, #4]
10001810:	423b      	tst	r3, r7
10001812:	d003      	beq.n	1000181c <VL53L0X_get_info_from_device+0xec>
10001814:	4642      	mov	r2, r8
10001816:	4213      	tst	r3, r2
10001818:	d100      	bne.n	1000181c <VL53L0X_get_info_from_device+0xec>
1000181a:	e09d      	b.n	10001958 <VL53L0X_get_info_from_device+0x228>
1000181c:	2304      	movs	r3, #4
1000181e:	001a      	movs	r2, r3
10001820:	403a      	ands	r2, r7
10001822:	9200      	str	r2, [sp, #0]
10001824:	423b      	tst	r3, r7
10001826:	d003      	beq.n	10001830 <VL53L0X_get_info_from_device+0x100>
10001828:	4642      	mov	r2, r8
1000182a:	4213      	tst	r3, r2
1000182c:	d100      	bne.n	10001830 <VL53L0X_get_info_from_device+0x100>
1000182e:	e315      	b.n	10001e5c <VL53L0X_get_info_from_device+0x72c>
10001830:	2300      	movs	r3, #0
10001832:	2600      	movs	r6, #0
10001834:	469b      	mov	fp, r3
10001836:	2200      	movs	r2, #0
10001838:	2181      	movs	r1, #129	@ 0x81
1000183a:	0028      	movs	r0, r5
1000183c:	f7fe fed6 	bl	100005ec <VL53L0X_WrByte>
10001840:	2206      	movs	r2, #6
10001842:	21ff      	movs	r1, #255	@ 0xff
10001844:	4304      	orrs	r4, r0
10001846:	0028      	movs	r0, r5
10001848:	f7fe fed0 	bl	100005ec <VL53L0X_WrByte>
1000184c:	b264      	sxtb	r4, r4
1000184e:	2183      	movs	r1, #131	@ 0x83
10001850:	4304      	orrs	r4, r0
10001852:	aa09      	add	r2, sp, #36	@ 0x24
10001854:	0028      	movs	r0, r5
10001856:	f7fe fefb 	bl	10000650 <VL53L0X_RdByte>
1000185a:	ab08      	add	r3, sp, #32
1000185c:	791a      	ldrb	r2, [r3, #4]
1000185e:	2304      	movs	r3, #4
10001860:	b264      	sxtb	r4, r4
10001862:	439a      	bics	r2, r3
10001864:	2183      	movs	r1, #131	@ 0x83
10001866:	4304      	orrs	r4, r0
10001868:	0028      	movs	r0, r5
1000186a:	f7fe febf 	bl	100005ec <VL53L0X_WrByte>
1000186e:	b264      	sxtb	r4, r4
10001870:	2201      	movs	r2, #1
10001872:	21ff      	movs	r1, #255	@ 0xff
10001874:	4304      	orrs	r4, r0
10001876:	0028      	movs	r0, r5
10001878:	f7fe feb8 	bl	100005ec <VL53L0X_WrByte>
1000187c:	b264      	sxtb	r4, r4
1000187e:	2201      	movs	r2, #1
10001880:	2100      	movs	r1, #0
10001882:	4304      	orrs	r4, r0
10001884:	0028      	movs	r0, r5
10001886:	f7fe feb1 	bl	100005ec <VL53L0X_WrByte>
1000188a:	b264      	sxtb	r4, r4
1000188c:	2200      	movs	r2, #0
1000188e:	21ff      	movs	r1, #255	@ 0xff
10001890:	4304      	orrs	r4, r0
10001892:	0028      	movs	r0, r5
10001894:	f7fe feaa 	bl	100005ec <VL53L0X_WrByte>
10001898:	b264      	sxtb	r4, r4
1000189a:	4304      	orrs	r4, r0
1000189c:	2200      	movs	r2, #0
1000189e:	2180      	movs	r1, #128	@ 0x80
100018a0:	0028      	movs	r0, r5
100018a2:	f7fe fea3 	bl	100005ec <VL53L0X_WrByte>
100018a6:	b264      	sxtb	r4, r4
100018a8:	4320      	orrs	r0, r4
100018aa:	b240      	sxtb	r0, r0
100018ac:	2800      	cmp	r0, #0
100018ae:	d000      	beq.n	100018b2 <VL53L0X_get_info_from_device+0x182>
100018b0:	e751      	b.n	10001756 <VL53L0X_get_info_from_device+0x26>
100018b2:	9b02      	ldr	r3, [sp, #8]
100018b4:	2b00      	cmp	r3, #0
100018b6:	d002      	beq.n	100018be <VL53L0X_get_info_from_device+0x18e>
100018b8:	4643      	mov	r3, r8
100018ba:	07db      	lsls	r3, r3, #31
100018bc:	d52c      	bpl.n	10001918 <VL53L0X_get_info_from_device+0x1e8>
100018be:	9b01      	ldr	r3, [sp, #4]
100018c0:	2b00      	cmp	r3, #0
100018c2:	d002      	beq.n	100018ca <VL53L0X_get_info_from_device+0x19a>
100018c4:	4643      	mov	r3, r8
100018c6:	079b      	lsls	r3, r3, #30
100018c8:	d535      	bpl.n	10001936 <VL53L0X_get_info_from_device+0x206>
100018ca:	9b00      	ldr	r3, [sp, #0]
100018cc:	2b00      	cmp	r3, #0
100018ce:	d01d      	beq.n	1000190c <VL53L0X_get_info_from_device+0x1dc>
100018d0:	4643      	mov	r3, r8
100018d2:	075b      	lsls	r3, r3, #29
100018d4:	d41a      	bmi.n	1000190c <VL53L0X_get_info_from_device+0x1dc>
100018d6:	23a2      	movs	r3, #162	@ 0xa2
100018d8:	9a0b      	ldr	r2, [sp, #44]	@ 0x2c
100018da:	005b      	lsls	r3, r3, #1
100018dc:	50ea      	str	r2, [r5, r3]
100018de:	9a0c      	ldr	r2, [sp, #48]	@ 0x30
100018e0:	3304      	adds	r3, #4
100018e2:	50ea      	str	r2, [r5, r3]
100018e4:	465b      	mov	r3, fp
100018e6:	22a6      	movs	r2, #166	@ 0xa6
100018e8:	025b      	lsls	r3, r3, #9
100018ea:	0052      	lsls	r2, r2, #1
100018ec:	50ab      	str	r3, [r5, r2]
100018ee:	2300      	movs	r3, #0
100018f0:	2e00      	cmp	r6, #0
100018f2:	d00a      	beq.n	1000190a <VL53L0X_get_info_from_device+0x1da>
100018f4:	4bdf      	ldr	r3, [pc, #892]	@ (10001c74 <VL53L0X_get_info_from_device+0x544>)
100018f6:	469c      	mov	ip, r3
100018f8:	4466      	add	r6, ip
100018fa:	0173      	lsls	r3, r6, #5
100018fc:	1b9b      	subs	r3, r3, r6
100018fe:	009b      	lsls	r3, r3, #2
10001900:	199b      	adds	r3, r3, r6
10001902:	00db      	lsls	r3, r3, #3
10001904:	091b      	lsrs	r3, r3, #4
10001906:	425b      	negs	r3, r3
10001908:	b21b      	sxth	r3, r3
1000190a:	606b      	str	r3, [r5, #4]
1000190c:	4643      	mov	r3, r8
1000190e:	228e      	movs	r2, #142	@ 0x8e
10001910:	433b      	orrs	r3, r7
10001912:	0052      	lsls	r2, r2, #1
10001914:	54ab      	strb	r3, [r5, r2]
10001916:	e71d      	b.n	10001754 <VL53L0X_get_info_from_device+0x24>
10001918:	2340      	movs	r3, #64	@ 0x40
1000191a:	0028      	movs	r0, r5
1000191c:	9a04      	ldr	r2, [sp, #16]
1000191e:	33ff      	adds	r3, #255	@ 0xff
10001920:	54ea      	strb	r2, [r5, r3]
10001922:	9a05      	ldr	r2, [sp, #20]
10001924:	3301      	adds	r3, #1
10001926:	3057      	adds	r0, #87	@ 0x57
10001928:	54ea      	strb	r2, [r5, r3]
1000192a:	a90d      	add	r1, sp, #52	@ 0x34
1000192c:	2206      	movs	r2, #6
1000192e:	30ff      	adds	r0, #255	@ 0xff
10001930:	f004 f974 	bl	10005c1c <__wrap___aeabi_memcpy>
10001934:	e7c3      	b.n	100018be <VL53L0X_get_info_from_device+0x18e>
10001936:	ab08      	add	r3, sp, #32
10001938:	795a      	ldrb	r2, [r3, #5]
1000193a:	231e      	movs	r3, #30
1000193c:	33ff      	adds	r3, #255	@ 0xff
1000193e:	54ea      	strb	r2, [r5, r3]
10001940:	ab08      	add	r3, sp, #32
10001942:	799a      	ldrb	r2, [r3, #6]
10001944:	0028      	movs	r0, r5
10001946:	238f      	movs	r3, #143	@ 0x8f
10001948:	3020      	adds	r0, #32
1000194a:	005b      	lsls	r3, r3, #1
1000194c:	54ea      	strb	r2, [r5, r3]
1000194e:	a90f      	add	r1, sp, #60	@ 0x3c
10001950:	30ff      	adds	r0, #255	@ 0xff
10001952:	f008 fdf5 	bl	1000a540 <strcpy>
10001956:	e7b8      	b.n	100018ca <VL53L0X_get_info_from_device+0x19a>
10001958:	2202      	movs	r2, #2
1000195a:	2194      	movs	r1, #148	@ 0x94
1000195c:	0028      	movs	r0, r5
1000195e:	f7fe fe45 	bl	100005ec <VL53L0X_WrByte>
10001962:	4320      	orrs	r0, r4
10001964:	b243      	sxtb	r3, r0
10001966:	2200      	movs	r2, #0
10001968:	2183      	movs	r1, #131	@ 0x83
1000196a:	0028      	movs	r0, r5
1000196c:	4699      	mov	r9, r3
1000196e:	f7fe fe3d 	bl	100005ec <VL53L0X_WrByte>
10001972:	ae0f      	add	r6, sp, #60	@ 0x3c
10001974:	1e04      	subs	r4, r0, #0
10001976:	d115      	bne.n	100019a4 <VL53L0X_get_info_from_device+0x274>
10001978:	2300      	movs	r3, #0
1000197a:	469a      	mov	sl, r3
1000197c:	23fa      	movs	r3, #250	@ 0xfa
1000197e:	00db      	lsls	r3, r3, #3
10001980:	469b      	mov	fp, r3
10001982:	4654      	mov	r4, sl
10001984:	e003      	b.n	1000198e <VL53L0X_get_info_from_device+0x25e>
10001986:	3401      	adds	r4, #1
10001988:	455c      	cmp	r4, fp
1000198a:	d100      	bne.n	1000198e <VL53L0X_get_info_from_device+0x25e>
1000198c:	e3de      	b.n	1000214c <VL53L0X_get_info_from_device+0xa1c>
1000198e:	0032      	movs	r2, r6
10001990:	2183      	movs	r1, #131	@ 0x83
10001992:	0028      	movs	r0, r5
10001994:	f7fe fe5c 	bl	10000650 <VL53L0X_RdByte>
10001998:	7833      	ldrb	r3, [r6, #0]
1000199a:	4303      	orrs	r3, r0
1000199c:	b2db      	uxtb	r3, r3
1000199e:	2b00      	cmp	r3, #0
100019a0:	d0f1      	beq.n	10001986 <VL53L0X_get_info_from_device+0x256>
100019a2:	0004      	movs	r4, r0
100019a4:	2201      	movs	r2, #1
100019a6:	2183      	movs	r1, #131	@ 0x83
100019a8:	0028      	movs	r0, r5
100019aa:	f7fe fe1f 	bl	100005ec <VL53L0X_WrByte>
100019ae:	464b      	mov	r3, r9
100019b0:	4323      	orrs	r3, r4
100019b2:	001c      	movs	r4, r3
100019b4:	ab08      	add	r3, sp, #32
100019b6:	1d5a      	adds	r2, r3, #5
100019b8:	2190      	movs	r1, #144	@ 0x90
100019ba:	4304      	orrs	r4, r0
100019bc:	0028      	movs	r0, r5
100019be:	f7fe fe47 	bl	10000650 <VL53L0X_RdByte>
100019c2:	b264      	sxtb	r4, r4
100019c4:	227b      	movs	r2, #123	@ 0x7b
100019c6:	2194      	movs	r1, #148	@ 0x94
100019c8:	4304      	orrs	r4, r0
100019ca:	0028      	movs	r0, r5
100019cc:	f7fe fe0e 	bl	100005ec <VL53L0X_WrByte>
100019d0:	b264      	sxtb	r4, r4
100019d2:	4304      	orrs	r4, r0
100019d4:	b263      	sxtb	r3, r4
100019d6:	2200      	movs	r2, #0
100019d8:	2183      	movs	r1, #131	@ 0x83
100019da:	0028      	movs	r0, r5
100019dc:	4699      	mov	r9, r3
100019de:	f7fe fe05 	bl	100005ec <VL53L0X_WrByte>
100019e2:	1e04      	subs	r4, r0, #0
100019e4:	d115      	bne.n	10001a12 <VL53L0X_get_info_from_device+0x2e2>
100019e6:	2300      	movs	r3, #0
100019e8:	469a      	mov	sl, r3
100019ea:	23fa      	movs	r3, #250	@ 0xfa
100019ec:	00db      	lsls	r3, r3, #3
100019ee:	469b      	mov	fp, r3
100019f0:	4654      	mov	r4, sl
100019f2:	e003      	b.n	100019fc <VL53L0X_get_info_from_device+0x2cc>
100019f4:	3401      	adds	r4, #1
100019f6:	455c      	cmp	r4, fp
100019f8:	d100      	bne.n	100019fc <VL53L0X_get_info_from_device+0x2cc>
100019fa:	e3b2      	b.n	10002162 <VL53L0X_get_info_from_device+0xa32>
100019fc:	0032      	movs	r2, r6
100019fe:	2183      	movs	r1, #131	@ 0x83
10001a00:	0028      	movs	r0, r5
10001a02:	f7fe fe25 	bl	10000650 <VL53L0X_RdByte>
10001a06:	7833      	ldrb	r3, [r6, #0]
10001a08:	4303      	orrs	r3, r0
10001a0a:	b2db      	uxtb	r3, r3
10001a0c:	2b00      	cmp	r3, #0
10001a0e:	d0f1      	beq.n	100019f4 <VL53L0X_get_info_from_device+0x2c4>
10001a10:	0004      	movs	r4, r0
10001a12:	2201      	movs	r2, #1
10001a14:	2183      	movs	r1, #131	@ 0x83
10001a16:	0028      	movs	r0, r5
10001a18:	f7fe fde8 	bl	100005ec <VL53L0X_WrByte>
10001a1c:	464b      	mov	r3, r9
10001a1e:	4323      	orrs	r3, r4
10001a20:	001c      	movs	r4, r3
10001a22:	ab08      	add	r3, sp, #32
10001a24:	1d9a      	adds	r2, r3, #6
10001a26:	2190      	movs	r1, #144	@ 0x90
10001a28:	4304      	orrs	r4, r0
10001a2a:	0028      	movs	r0, r5
10001a2c:	f7fe fe10 	bl	10000650 <VL53L0X_RdByte>
10001a30:	b264      	sxtb	r4, r4
10001a32:	2277      	movs	r2, #119	@ 0x77
10001a34:	2194      	movs	r1, #148	@ 0x94
10001a36:	4304      	orrs	r4, r0
10001a38:	0028      	movs	r0, r5
10001a3a:	f7fe fdd7 	bl	100005ec <VL53L0X_WrByte>
10001a3e:	b264      	sxtb	r4, r4
10001a40:	4304      	orrs	r4, r0
10001a42:	b263      	sxtb	r3, r4
10001a44:	2200      	movs	r2, #0
10001a46:	2183      	movs	r1, #131	@ 0x83
10001a48:	0028      	movs	r0, r5
10001a4a:	4699      	mov	r9, r3
10001a4c:	f7fe fdce 	bl	100005ec <VL53L0X_WrByte>
10001a50:	1e04      	subs	r4, r0, #0
10001a52:	d115      	bne.n	10001a80 <VL53L0X_get_info_from_device+0x350>
10001a54:	2300      	movs	r3, #0
10001a56:	469a      	mov	sl, r3
10001a58:	23fa      	movs	r3, #250	@ 0xfa
10001a5a:	00db      	lsls	r3, r3, #3
10001a5c:	469b      	mov	fp, r3
10001a5e:	4654      	mov	r4, sl
10001a60:	e003      	b.n	10001a6a <VL53L0X_get_info_from_device+0x33a>
10001a62:	3401      	adds	r4, #1
10001a64:	455c      	cmp	r4, fp
10001a66:	d100      	bne.n	10001a6a <VL53L0X_get_info_from_device+0x33a>
10001a68:	e359      	b.n	1000211e <VL53L0X_get_info_from_device+0x9ee>
10001a6a:	0032      	movs	r2, r6
10001a6c:	2183      	movs	r1, #131	@ 0x83
10001a6e:	0028      	movs	r0, r5
10001a70:	f7fe fdee 	bl	10000650 <VL53L0X_RdByte>
10001a74:	7833      	ldrb	r3, [r6, #0]
10001a76:	4303      	orrs	r3, r0
10001a78:	b2db      	uxtb	r3, r3
10001a7a:	2b00      	cmp	r3, #0
10001a7c:	d0f1      	beq.n	10001a62 <VL53L0X_get_info_from_device+0x332>
10001a7e:	0004      	movs	r4, r0
10001a80:	2201      	movs	r2, #1
10001a82:	2183      	movs	r1, #131	@ 0x83
10001a84:	0028      	movs	r0, r5
10001a86:	f7fe fdb1 	bl	100005ec <VL53L0X_WrByte>
10001a8a:	464b      	mov	r3, r9
10001a8c:	4323      	orrs	r3, r4
10001a8e:	001c      	movs	r4, r3
10001a90:	ab0a      	add	r3, sp, #40	@ 0x28
10001a92:	001a      	movs	r2, r3
10001a94:	2190      	movs	r1, #144	@ 0x90
10001a96:	4304      	orrs	r4, r0
10001a98:	0028      	movs	r0, r5
10001a9a:	9303      	str	r3, [sp, #12]
10001a9c:	f7fe fe2a 	bl	100006f4 <VL53L0X_RdDWord>
10001aa0:	217f      	movs	r1, #127	@ 0x7f
10001aa2:	9b0a      	ldr	r3, [sp, #40]	@ 0x28
10001aa4:	b264      	sxtb	r4, r4
10001aa6:	4304      	orrs	r4, r0
10001aa8:	0c98      	lsrs	r0, r3, #18
10001aaa:	4008      	ands	r0, r1
10001aac:	0200      	lsls	r0, r0, #8
10001aae:	0e5a      	lsrs	r2, r3, #25
10001ab0:	4302      	orrs	r2, r0
10001ab2:	4691      	mov	r9, r2
10001ab4:	0ad8      	lsrs	r0, r3, #11
10001ab6:	4008      	ands	r0, r1
10001ab8:	0402      	lsls	r2, r0, #16
10001aba:	4648      	mov	r0, r9
10001abc:	4692      	mov	sl, r2
10001abe:	4a6e      	ldr	r2, [pc, #440]	@ (10001c78 <VL53L0X_get_info_from_device+0x548>)
10001ac0:	b264      	sxtb	r4, r4
10001ac2:	4010      	ands	r0, r2
10001ac4:	0002      	movs	r2, r0
10001ac6:	4650      	mov	r0, sl
10001ac8:	4302      	orrs	r2, r0
10001aca:	0918      	lsrs	r0, r3, #4
10001acc:	4001      	ands	r1, r0
10001ace:	0212      	lsls	r2, r2, #8
10001ad0:	0609      	lsls	r1, r1, #24
10001ad2:	0a12      	lsrs	r2, r2, #8
10001ad4:	430a      	orrs	r2, r1
10001ad6:	920f      	str	r2, [sp, #60]	@ 0x3c
10001ad8:	2278      	movs	r2, #120	@ 0x78
10001ada:	00db      	lsls	r3, r3, #3
10001adc:	4013      	ands	r3, r2
10001ade:	aa08      	add	r2, sp, #32
10001ae0:	7113      	strb	r3, [r2, #4]
10001ae2:	2194      	movs	r1, #148	@ 0x94
10001ae4:	2278      	movs	r2, #120	@ 0x78
10001ae6:	0028      	movs	r0, r5
10001ae8:	f7fe fd80 	bl	100005ec <VL53L0X_WrByte>
10001aec:	4304      	orrs	r4, r0
10001aee:	b263      	sxtb	r3, r4
10001af0:	2200      	movs	r2, #0
10001af2:	2183      	movs	r1, #131	@ 0x83
10001af4:	0028      	movs	r0, r5
10001af6:	9300      	str	r3, [sp, #0]
10001af8:	f7fe fd78 	bl	100005ec <VL53L0X_WrByte>
10001afc:	4681      	mov	r9, r0
10001afe:	2800      	cmp	r0, #0
10001b00:	d11b      	bne.n	10001b3a <VL53L0X_get_info_from_device+0x40a>
10001b02:	ab08      	add	r3, sp, #32
10001b04:	1ddc      	adds	r4, r3, #7
10001b06:	23fa      	movs	r3, #250	@ 0xfa
10001b08:	00db      	lsls	r3, r3, #3
10001b0a:	469b      	mov	fp, r3
10001b0c:	0033      	movs	r3, r6
10001b0e:	002e      	movs	r6, r5
10001b10:	469a      	mov	sl, r3
10001b12:	0025      	movs	r5, r4
10001b14:	0004      	movs	r4, r0
10001b16:	e003      	b.n	10001b20 <VL53L0X_get_info_from_device+0x3f0>
10001b18:	3401      	adds	r4, #1
10001b1a:	455c      	cmp	r4, fp
10001b1c:	d100      	bne.n	10001b20 <VL53L0X_get_info_from_device+0x3f0>
10001b1e:	e31b      	b.n	10002158 <VL53L0X_get_info_from_device+0xa28>
10001b20:	002a      	movs	r2, r5
10001b22:	2183      	movs	r1, #131	@ 0x83
10001b24:	0030      	movs	r0, r6
10001b26:	f7fe fd93 	bl	10000650 <VL53L0X_RdByte>
10001b2a:	782b      	ldrb	r3, [r5, #0]
10001b2c:	4303      	orrs	r3, r0
10001b2e:	b2db      	uxtb	r3, r3
10001b30:	2b00      	cmp	r3, #0
10001b32:	d0f1      	beq.n	10001b18 <VL53L0X_get_info_from_device+0x3e8>
10001b34:	0035      	movs	r5, r6
10001b36:	4681      	mov	r9, r0
10001b38:	4656      	mov	r6, sl
10001b3a:	2201      	movs	r2, #1
10001b3c:	2183      	movs	r1, #131	@ 0x83
10001b3e:	0028      	movs	r0, r5
10001b40:	f7fe fd54 	bl	100005ec <VL53L0X_WrByte>
10001b44:	464b      	mov	r3, r9
10001b46:	9c00      	ldr	r4, [sp, #0]
10001b48:	2190      	movs	r1, #144	@ 0x90
10001b4a:	431c      	orrs	r4, r3
10001b4c:	9a03      	ldr	r2, [sp, #12]
10001b4e:	4304      	orrs	r4, r0
10001b50:	0028      	movs	r0, r5
10001b52:	f7fe fdcf 	bl	100006f4 <VL53L0X_RdDWord>
10001b56:	b264      	sxtb	r4, r4
10001b58:	4304      	orrs	r4, r0
10001b5a:	b263      	sxtb	r3, r4
10001b5c:	4699      	mov	r9, r3
10001b5e:	aa08      	add	r2, sp, #32
10001b60:	9b0a      	ldr	r3, [sp, #40]	@ 0x28
10001b62:	7912      	ldrb	r2, [r2, #4]
10001b64:	0f59      	lsrs	r1, r3, #29
10001b66:	1889      	adds	r1, r1, r2
10001b68:	227f      	movs	r2, #127	@ 0x7f
10001b6a:	0d98      	lsrs	r0, r3, #22
10001b6c:	4010      	ands	r0, r2
10001b6e:	0200      	lsls	r0, r0, #8
10001b70:	0bdc      	lsrs	r4, r3, #15
10001b72:	b2c9      	uxtb	r1, r1
10001b74:	4014      	ands	r4, r2
10001b76:	4301      	orrs	r1, r0
10001b78:	0a18      	lsrs	r0, r3, #8
10001b7a:	0424      	lsls	r4, r4, #16
10001b7c:	4010      	ands	r0, r2
10001b7e:	0600      	lsls	r0, r0, #24
10001b80:	4321      	orrs	r1, r4
10001b82:	4301      	orrs	r1, r0
10001b84:	9110      	str	r1, [sp, #64]	@ 0x40
10001b86:	0859      	lsrs	r1, r3, #1
10001b88:	400a      	ands	r2, r1
10001b8a:	7232      	strb	r2, [r6, #8]
10001b8c:	2240      	movs	r2, #64	@ 0x40
10001b8e:	019b      	lsls	r3, r3, #6
10001b90:	4013      	ands	r3, r2
10001b92:	aa08      	add	r2, sp, #32
10001b94:	7113      	strb	r3, [r2, #4]
10001b96:	2194      	movs	r1, #148	@ 0x94
10001b98:	2279      	movs	r2, #121	@ 0x79
10001b9a:	0028      	movs	r0, r5
10001b9c:	f7fe fd26 	bl	100005ec <VL53L0X_WrByte>
10001ba0:	464c      	mov	r4, r9
10001ba2:	4304      	orrs	r4, r0
10001ba4:	b263      	sxtb	r3, r4
10001ba6:	2200      	movs	r2, #0
10001ba8:	2183      	movs	r1, #131	@ 0x83
10001baa:	0028      	movs	r0, r5
10001bac:	9300      	str	r3, [sp, #0]
10001bae:	f7fe fd1d 	bl	100005ec <VL53L0X_WrByte>
10001bb2:	4681      	mov	r9, r0
10001bb4:	2800      	cmp	r0, #0
10001bb6:	d11b      	bne.n	10001bf0 <VL53L0X_get_info_from_device+0x4c0>
10001bb8:	ab08      	add	r3, sp, #32
10001bba:	1ddc      	adds	r4, r3, #7
10001bbc:	23fa      	movs	r3, #250	@ 0xfa
10001bbe:	00db      	lsls	r3, r3, #3
10001bc0:	469b      	mov	fp, r3
10001bc2:	0033      	movs	r3, r6
10001bc4:	002e      	movs	r6, r5
10001bc6:	469a      	mov	sl, r3
10001bc8:	0025      	movs	r5, r4
10001bca:	0004      	movs	r4, r0
10001bcc:	e003      	b.n	10001bd6 <VL53L0X_get_info_from_device+0x4a6>
10001bce:	3401      	adds	r4, #1
10001bd0:	455c      	cmp	r4, fp
10001bd2:	d100      	bne.n	10001bd6 <VL53L0X_get_info_from_device+0x4a6>
10001bd4:	e2b2      	b.n	1000213c <VL53L0X_get_info_from_device+0xa0c>
10001bd6:	002a      	movs	r2, r5
10001bd8:	2183      	movs	r1, #131	@ 0x83
10001bda:	0030      	movs	r0, r6
10001bdc:	f7fe fd38 	bl	10000650 <VL53L0X_RdByte>
10001be0:	782b      	ldrb	r3, [r5, #0]
10001be2:	4303      	orrs	r3, r0
10001be4:	b2db      	uxtb	r3, r3
10001be6:	2b00      	cmp	r3, #0
10001be8:	d0f1      	beq.n	10001bce <VL53L0X_get_info_from_device+0x49e>
10001bea:	0035      	movs	r5, r6
10001bec:	4681      	mov	r9, r0
10001bee:	4656      	mov	r6, sl
10001bf0:	2201      	movs	r2, #1
10001bf2:	2183      	movs	r1, #131	@ 0x83
10001bf4:	0028      	movs	r0, r5
10001bf6:	f7fe fcf9 	bl	100005ec <VL53L0X_WrByte>
10001bfa:	464b      	mov	r3, r9
10001bfc:	9c00      	ldr	r4, [sp, #0]
10001bfe:	2190      	movs	r1, #144	@ 0x90
10001c00:	431c      	orrs	r4, r3
10001c02:	9a03      	ldr	r2, [sp, #12]
10001c04:	4304      	orrs	r4, r0
10001c06:	0028      	movs	r0, r5
10001c08:	f7fe fd74 	bl	100006f4 <VL53L0X_RdDWord>
10001c0c:	9b0a      	ldr	r3, [sp, #40]	@ 0x28
10001c0e:	a908      	add	r1, sp, #32
10001c10:	7909      	ldrb	r1, [r1, #4]
10001c12:	0e9a      	lsrs	r2, r3, #26
10001c14:	1852      	adds	r2, r2, r1
10001c16:	7272      	strb	r2, [r6, #9]
10001c18:	227f      	movs	r2, #127	@ 0x7f
10001c1a:	0cd9      	lsrs	r1, r3, #19
10001c1c:	4011      	ands	r1, r2
10001c1e:	72b1      	strb	r1, [r6, #10]
10001c20:	0b19      	lsrs	r1, r3, #12
10001c22:	4011      	ands	r1, r2
10001c24:	72f1      	strb	r1, [r6, #11]
10001c26:	0959      	lsrs	r1, r3, #5
10001c28:	400a      	ands	r2, r1
10001c2a:	7332      	strb	r2, [r6, #12]
10001c2c:	227c      	movs	r2, #124	@ 0x7c
10001c2e:	009b      	lsls	r3, r3, #2
10001c30:	4013      	ands	r3, r2
10001c32:	b264      	sxtb	r4, r4
10001c34:	aa08      	add	r2, sp, #32
10001c36:	7113      	strb	r3, [r2, #4]
10001c38:	2194      	movs	r1, #148	@ 0x94
10001c3a:	227a      	movs	r2, #122	@ 0x7a
10001c3c:	4304      	orrs	r4, r0
10001c3e:	0028      	movs	r0, r5
10001c40:	f7fe fcd4 	bl	100005ec <VL53L0X_WrByte>
10001c44:	b264      	sxtb	r4, r4
10001c46:	4304      	orrs	r4, r0
10001c48:	b263      	sxtb	r3, r4
10001c4a:	2200      	movs	r2, #0
10001c4c:	2183      	movs	r1, #131	@ 0x83
10001c4e:	0028      	movs	r0, r5
10001c50:	9300      	str	r3, [sp, #0]
10001c52:	f7fe fccb 	bl	100005ec <VL53L0X_WrByte>
10001c56:	4681      	mov	r9, r0
10001c58:	2800      	cmp	r0, #0
10001c5a:	d120      	bne.n	10001c9e <VL53L0X_get_info_from_device+0x56e>
10001c5c:	ab08      	add	r3, sp, #32
10001c5e:	1ddc      	adds	r4, r3, #7
10001c60:	23fa      	movs	r3, #250	@ 0xfa
10001c62:	00db      	lsls	r3, r3, #3
10001c64:	469b      	mov	fp, r3
10001c66:	0033      	movs	r3, r6
10001c68:	002e      	movs	r6, r5
10001c6a:	469a      	mov	sl, r3
10001c6c:	0025      	movs	r5, r4
10001c6e:	0004      	movs	r4, r0
10001c70:	e008      	b.n	10001c84 <VL53L0X_get_info_from_device+0x554>
10001c72:	46c0      	nop			@ (mov r8, r8)
10001c74:	ffffe700 	.word	0xffffe700
10001c78:	ff00ffff 	.word	0xff00ffff
10001c7c:	3401      	adds	r4, #1
10001c7e:	455c      	cmp	r4, fp
10001c80:	d100      	bne.n	10001c84 <VL53L0X_get_info_from_device+0x554>
10001c82:	e274      	b.n	1000216e <VL53L0X_get_info_from_device+0xa3e>
10001c84:	002a      	movs	r2, r5
10001c86:	2183      	movs	r1, #131	@ 0x83
10001c88:	0030      	movs	r0, r6
10001c8a:	f7fe fce1 	bl	10000650 <VL53L0X_RdByte>
10001c8e:	782b      	ldrb	r3, [r5, #0]
10001c90:	4303      	orrs	r3, r0
10001c92:	b2db      	uxtb	r3, r3
10001c94:	2b00      	cmp	r3, #0
10001c96:	d0f1      	beq.n	10001c7c <VL53L0X_get_info_from_device+0x54c>
10001c98:	0035      	movs	r5, r6
10001c9a:	4681      	mov	r9, r0
10001c9c:	4656      	mov	r6, sl
10001c9e:	2201      	movs	r2, #1
10001ca0:	2183      	movs	r1, #131	@ 0x83
10001ca2:	0028      	movs	r0, r5
10001ca4:	f7fe fca2 	bl	100005ec <VL53L0X_WrByte>
10001ca8:	464b      	mov	r3, r9
10001caa:	9c00      	ldr	r4, [sp, #0]
10001cac:	2190      	movs	r1, #144	@ 0x90
10001cae:	431c      	orrs	r4, r3
10001cb0:	9a03      	ldr	r2, [sp, #12]
10001cb2:	4304      	orrs	r4, r0
10001cb4:	0028      	movs	r0, r5
10001cb6:	f7fe fd1d 	bl	100006f4 <VL53L0X_RdDWord>
10001cba:	9a0a      	ldr	r2, [sp, #40]	@ 0x28
10001cbc:	a908      	add	r1, sp, #32
10001cbe:	7909      	ldrb	r1, [r1, #4]
10001cc0:	0f93      	lsrs	r3, r2, #30
10001cc2:	185b      	adds	r3, r3, r1
10001cc4:	217f      	movs	r1, #127	@ 0x7f
10001cc6:	7373      	strb	r3, [r6, #13]
10001cc8:	0dd3      	lsrs	r3, r2, #23
10001cca:	400b      	ands	r3, r1
10001ccc:	73b3      	strb	r3, [r6, #14]
10001cce:	0c13      	lsrs	r3, r2, #16
10001cd0:	400b      	ands	r3, r1
10001cd2:	73f3      	strb	r3, [r6, #15]
10001cd4:	0a53      	lsrs	r3, r2, #9
10001cd6:	400b      	ands	r3, r1
10001cd8:	7433      	strb	r3, [r6, #16]
10001cda:	0893      	lsrs	r3, r2, #2
10001cdc:	400b      	ands	r3, r1
10001cde:	7473      	strb	r3, [r6, #17]
10001ce0:	2300      	movs	r3, #0
10001ce2:	b264      	sxtb	r4, r4
10001ce4:	4304      	orrs	r4, r0
10001ce6:	b264      	sxtb	r4, r4
10001ce8:	74b3      	strb	r3, [r6, #18]
10001cea:	e597      	b.n	1000181c <VL53L0X_get_info_from_device+0xec>
10001cec:	226b      	movs	r2, #107	@ 0x6b
10001cee:	2194      	movs	r1, #148	@ 0x94
10001cf0:	0028      	movs	r0, r5
10001cf2:	f7fe fc7b 	bl	100005ec <VL53L0X_WrByte>
10001cf6:	4320      	orrs	r0, r4
10001cf8:	b243      	sxtb	r3, r0
10001cfa:	2200      	movs	r2, #0
10001cfc:	2183      	movs	r1, #131	@ 0x83
10001cfe:	0028      	movs	r0, r5
10001d00:	4699      	mov	r9, r3
10001d02:	f7fe fc73 	bl	100005ec <VL53L0X_WrByte>
10001d06:	1e04      	subs	r4, r0, #0
10001d08:	d116      	bne.n	10001d38 <VL53L0X_get_info_from_device+0x608>
10001d0a:	2300      	movs	r3, #0
10001d0c:	469a      	mov	sl, r3
10001d0e:	23fa      	movs	r3, #250	@ 0xfa
10001d10:	00db      	lsls	r3, r3, #3
10001d12:	469b      	mov	fp, r3
10001d14:	4654      	mov	r4, sl
10001d16:	ae0f      	add	r6, sp, #60	@ 0x3c
10001d18:	e003      	b.n	10001d22 <VL53L0X_get_info_from_device+0x5f2>
10001d1a:	3401      	adds	r4, #1
10001d1c:	455c      	cmp	r4, fp
10001d1e:	d100      	bne.n	10001d22 <VL53L0X_get_info_from_device+0x5f2>
10001d20:	e217      	b.n	10002152 <VL53L0X_get_info_from_device+0xa22>
10001d22:	0032      	movs	r2, r6
10001d24:	2183      	movs	r1, #131	@ 0x83
10001d26:	0028      	movs	r0, r5
10001d28:	f7fe fc92 	bl	10000650 <VL53L0X_RdByte>
10001d2c:	7833      	ldrb	r3, [r6, #0]
10001d2e:	4303      	orrs	r3, r0
10001d30:	b2db      	uxtb	r3, r3
10001d32:	2b00      	cmp	r3, #0
10001d34:	d0f1      	beq.n	10001d1a <VL53L0X_get_info_from_device+0x5ea>
10001d36:	0004      	movs	r4, r0
10001d38:	2201      	movs	r2, #1
10001d3a:	2183      	movs	r1, #131	@ 0x83
10001d3c:	0028      	movs	r0, r5
10001d3e:	f7fe fc55 	bl	100005ec <VL53L0X_WrByte>
10001d42:	464b      	mov	r3, r9
10001d44:	4323      	orrs	r3, r4
10001d46:	001c      	movs	r4, r3
10001d48:	ab0a      	add	r3, sp, #40	@ 0x28
10001d4a:	001a      	movs	r2, r3
10001d4c:	2190      	movs	r1, #144	@ 0x90
10001d4e:	4304      	orrs	r4, r0
10001d50:	0028      	movs	r0, r5
10001d52:	9303      	str	r3, [sp, #12]
10001d54:	f7fe fcce 	bl	100006f4 <VL53L0X_RdDWord>
10001d58:	9b0a      	ldr	r3, [sp, #40]	@ 0x28
10001d5a:	b264      	sxtb	r4, r4
10001d5c:	045a      	lsls	r2, r3, #17
10001d5e:	0e52      	lsrs	r2, r2, #25
10001d60:	041b      	lsls	r3, r3, #16
10001d62:	0fdb      	lsrs	r3, r3, #31
10001d64:	2194      	movs	r1, #148	@ 0x94
10001d66:	4304      	orrs	r4, r0
10001d68:	9204      	str	r2, [sp, #16]
10001d6a:	0028      	movs	r0, r5
10001d6c:	2224      	movs	r2, #36	@ 0x24
10001d6e:	9305      	str	r3, [sp, #20]
10001d70:	f7fe fc3c 	bl	100005ec <VL53L0X_WrByte>
10001d74:	b264      	sxtb	r4, r4
10001d76:	4304      	orrs	r4, r0
10001d78:	b263      	sxtb	r3, r4
10001d7a:	2200      	movs	r2, #0
10001d7c:	2183      	movs	r1, #131	@ 0x83
10001d7e:	0028      	movs	r0, r5
10001d80:	4699      	mov	r9, r3
10001d82:	f7fe fc33 	bl	100005ec <VL53L0X_WrByte>
10001d86:	1e04      	subs	r4, r0, #0
10001d88:	d116      	bne.n	10001db8 <VL53L0X_get_info_from_device+0x688>
10001d8a:	2300      	movs	r3, #0
10001d8c:	469a      	mov	sl, r3
10001d8e:	23fa      	movs	r3, #250	@ 0xfa
10001d90:	00db      	lsls	r3, r3, #3
10001d92:	469b      	mov	fp, r3
10001d94:	4654      	mov	r4, sl
10001d96:	ae0f      	add	r6, sp, #60	@ 0x3c
10001d98:	e003      	b.n	10001da2 <VL53L0X_get_info_from_device+0x672>
10001d9a:	3401      	adds	r4, #1
10001d9c:	455c      	cmp	r4, fp
10001d9e:	d100      	bne.n	10001da2 <VL53L0X_get_info_from_device+0x672>
10001da0:	e1c3      	b.n	1000212a <VL53L0X_get_info_from_device+0x9fa>
10001da2:	0032      	movs	r2, r6
10001da4:	2183      	movs	r1, #131	@ 0x83
10001da6:	0028      	movs	r0, r5
10001da8:	f7fe fc52 	bl	10000650 <VL53L0X_RdByte>
10001dac:	7833      	ldrb	r3, [r6, #0]
10001dae:	4303      	orrs	r3, r0
10001db0:	b2db      	uxtb	r3, r3
10001db2:	2b00      	cmp	r3, #0
10001db4:	d0f1      	beq.n	10001d9a <VL53L0X_get_info_from_device+0x66a>
10001db6:	0004      	movs	r4, r0
10001db8:	2201      	movs	r2, #1
10001dba:	2183      	movs	r1, #131	@ 0x83
10001dbc:	0028      	movs	r0, r5
10001dbe:	f7fe fc15 	bl	100005ec <VL53L0X_WrByte>
10001dc2:	464b      	mov	r3, r9
10001dc4:	4323      	orrs	r3, r4
10001dc6:	001c      	movs	r4, r3
10001dc8:	2190      	movs	r1, #144	@ 0x90
10001dca:	9a03      	ldr	r2, [sp, #12]
10001dcc:	4304      	orrs	r4, r0
10001dce:	0028      	movs	r0, r5
10001dd0:	f7fe fc90 	bl	100006f4 <VL53L0X_RdDWord>
10001dd4:	9b0a      	ldr	r3, [sp, #40]	@ 0x28
10001dd6:	b264      	sxtb	r4, r4
10001dd8:	ba1b      	rev	r3, r3
10001dda:	2225      	movs	r2, #37	@ 0x25
10001ddc:	2194      	movs	r1, #148	@ 0x94
10001dde:	4304      	orrs	r4, r0
10001de0:	0028      	movs	r0, r5
10001de2:	930d      	str	r3, [sp, #52]	@ 0x34
10001de4:	f7fe fc02 	bl	100005ec <VL53L0X_WrByte>
10001de8:	b264      	sxtb	r4, r4
10001dea:	4304      	orrs	r4, r0
10001dec:	b263      	sxtb	r3, r4
10001dee:	2200      	movs	r2, #0
10001df0:	2183      	movs	r1, #131	@ 0x83
10001df2:	0028      	movs	r0, r5
10001df4:	4699      	mov	r9, r3
10001df6:	f7fe fbf9 	bl	100005ec <VL53L0X_WrByte>
10001dfa:	1e04      	subs	r4, r0, #0
10001dfc:	d116      	bne.n	10001e2c <VL53L0X_get_info_from_device+0x6fc>
10001dfe:	2300      	movs	r3, #0
10001e00:	469a      	mov	sl, r3
10001e02:	23fa      	movs	r3, #250	@ 0xfa
10001e04:	00db      	lsls	r3, r3, #3
10001e06:	469b      	mov	fp, r3
10001e08:	4654      	mov	r4, sl
10001e0a:	ae0f      	add	r6, sp, #60	@ 0x3c
10001e0c:	e003      	b.n	10001e16 <VL53L0X_get_info_from_device+0x6e6>
10001e0e:	3401      	adds	r4, #1
10001e10:	455c      	cmp	r4, fp
10001e12:	d100      	bne.n	10001e16 <VL53L0X_get_info_from_device+0x6e6>
10001e14:	e1a8      	b.n	10002168 <VL53L0X_get_info_from_device+0xa38>
10001e16:	0032      	movs	r2, r6
10001e18:	2183      	movs	r1, #131	@ 0x83
10001e1a:	0028      	movs	r0, r5
10001e1c:	f7fe fc18 	bl	10000650 <VL53L0X_RdByte>
10001e20:	7833      	ldrb	r3, [r6, #0]
10001e22:	4303      	orrs	r3, r0
10001e24:	b2db      	uxtb	r3, r3
10001e26:	2b00      	cmp	r3, #0
10001e28:	d0f1      	beq.n	10001e0e <VL53L0X_get_info_from_device+0x6de>
10001e2a:	0004      	movs	r4, r0
10001e2c:	2201      	movs	r2, #1
10001e2e:	2183      	movs	r1, #131	@ 0x83
10001e30:	0028      	movs	r0, r5
10001e32:	f7fe fbdb 	bl	100005ec <VL53L0X_WrByte>
10001e36:	464b      	mov	r3, r9
10001e38:	4323      	orrs	r3, r4
10001e3a:	001c      	movs	r4, r3
10001e3c:	2190      	movs	r1, #144	@ 0x90
10001e3e:	9a03      	ldr	r2, [sp, #12]
10001e40:	4304      	orrs	r4, r0
10001e42:	0028      	movs	r0, r5
10001e44:	f7fe fc56 	bl	100006f4 <VL53L0X_RdDWord>
10001e48:	9b0a      	ldr	r3, [sp, #40]	@ 0x28
10001e4a:	b264      	sxtb	r4, r4
10001e4c:	aa0d      	add	r2, sp, #52	@ 0x34
10001e4e:	0e19      	lsrs	r1, r3, #24
10001e50:	4304      	orrs	r4, r0
10001e52:	0c1b      	lsrs	r3, r3, #16
10001e54:	b264      	sxtb	r4, r4
10001e56:	7111      	strb	r1, [r2, #4]
10001e58:	7153      	strb	r3, [r2, #5]
10001e5a:	e4d5      	b.n	10001808 <VL53L0X_get_info_from_device+0xd8>
10001e5c:	227b      	movs	r2, #123	@ 0x7b
10001e5e:	2194      	movs	r1, #148	@ 0x94
10001e60:	0028      	movs	r0, r5
10001e62:	f7fe fbc3 	bl	100005ec <VL53L0X_WrByte>
10001e66:	4320      	orrs	r0, r4
10001e68:	b243      	sxtb	r3, r0
10001e6a:	2200      	movs	r2, #0
10001e6c:	2183      	movs	r1, #131	@ 0x83
10001e6e:	0028      	movs	r0, r5
10001e70:	4699      	mov	r9, r3
10001e72:	f7fe fbbb 	bl	100005ec <VL53L0X_WrByte>
10001e76:	1e06      	subs	r6, r0, #0
10001e78:	d117      	bne.n	10001eaa <VL53L0X_get_info_from_device+0x77a>
10001e7a:	2300      	movs	r3, #0
10001e7c:	469a      	mov	sl, r3
10001e7e:	ab08      	add	r3, sp, #32
10001e80:	1ddc      	adds	r4, r3, #7
10001e82:	23fa      	movs	r3, #250	@ 0xfa
10001e84:	00db      	lsls	r3, r3, #3
10001e86:	469b      	mov	fp, r3
10001e88:	4656      	mov	r6, sl
10001e8a:	e003      	b.n	10001e94 <VL53L0X_get_info_from_device+0x764>
10001e8c:	3601      	adds	r6, #1
10001e8e:	455e      	cmp	r6, fp
10001e90:	d100      	bne.n	10001e94 <VL53L0X_get_info_from_device+0x764>
10001e92:	e147      	b.n	10002124 <VL53L0X_get_info_from_device+0x9f4>
10001e94:	0022      	movs	r2, r4
10001e96:	2183      	movs	r1, #131	@ 0x83
10001e98:	0028      	movs	r0, r5
10001e9a:	f7fe fbd9 	bl	10000650 <VL53L0X_RdByte>
10001e9e:	7823      	ldrb	r3, [r4, #0]
10001ea0:	4303      	orrs	r3, r0
10001ea2:	b2db      	uxtb	r3, r3
10001ea4:	2b00      	cmp	r3, #0
10001ea6:	d0f1      	beq.n	10001e8c <VL53L0X_get_info_from_device+0x75c>
10001ea8:	0006      	movs	r6, r0
10001eaa:	2201      	movs	r2, #1
10001eac:	2183      	movs	r1, #131	@ 0x83
10001eae:	0028      	movs	r0, r5
10001eb0:	f7fe fb9c 	bl	100005ec <VL53L0X_WrByte>
10001eb4:	464b      	mov	r3, r9
10001eb6:	4333      	orrs	r3, r6
10001eb8:	001e      	movs	r6, r3
10001eba:	2190      	movs	r1, #144	@ 0x90
10001ebc:	4306      	orrs	r6, r0
10001ebe:	aa0b      	add	r2, sp, #44	@ 0x2c
10001ec0:	0028      	movs	r0, r5
10001ec2:	f7fe fc17 	bl	100006f4 <VL53L0X_RdDWord>
10001ec6:	b276      	sxtb	r6, r6
10001ec8:	227c      	movs	r2, #124	@ 0x7c
10001eca:	2194      	movs	r1, #148	@ 0x94
10001ecc:	4306      	orrs	r6, r0
10001ece:	0028      	movs	r0, r5
10001ed0:	f7fe fb8c 	bl	100005ec <VL53L0X_WrByte>
10001ed4:	b276      	sxtb	r6, r6
10001ed6:	4306      	orrs	r6, r0
10001ed8:	b273      	sxtb	r3, r6
10001eda:	2200      	movs	r2, #0
10001edc:	2183      	movs	r1, #131	@ 0x83
10001ede:	0028      	movs	r0, r5
10001ee0:	4699      	mov	r9, r3
10001ee2:	f7fe fb83 	bl	100005ec <VL53L0X_WrByte>
10001ee6:	1e06      	subs	r6, r0, #0
10001ee8:	d117      	bne.n	10001f1a <VL53L0X_get_info_from_device+0x7ea>
10001eea:	2300      	movs	r3, #0
10001eec:	469a      	mov	sl, r3
10001eee:	ab08      	add	r3, sp, #32
10001ef0:	1ddc      	adds	r4, r3, #7
10001ef2:	23fa      	movs	r3, #250	@ 0xfa
10001ef4:	00db      	lsls	r3, r3, #3
10001ef6:	469b      	mov	fp, r3
10001ef8:	4656      	mov	r6, sl
10001efa:	e003      	b.n	10001f04 <VL53L0X_get_info_from_device+0x7d4>
10001efc:	3601      	adds	r6, #1
10001efe:	455e      	cmp	r6, fp
10001f00:	d100      	bne.n	10001f04 <VL53L0X_get_info_from_device+0x7d4>
10001f02:	e120      	b.n	10002146 <VL53L0X_get_info_from_device+0xa16>
10001f04:	0022      	movs	r2, r4
10001f06:	2183      	movs	r1, #131	@ 0x83
10001f08:	0028      	movs	r0, r5
10001f0a:	f7fe fba1 	bl	10000650 <VL53L0X_RdByte>
10001f0e:	7823      	ldrb	r3, [r4, #0]
10001f10:	4303      	orrs	r3, r0
10001f12:	b2db      	uxtb	r3, r3
10001f14:	2b00      	cmp	r3, #0
10001f16:	d0f1      	beq.n	10001efc <VL53L0X_get_info_from_device+0x7cc>
10001f18:	0006      	movs	r6, r0
10001f1a:	2201      	movs	r2, #1
10001f1c:	2183      	movs	r1, #131	@ 0x83
10001f1e:	0028      	movs	r0, r5
10001f20:	f7fe fb64 	bl	100005ec <VL53L0X_WrByte>
10001f24:	464b      	mov	r3, r9
10001f26:	4333      	orrs	r3, r6
10001f28:	001e      	movs	r6, r3
10001f2a:	2190      	movs	r1, #144	@ 0x90
10001f2c:	4306      	orrs	r6, r0
10001f2e:	aa0c      	add	r2, sp, #48	@ 0x30
10001f30:	0028      	movs	r0, r5
10001f32:	f7fe fbdf 	bl	100006f4 <VL53L0X_RdDWord>
10001f36:	b276      	sxtb	r6, r6
10001f38:	2273      	movs	r2, #115	@ 0x73
10001f3a:	2194      	movs	r1, #148	@ 0x94
10001f3c:	4306      	orrs	r6, r0
10001f3e:	0028      	movs	r0, r5
10001f40:	f7fe fb54 	bl	100005ec <VL53L0X_WrByte>
10001f44:	b276      	sxtb	r6, r6
10001f46:	4306      	orrs	r6, r0
10001f48:	b273      	sxtb	r3, r6
10001f4a:	2200      	movs	r2, #0
10001f4c:	2183      	movs	r1, #131	@ 0x83
10001f4e:	0028      	movs	r0, r5
10001f50:	4699      	mov	r9, r3
10001f52:	f7fe fb4b 	bl	100005ec <VL53L0X_WrByte>
10001f56:	1e06      	subs	r6, r0, #0
10001f58:	d117      	bne.n	10001f8a <VL53L0X_get_info_from_device+0x85a>
10001f5a:	2300      	movs	r3, #0
10001f5c:	469a      	mov	sl, r3
10001f5e:	ab08      	add	r3, sp, #32
10001f60:	1ddc      	adds	r4, r3, #7
10001f62:	23fa      	movs	r3, #250	@ 0xfa
10001f64:	00db      	lsls	r3, r3, #3
10001f66:	469b      	mov	fp, r3
10001f68:	4656      	mov	r6, sl
10001f6a:	e003      	b.n	10001f74 <VL53L0X_get_info_from_device+0x844>
10001f6c:	3601      	adds	r6, #1
10001f6e:	455e      	cmp	r6, fp
10001f70:	d100      	bne.n	10001f74 <VL53L0X_get_info_from_device+0x844>
10001f72:	e101      	b.n	10002178 <VL53L0X_get_info_from_device+0xa48>
10001f74:	0022      	movs	r2, r4
10001f76:	2183      	movs	r1, #131	@ 0x83
10001f78:	0028      	movs	r0, r5
10001f7a:	f7fe fb69 	bl	10000650 <VL53L0X_RdByte>
10001f7e:	7823      	ldrb	r3, [r4, #0]
10001f80:	4303      	orrs	r3, r0
10001f82:	b2db      	uxtb	r3, r3
10001f84:	2b00      	cmp	r3, #0
10001f86:	d0f1      	beq.n	10001f6c <VL53L0X_get_info_from_device+0x83c>
10001f88:	0006      	movs	r6, r0
10001f8a:	2201      	movs	r2, #1
10001f8c:	2183      	movs	r1, #131	@ 0x83
10001f8e:	0028      	movs	r0, r5
10001f90:	f7fe fb2c 	bl	100005ec <VL53L0X_WrByte>
10001f94:	464b      	mov	r3, r9
10001f96:	4333      	orrs	r3, r6
10001f98:	001e      	movs	r6, r3
10001f9a:	ab0a      	add	r3, sp, #40	@ 0x28
10001f9c:	001a      	movs	r2, r3
10001f9e:	4306      	orrs	r6, r0
10001fa0:	2190      	movs	r1, #144	@ 0x90
10001fa2:	0028      	movs	r0, r5
10001fa4:	9303      	str	r3, [sp, #12]
10001fa6:	f7fe fba5 	bl	100006f4 <VL53L0X_RdDWord>
10001faa:	9b0a      	ldr	r3, [sp, #40]	@ 0x28
10001fac:	b274      	sxtb	r4, r6
10001fae:	061b      	lsls	r3, r3, #24
10001fb0:	0c1b      	lsrs	r3, r3, #16
10001fb2:	2274      	movs	r2, #116	@ 0x74
10001fb4:	2194      	movs	r1, #148	@ 0x94
10001fb6:	4304      	orrs	r4, r0
10001fb8:	0028      	movs	r0, r5
10001fba:	469b      	mov	fp, r3
10001fbc:	f7fe fb16 	bl	100005ec <VL53L0X_WrByte>
10001fc0:	b264      	sxtb	r4, r4
10001fc2:	4304      	orrs	r4, r0
10001fc4:	b263      	sxtb	r3, r4
10001fc6:	2200      	movs	r2, #0
10001fc8:	2183      	movs	r1, #131	@ 0x83
10001fca:	0028      	movs	r0, r5
10001fcc:	9306      	str	r3, [sp, #24]
10001fce:	f7fe fb0d 	bl	100005ec <VL53L0X_WrByte>
10001fd2:	1e06      	subs	r6, r0, #0
10001fd4:	d117      	bne.n	10002006 <VL53L0X_get_info_from_device+0x8d6>
10001fd6:	2300      	movs	r3, #0
10001fd8:	4699      	mov	r9, r3
10001fda:	ab08      	add	r3, sp, #32
10001fdc:	1ddc      	adds	r4, r3, #7
10001fde:	23fa      	movs	r3, #250	@ 0xfa
10001fe0:	00db      	lsls	r3, r3, #3
10001fe2:	469a      	mov	sl, r3
10001fe4:	464e      	mov	r6, r9
10001fe6:	e003      	b.n	10001ff0 <VL53L0X_get_info_from_device+0x8c0>
10001fe8:	3601      	adds	r6, #1
10001fea:	4556      	cmp	r6, sl
10001fec:	d100      	bne.n	10001ff0 <VL53L0X_get_info_from_device+0x8c0>
10001fee:	e0a2      	b.n	10002136 <VL53L0X_get_info_from_device+0xa06>
10001ff0:	0022      	movs	r2, r4
10001ff2:	2183      	movs	r1, #131	@ 0x83
10001ff4:	0028      	movs	r0, r5
10001ff6:	f7fe fb2b 	bl	10000650 <VL53L0X_RdByte>
10001ffa:	7823      	ldrb	r3, [r4, #0]
10001ffc:	4303      	orrs	r3, r0
10001ffe:	b2db      	uxtb	r3, r3
10002000:	2b00      	cmp	r3, #0
10002002:	d0f1      	beq.n	10001fe8 <VL53L0X_get_info_from_device+0x8b8>
10002004:	0006      	movs	r6, r0
10002006:	2201      	movs	r2, #1
10002008:	2183      	movs	r1, #131	@ 0x83
1000200a:	0028      	movs	r0, r5
1000200c:	f7fe faee 	bl	100005ec <VL53L0X_WrByte>
10002010:	9c06      	ldr	r4, [sp, #24]
10002012:	2190      	movs	r1, #144	@ 0x90
10002014:	4334      	orrs	r4, r6
10002016:	9a03      	ldr	r2, [sp, #12]
10002018:	4304      	orrs	r4, r0
1000201a:	0028      	movs	r0, r5
1000201c:	f7fe fb6a 	bl	100006f4 <VL53L0X_RdDWord>
10002020:	465a      	mov	r2, fp
10002022:	9b0a      	ldr	r3, [sp, #40]	@ 0x28
10002024:	b264      	sxtb	r4, r4
10002026:	0e1b      	lsrs	r3, r3, #24
10002028:	431a      	orrs	r2, r3
1000202a:	2194      	movs	r1, #148	@ 0x94
1000202c:	4304      	orrs	r4, r0
1000202e:	4693      	mov	fp, r2
10002030:	0028      	movs	r0, r5
10002032:	2275      	movs	r2, #117	@ 0x75
10002034:	f7fe fada 	bl	100005ec <VL53L0X_WrByte>
10002038:	b264      	sxtb	r4, r4
1000203a:	4304      	orrs	r4, r0
1000203c:	b263      	sxtb	r3, r4
1000203e:	2200      	movs	r2, #0
10002040:	2183      	movs	r1, #131	@ 0x83
10002042:	0028      	movs	r0, r5
10002044:	9306      	str	r3, [sp, #24]
10002046:	f7fe fad1 	bl	100005ec <VL53L0X_WrByte>
1000204a:	1e06      	subs	r6, r0, #0
1000204c:	d117      	bne.n	1000207e <VL53L0X_get_info_from_device+0x94e>
1000204e:	2300      	movs	r3, #0
10002050:	4699      	mov	r9, r3
10002052:	ab08      	add	r3, sp, #32
10002054:	1ddc      	adds	r4, r3, #7
10002056:	23fa      	movs	r3, #250	@ 0xfa
10002058:	00db      	lsls	r3, r3, #3
1000205a:	469a      	mov	sl, r3
1000205c:	464e      	mov	r6, r9
1000205e:	e003      	b.n	10002068 <VL53L0X_get_info_from_device+0x938>
10002060:	3601      	adds	r6, #1
10002062:	4556      	cmp	r6, sl
10002064:	d100      	bne.n	10002068 <VL53L0X_get_info_from_device+0x938>
10002066:	e08a      	b.n	1000217e <VL53L0X_get_info_from_device+0xa4e>
10002068:	0022      	movs	r2, r4
1000206a:	2183      	movs	r1, #131	@ 0x83
1000206c:	0028      	movs	r0, r5
1000206e:	f7fe faef 	bl	10000650 <VL53L0X_RdByte>
10002072:	7823      	ldrb	r3, [r4, #0]
10002074:	4303      	orrs	r3, r0
10002076:	b2db      	uxtb	r3, r3
10002078:	2b00      	cmp	r3, #0
1000207a:	d0f1      	beq.n	10002060 <VL53L0X_get_info_from_device+0x930>
1000207c:	0006      	movs	r6, r0
1000207e:	2201      	movs	r2, #1
10002080:	2183      	movs	r1, #131	@ 0x83
10002082:	0028      	movs	r0, r5
10002084:	f7fe fab2 	bl	100005ec <VL53L0X_WrByte>
10002088:	9c06      	ldr	r4, [sp, #24]
1000208a:	2190      	movs	r1, #144	@ 0x90
1000208c:	4334      	orrs	r4, r6
1000208e:	9a03      	ldr	r2, [sp, #12]
10002090:	4304      	orrs	r4, r0
10002092:	0028      	movs	r0, r5
10002094:	f7fe fb2e 	bl	100006f4 <VL53L0X_RdDWord>
10002098:	9b0a      	ldr	r3, [sp, #40]	@ 0x28
1000209a:	b264      	sxtb	r4, r4
1000209c:	061b      	lsls	r3, r3, #24
1000209e:	0c1b      	lsrs	r3, r3, #16
100020a0:	2276      	movs	r2, #118	@ 0x76
100020a2:	2194      	movs	r1, #148	@ 0x94
100020a4:	4304      	orrs	r4, r0
100020a6:	0028      	movs	r0, r5
100020a8:	9306      	str	r3, [sp, #24]
100020aa:	f7fe fa9f 	bl	100005ec <VL53L0X_WrByte>
100020ae:	b264      	sxtb	r4, r4
100020b0:	4304      	orrs	r4, r0
100020b2:	b263      	sxtb	r3, r4
100020b4:	2200      	movs	r2, #0
100020b6:	2183      	movs	r1, #131	@ 0x83
100020b8:	0028      	movs	r0, r5
100020ba:	9307      	str	r3, [sp, #28]
100020bc:	f7fe fa96 	bl	100005ec <VL53L0X_WrByte>
100020c0:	1e06      	subs	r6, r0, #0
100020c2:	d116      	bne.n	100020f2 <VL53L0X_get_info_from_device+0x9c2>
100020c4:	2300      	movs	r3, #0
100020c6:	4699      	mov	r9, r3
100020c8:	ab08      	add	r3, sp, #32
100020ca:	1ddc      	adds	r4, r3, #7
100020cc:	23fa      	movs	r3, #250	@ 0xfa
100020ce:	00db      	lsls	r3, r3, #3
100020d0:	469a      	mov	sl, r3
100020d2:	464e      	mov	r6, r9
100020d4:	e002      	b.n	100020dc <VL53L0X_get_info_from_device+0x9ac>
100020d6:	3601      	adds	r6, #1
100020d8:	4556      	cmp	r6, sl
100020da:	d029      	beq.n	10002130 <VL53L0X_get_info_from_device+0xa00>
100020dc:	0022      	movs	r2, r4
100020de:	2183      	movs	r1, #131	@ 0x83
100020e0:	0028      	movs	r0, r5
100020e2:	f7fe fab5 	bl	10000650 <VL53L0X_RdByte>
100020e6:	7823      	ldrb	r3, [r4, #0]
100020e8:	4303      	orrs	r3, r0
100020ea:	b2db      	uxtb	r3, r3
100020ec:	2b00      	cmp	r3, #0
100020ee:	d0f2      	beq.n	100020d6 <VL53L0X_get_info_from_device+0x9a6>
100020f0:	0006      	movs	r6, r0
100020f2:	2201      	movs	r2, #1
100020f4:	2183      	movs	r1, #131	@ 0x83
100020f6:	0028      	movs	r0, r5
100020f8:	f7fe fa78 	bl	100005ec <VL53L0X_WrByte>
100020fc:	9c07      	ldr	r4, [sp, #28]
100020fe:	2190      	movs	r1, #144	@ 0x90
10002100:	4334      	orrs	r4, r6
10002102:	4304      	orrs	r4, r0
10002104:	9a03      	ldr	r2, [sp, #12]
10002106:	0028      	movs	r0, r5
10002108:	f7fe faf4 	bl	100006f4 <VL53L0X_RdDWord>
1000210c:	9e0a      	ldr	r6, [sp, #40]	@ 0x28
1000210e:	9b06      	ldr	r3, [sp, #24]
10002110:	b264      	sxtb	r4, r4
10002112:	4304      	orrs	r4, r0
10002114:	0e36      	lsrs	r6, r6, #24
10002116:	b264      	sxtb	r4, r4
10002118:	431e      	orrs	r6, r3
1000211a:	f7ff fb8c 	bl	10001836 <VL53L0X_get_info_from_device+0x106>
1000211e:	2407      	movs	r4, #7
10002120:	4264      	negs	r4, r4
10002122:	e4ad      	b.n	10001a80 <VL53L0X_get_info_from_device+0x350>
10002124:	2607      	movs	r6, #7
10002126:	4276      	negs	r6, r6
10002128:	e6bf      	b.n	10001eaa <VL53L0X_get_info_from_device+0x77a>
1000212a:	2407      	movs	r4, #7
1000212c:	4264      	negs	r4, r4
1000212e:	e643      	b.n	10001db8 <VL53L0X_get_info_from_device+0x688>
10002130:	2607      	movs	r6, #7
10002132:	4276      	negs	r6, r6
10002134:	e7dd      	b.n	100020f2 <VL53L0X_get_info_from_device+0x9c2>
10002136:	2607      	movs	r6, #7
10002138:	4276      	negs	r6, r6
1000213a:	e764      	b.n	10002006 <VL53L0X_get_info_from_device+0x8d6>
1000213c:	3b07      	subs	r3, #7
1000213e:	0035      	movs	r5, r6
10002140:	4699      	mov	r9, r3
10002142:	4656      	mov	r6, sl
10002144:	e554      	b.n	10001bf0 <VL53L0X_get_info_from_device+0x4c0>
10002146:	2607      	movs	r6, #7
10002148:	4276      	negs	r6, r6
1000214a:	e6e6      	b.n	10001f1a <VL53L0X_get_info_from_device+0x7ea>
1000214c:	2407      	movs	r4, #7
1000214e:	4264      	negs	r4, r4
10002150:	e428      	b.n	100019a4 <VL53L0X_get_info_from_device+0x274>
10002152:	2407      	movs	r4, #7
10002154:	4264      	negs	r4, r4
10002156:	e5ef      	b.n	10001d38 <VL53L0X_get_info_from_device+0x608>
10002158:	3b07      	subs	r3, #7
1000215a:	0035      	movs	r5, r6
1000215c:	4699      	mov	r9, r3
1000215e:	4656      	mov	r6, sl
10002160:	e4eb      	b.n	10001b3a <VL53L0X_get_info_from_device+0x40a>
10002162:	2407      	movs	r4, #7
10002164:	4264      	negs	r4, r4
10002166:	e454      	b.n	10001a12 <VL53L0X_get_info_from_device+0x2e2>
10002168:	2407      	movs	r4, #7
1000216a:	4264      	negs	r4, r4
1000216c:	e65e      	b.n	10001e2c <VL53L0X_get_info_from_device+0x6fc>
1000216e:	3b07      	subs	r3, #7
10002170:	0035      	movs	r5, r6
10002172:	4699      	mov	r9, r3
10002174:	4656      	mov	r6, sl
10002176:	e592      	b.n	10001c9e <VL53L0X_get_info_from_device+0x56e>
10002178:	2607      	movs	r6, #7
1000217a:	4276      	negs	r6, r6
1000217c:	e705      	b.n	10001f8a <VL53L0X_get_info_from_device+0x85a>
1000217e:	2607      	movs	r6, #7
10002180:	4276      	negs	r6, r6
10002182:	e77c      	b.n	1000207e <VL53L0X_get_info_from_device+0x94e>

10002184 <get_sequence_step_timeout>:
10002184:	b5f0      	push	{r4, r5, r6, r7, lr}
10002186:	46ce      	mov	lr, r9
10002188:	4647      	mov	r7, r8
1000218a:	b580      	push	{r7, lr}
1000218c:	b085      	sub	sp, #20
1000218e:	2300      	movs	r3, #0
10002190:	0015      	movs	r5, r2
10002192:	466a      	mov	r2, sp
10002194:	0006      	movs	r6, r0
10002196:	70d3      	strb	r3, [r2, #3]
10002198:	8093      	strh	r3, [r2, #4]
1000219a:	2902      	cmp	r1, #2
1000219c:	d90c      	bls.n	100021b8 <get_sequence_step_timeout+0x34>
1000219e:	2903      	cmp	r1, #3
100021a0:	d04e      	beq.n	10002240 <get_sequence_step_timeout+0xbc>
100021a2:	2904      	cmp	r1, #4
100021a4:	d028      	beq.n	100021f8 <get_sequence_step_timeout+0x74>
100021a6:	2000      	movs	r0, #0
100021a8:	2400      	movs	r4, #0
100021aa:	6028      	str	r0, [r5, #0]
100021ac:	0020      	movs	r0, r4
100021ae:	b005      	add	sp, #20
100021b0:	bcc0      	pop	{r6, r7}
100021b2:	46b9      	mov	r9, r7
100021b4:	46b0      	mov	r8, r6
100021b6:	bdf0      	pop	{r4, r5, r6, r7, pc}
100021b8:	1c97      	adds	r7, r2, #2
100021ba:	003a      	movs	r2, r7
100021bc:	2100      	movs	r1, #0
100021be:	f7fe fd0b 	bl	10000bd8 <VL53L0X_GetVcselPulsePeriod>
100021c2:	1e04      	subs	r4, r0, #0
100021c4:	d065      	beq.n	10002292 <get_sequence_step_timeout+0x10e>
100021c6:	21fa      	movs	r1, #250	@ 0xfa
100021c8:	783a      	ldrb	r2, [r7, #0]
100021ca:	0089      	lsls	r1, r1, #2
100021cc:	0153      	lsls	r3, r2, #5
100021ce:	1a9b      	subs	r3, r3, r2
100021d0:	015b      	lsls	r3, r3, #5
100021d2:	189b      	adds	r3, r3, r2
100021d4:	0118      	lsls	r0, r3, #4
100021d6:	1ac0      	subs	r0, r0, r3
100021d8:	0200      	lsls	r0, r0, #8
100021da:	30f5      	adds	r0, #245	@ 0xf5
100021dc:	30ff      	adds	r0, #255	@ 0xff
100021de:	f002 fe89 	bl	10004ef4 <__wrap___aeabi_uidiv>
100021e2:	466b      	mov	r3, sp
100021e4:	78db      	ldrb	r3, [r3, #3]
100021e6:	3301      	adds	r3, #1
100021e8:	4358      	muls	r0, r3
100021ea:	21fa      	movs	r1, #250	@ 0xfa
100021ec:	30f5      	adds	r0, #245	@ 0xf5
100021ee:	0089      	lsls	r1, r1, #2
100021f0:	30ff      	adds	r0, #255	@ 0xff
100021f2:	f002 fe7f 	bl	10004ef4 <__wrap___aeabi_uidiv>
100021f6:	e7d8      	b.n	100021aa <get_sequence_step_timeout+0x26>
100021f8:	ac02      	add	r4, sp, #8
100021fa:	0021      	movs	r1, r4
100021fc:	f7fe feb0 	bl	10000f60 <VL53L0X_GetSequenceStepEnables>
10002200:	78e3      	ldrb	r3, [r4, #3]
10002202:	2b00      	cmp	r3, #0
10002204:	d04d      	beq.n	100022a2 <get_sequence_step_timeout+0x11e>
10002206:	466b      	mov	r3, sp
10002208:	1c9f      	adds	r7, r3, #2
1000220a:	003a      	movs	r2, r7
1000220c:	2100      	movs	r1, #0
1000220e:	0030      	movs	r0, r6
10002210:	f7fe fce2 	bl	10000bd8 <VL53L0X_GetVcselPulsePeriod>
10002214:	2300      	movs	r3, #0
10002216:	1e04      	subs	r4, r0, #0
10002218:	4698      	mov	r8, r3
1000221a:	d066      	beq.n	100022ea <get_sequence_step_timeout+0x166>
1000221c:	21fa      	movs	r1, #250	@ 0xfa
1000221e:	783a      	ldrb	r2, [r7, #0]
10002220:	0089      	lsls	r1, r1, #2
10002222:	0153      	lsls	r3, r2, #5
10002224:	1a9b      	subs	r3, r3, r2
10002226:	015b      	lsls	r3, r3, #5
10002228:	189b      	adds	r3, r3, r2
1000222a:	0118      	lsls	r0, r3, #4
1000222c:	1ac0      	subs	r0, r0, r3
1000222e:	0200      	lsls	r0, r0, #8
10002230:	30f5      	adds	r0, #245	@ 0xf5
10002232:	30ff      	adds	r0, #255	@ 0xff
10002234:	f002 fe5e 	bl	10004ef4 <__wrap___aeabi_uidiv>
10002238:	4643      	mov	r3, r8
1000223a:	4343      	muls	r3, r0
1000223c:	0018      	movs	r0, r3
1000223e:	e7d4      	b.n	100021ea <get_sequence_step_timeout+0x66>
10002240:	1c97      	adds	r7, r2, #2
10002242:	003a      	movs	r2, r7
10002244:	2100      	movs	r1, #0
10002246:	f7fe fcc7 	bl	10000bd8 <VL53L0X_GetVcselPulsePeriod>
1000224a:	0004      	movs	r4, r0
1000224c:	2000      	movs	r0, #0
1000224e:	2c00      	cmp	r4, #0
10002250:	d1ab      	bne.n	100021aa <get_sequence_step_timeout+0x26>
10002252:	003a      	movs	r2, r7
10002254:	2100      	movs	r1, #0
10002256:	0030      	movs	r0, r6
10002258:	f7fe fcbe 	bl	10000bd8 <VL53L0X_GetVcselPulsePeriod>
1000225c:	1e04      	subs	r4, r0, #0
1000225e:	d057      	beq.n	10002310 <get_sequence_step_timeout+0x18c>
10002260:	466b      	mov	r3, sp
10002262:	466a      	mov	r2, sp
10002264:	21fa      	movs	r1, #250	@ 0xfa
10002266:	889b      	ldrh	r3, [r3, #4]
10002268:	7916      	ldrb	r6, [r2, #4]
1000226a:	783a      	ldrb	r2, [r7, #0]
1000226c:	0a1b      	lsrs	r3, r3, #8
1000226e:	409e      	lsls	r6, r3
10002270:	0153      	lsls	r3, r2, #5
10002272:	1a9b      	subs	r3, r3, r2
10002274:	015b      	lsls	r3, r3, #5
10002276:	189b      	adds	r3, r3, r2
10002278:	0118      	lsls	r0, r3, #4
1000227a:	1ac0      	subs	r0, r0, r3
1000227c:	0200      	lsls	r0, r0, #8
1000227e:	30f5      	adds	r0, #245	@ 0xf5
10002280:	30ff      	adds	r0, #255	@ 0xff
10002282:	0089      	lsls	r1, r1, #2
10002284:	f002 fe36 	bl	10004ef4 <__wrap___aeabi_uidiv>
10002288:	3601      	adds	r6, #1
1000228a:	0436      	lsls	r6, r6, #16
1000228c:	0c36      	lsrs	r6, r6, #16
1000228e:	4370      	muls	r0, r6
10002290:	e7ab      	b.n	100021ea <get_sequence_step_timeout+0x66>
10002292:	466b      	mov	r3, sp
10002294:	2146      	movs	r1, #70	@ 0x46
10002296:	0030      	movs	r0, r6
10002298:	1cda      	adds	r2, r3, #3
1000229a:	f7fe f9d9 	bl	10000650 <VL53L0X_RdByte>
1000229e:	0004      	movs	r4, r0
100022a0:	e791      	b.n	100021c6 <get_sequence_step_timeout+0x42>
100022a2:	2300      	movs	r3, #0
100022a4:	4698      	mov	r8, r3
100022a6:	466b      	mov	r3, sp
100022a8:	1c9f      	adds	r7, r3, #2
100022aa:	003a      	movs	r2, r7
100022ac:	2101      	movs	r1, #1
100022ae:	0030      	movs	r0, r6
100022b0:	f7fe fc92 	bl	10000bd8 <VL53L0X_GetVcselPulsePeriod>
100022b4:	1e04      	subs	r4, r0, #0
100022b6:	d004      	beq.n	100022c2 <get_sequence_step_timeout+0x13e>
100022b8:	4643      	mov	r3, r8
100022ba:	4258      	negs	r0, r3
100022bc:	b283      	uxth	r3, r0
100022be:	4698      	mov	r8, r3
100022c0:	e7ac      	b.n	1000221c <get_sequence_step_timeout+0x98>
100022c2:	2306      	movs	r3, #6
100022c4:	446b      	add	r3, sp
100022c6:	4699      	mov	r9, r3
100022c8:	001a      	movs	r2, r3
100022ca:	2171      	movs	r1, #113	@ 0x71
100022cc:	0030      	movs	r0, r6
100022ce:	f7fe f9e3 	bl	10000698 <VL53L0X_RdWord>
100022d2:	464b      	mov	r3, r9
100022d4:	881a      	ldrh	r2, [r3, #0]
100022d6:	781b      	ldrb	r3, [r3, #0]
100022d8:	0a12      	lsrs	r2, r2, #8
100022da:	4093      	lsls	r3, r2
100022dc:	4642      	mov	r2, r8
100022de:	3301      	adds	r3, #1
100022e0:	1a9b      	subs	r3, r3, r2
100022e2:	b29b      	uxth	r3, r3
100022e4:	0004      	movs	r4, r0
100022e6:	4698      	mov	r8, r3
100022e8:	e798      	b.n	1000221c <get_sequence_step_timeout+0x98>
100022ea:	aa01      	add	r2, sp, #4
100022ec:	2151      	movs	r1, #81	@ 0x51
100022ee:	0030      	movs	r0, r6
100022f0:	f7fe f9d2 	bl	10000698 <VL53L0X_RdWord>
100022f4:	466b      	mov	r3, sp
100022f6:	889a      	ldrh	r2, [r3, #4]
100022f8:	791b      	ldrb	r3, [r3, #4]
100022fa:	0a12      	lsrs	r2, r2, #8
100022fc:	4093      	lsls	r3, r2
100022fe:	3301      	adds	r3, #1
10002300:	b29b      	uxth	r3, r3
10002302:	1e04      	subs	r4, r0, #0
10002304:	4698      	mov	r8, r3
10002306:	d0d0      	beq.n	100022aa <get_sequence_step_timeout+0x126>
10002308:	425b      	negs	r3, r3
1000230a:	b29b      	uxth	r3, r3
1000230c:	4698      	mov	r8, r3
1000230e:	e785      	b.n	1000221c <get_sequence_step_timeout+0x98>
10002310:	2151      	movs	r1, #81	@ 0x51
10002312:	0030      	movs	r0, r6
10002314:	aa01      	add	r2, sp, #4
10002316:	f7fe f9bf 	bl	10000698 <VL53L0X_RdWord>
1000231a:	0004      	movs	r4, r0
1000231c:	e7a0      	b.n	10002260 <get_sequence_step_timeout+0xdc>
1000231e:	46c0      	nop			@ (mov r8, r8)

10002320 <VL53L0X_get_vcsel_pulse_period>:
10002320:	b530      	push	{r4, r5, lr}
10002322:	0014      	movs	r4, r2
10002324:	b083      	sub	sp, #12
10002326:	2900      	cmp	r1, #0
10002328:	d012      	beq.n	10002350 <VL53L0X_get_vcsel_pulse_period+0x30>
1000232a:	2901      	cmp	r1, #1
1000232c:	d10d      	bne.n	1000234a <VL53L0X_get_vcsel_pulse_period+0x2a>
1000232e:	466b      	mov	r3, sp
10002330:	1ddd      	adds	r5, r3, #7
10002332:	002a      	movs	r2, r5
10002334:	2170      	movs	r1, #112	@ 0x70
10002336:	f7fe f98b 	bl	10000650 <VL53L0X_RdByte>
1000233a:	2800      	cmp	r0, #0
1000233c:	d103      	bne.n	10002346 <VL53L0X_get_vcsel_pulse_period+0x26>
1000233e:	782b      	ldrb	r3, [r5, #0]
10002340:	3301      	adds	r3, #1
10002342:	005b      	lsls	r3, r3, #1
10002344:	7023      	strb	r3, [r4, #0]
10002346:	b003      	add	sp, #12
10002348:	bd30      	pop	{r4, r5, pc}
1000234a:	2004      	movs	r0, #4
1000234c:	4240      	negs	r0, r0
1000234e:	e7fa      	b.n	10002346 <VL53L0X_get_vcsel_pulse_period+0x26>
10002350:	466b      	mov	r3, sp
10002352:	1ddd      	adds	r5, r3, #7
10002354:	002a      	movs	r2, r5
10002356:	2150      	movs	r1, #80	@ 0x50
10002358:	f7fe f97a 	bl	10000650 <VL53L0X_RdByte>
1000235c:	e7ed      	b.n	1000233a <VL53L0X_get_vcsel_pulse_period+0x1a>
1000235e:	46c0      	nop			@ (mov r8, r8)

10002360 <VL53L0X_set_measurement_timing_budget_micro_seconds>:
10002360:	b5f0      	push	{r4, r5, r6, r7, lr}
10002362:	46d6      	mov	lr, sl
10002364:	464f      	mov	r7, r9
10002366:	4646      	mov	r6, r8
10002368:	b5c0      	push	{r6, r7, lr}
1000236a:	b084      	sub	sp, #16
1000236c:	ad02      	add	r5, sp, #8
1000236e:	000f      	movs	r7, r1
10002370:	0029      	movs	r1, r5
10002372:	0006      	movs	r6, r0
10002374:	f7fe fdf4 	bl	10000f60 <VL53L0X_GetSequenceStepEnables>
10002378:	1e04      	subs	r4, r0, #0
1000237a:	d10e      	bne.n	1000239a <VL53L0X_set_measurement_timing_budget_micro_seconds+0x3a>
1000237c:	4b61      	ldr	r3, [pc, #388]	@ (10002504 <VL53L0X_set_measurement_timing_budget_micro_seconds+0x1a4>)
1000237e:	786a      	ldrb	r2, [r5, #1]
10002380:	4698      	mov	r8, r3
10002382:	782b      	ldrb	r3, [r5, #0]
10002384:	44b8      	add	r8, r7
10002386:	4313      	orrs	r3, r2
10002388:	78aa      	ldrb	r2, [r5, #2]
1000238a:	4313      	orrs	r3, r2
1000238c:	d10c      	bne.n	100023a8 <VL53L0X_set_measurement_timing_budget_micro_seconds+0x48>
1000238e:	78eb      	ldrb	r3, [r5, #3]
10002390:	2b00      	cmp	r3, #0
10002392:	d155      	bne.n	10002440 <VL53L0X_set_measurement_timing_budget_micro_seconds+0xe0>
10002394:	792b      	ldrb	r3, [r5, #4]
10002396:	2b00      	cmp	r3, #0
10002398:	d16b      	bne.n	10002472 <VL53L0X_set_measurement_timing_budget_micro_seconds+0x112>
1000239a:	0020      	movs	r0, r4
1000239c:	b004      	add	sp, #16
1000239e:	bce0      	pop	{r5, r6, r7}
100023a0:	46ba      	mov	sl, r7
100023a2:	46b1      	mov	r9, r6
100023a4:	46a8      	mov	r8, r5
100023a6:	bdf0      	pop	{r4, r5, r6, r7, pc}
100023a8:	2306      	movs	r3, #6
100023aa:	446b      	add	r3, sp
100023ac:	7018      	strb	r0, [r3, #0]
100023ae:	4699      	mov	r9, r3
100023b0:	466b      	mov	r3, sp
100023b2:	2100      	movs	r1, #0
100023b4:	0030      	movs	r0, r6
100023b6:	1d5a      	adds	r2, r3, #5
100023b8:	f7fe fc0e 	bl	10000bd8 <VL53L0X_GetVcselPulsePeriod>
100023bc:	2800      	cmp	r0, #0
100023be:	d001      	beq.n	100023c4 <VL53L0X_set_measurement_timing_budget_micro_seconds+0x64>
100023c0:	0004      	movs	r4, r0
100023c2:	e7ea      	b.n	1000239a <VL53L0X_set_measurement_timing_budget_micro_seconds+0x3a>
100023c4:	464a      	mov	r2, r9
100023c6:	2146      	movs	r1, #70	@ 0x46
100023c8:	0030      	movs	r0, r6
100023ca:	f7fe f941 	bl	10000650 <VL53L0X_RdByte>
100023ce:	466b      	mov	r3, sp
100023d0:	21fa      	movs	r1, #250	@ 0xfa
100023d2:	795a      	ldrb	r2, [r3, #5]
100023d4:	4682      	mov	sl, r0
100023d6:	0153      	lsls	r3, r2, #5
100023d8:	1a9b      	subs	r3, r3, r2
100023da:	015b      	lsls	r3, r3, #5
100023dc:	189b      	adds	r3, r3, r2
100023de:	0118      	lsls	r0, r3, #4
100023e0:	1ac0      	subs	r0, r0, r3
100023e2:	0200      	lsls	r0, r0, #8
100023e4:	30f5      	adds	r0, #245	@ 0xf5
100023e6:	0089      	lsls	r1, r1, #2
100023e8:	30ff      	adds	r0, #255	@ 0xff
100023ea:	f002 fd83 	bl	10004ef4 <__wrap___aeabi_uidiv>
100023ee:	464b      	mov	r3, r9
100023f0:	21fa      	movs	r1, #250	@ 0xfa
100023f2:	781b      	ldrb	r3, [r3, #0]
100023f4:	0089      	lsls	r1, r1, #2
100023f6:	3301      	adds	r3, #1
100023f8:	4358      	muls	r0, r3
100023fa:	30f5      	adds	r0, #245	@ 0xf5
100023fc:	30ff      	adds	r0, #255	@ 0xff
100023fe:	f002 fd79 	bl	10004ef4 <__wrap___aeabi_uidiv>
10002402:	4653      	mov	r3, sl
10002404:	2b00      	cmp	r3, #0
10002406:	d173      	bne.n	100024f0 <VL53L0X_set_measurement_timing_budget_micro_seconds+0x190>
10002408:	782b      	ldrb	r3, [r5, #0]
1000240a:	2b00      	cmp	r3, #0
1000240c:	d006      	beq.n	1000241c <VL53L0X_set_measurement_timing_budget_micro_seconds+0xbc>
1000240e:	4b3e      	ldr	r3, [pc, #248]	@ (10002508 <VL53L0X_set_measurement_timing_budget_micro_seconds+0x1a8>)
10002410:	18c3      	adds	r3, r0, r3
10002412:	4598      	cmp	r8, r3
10002414:	d92a      	bls.n	1000246c <VL53L0X_set_measurement_timing_budget_micro_seconds+0x10c>
10002416:	4642      	mov	r2, r8
10002418:	1ad3      	subs	r3, r2, r3
1000241a:	4698      	mov	r8, r3
1000241c:	78ab      	ldrb	r3, [r5, #2]
1000241e:	2b00      	cmp	r3, #0
10002420:	d11e      	bne.n	10002460 <VL53L0X_set_measurement_timing_budget_micro_seconds+0x100>
10002422:	786b      	ldrb	r3, [r5, #1]
10002424:	2b00      	cmp	r3, #0
10002426:	d0b2      	beq.n	1000238e <VL53L0X_set_measurement_timing_budget_micro_seconds+0x2e>
10002428:	23a5      	movs	r3, #165	@ 0xa5
1000242a:	009b      	lsls	r3, r3, #2
1000242c:	469c      	mov	ip, r3
1000242e:	4460      	add	r0, ip
10002430:	4580      	cmp	r8, r0
10002432:	d91b      	bls.n	1000246c <VL53L0X_set_measurement_timing_budget_micro_seconds+0x10c>
10002434:	4643      	mov	r3, r8
10002436:	1a1b      	subs	r3, r3, r0
10002438:	4698      	mov	r8, r3
1000243a:	78eb      	ldrb	r3, [r5, #3]
1000243c:	2b00      	cmp	r3, #0
1000243e:	d0a9      	beq.n	10002394 <VL53L0X_set_measurement_timing_budget_micro_seconds+0x34>
10002440:	466a      	mov	r2, sp
10002442:	2300      	movs	r3, #0
10002444:	2100      	movs	r1, #0
10002446:	80d3      	strh	r3, [r2, #6]
10002448:	0030      	movs	r0, r6
1000244a:	3205      	adds	r2, #5
1000244c:	f7fe fbc4 	bl	10000bd8 <VL53L0X_GetVcselPulsePeriod>
10002450:	2800      	cmp	r0, #0
10002452:	d017      	beq.n	10002484 <VL53L0X_set_measurement_timing_budget_micro_seconds+0x124>
10002454:	23a5      	movs	r3, #165	@ 0xa5
10002456:	0004      	movs	r4, r0
10002458:	009b      	lsls	r3, r3, #2
1000245a:	4598      	cmp	r8, r3
1000245c:	d89d      	bhi.n	1000239a <VL53L0X_set_measurement_timing_budget_micro_seconds+0x3a>
1000245e:	e005      	b.n	1000246c <VL53L0X_set_measurement_timing_budget_micro_seconds+0x10c>
10002460:	4b2a      	ldr	r3, [pc, #168]	@ (1000250c <VL53L0X_set_measurement_timing_budget_micro_seconds+0x1ac>)
10002462:	469c      	mov	ip, r3
10002464:	4460      	add	r0, ip
10002466:	0040      	lsls	r0, r0, #1
10002468:	4580      	cmp	r8, r0
1000246a:	d8e3      	bhi.n	10002434 <VL53L0X_set_measurement_timing_budget_micro_seconds+0xd4>
1000246c:	2404      	movs	r4, #4
1000246e:	4264      	negs	r4, r4
10002470:	e793      	b.n	1000239a <VL53L0X_set_measurement_timing_budget_micro_seconds+0x3a>
10002472:	4a27      	ldr	r2, [pc, #156]	@ (10002510 <VL53L0X_set_measurement_timing_budget_micro_seconds+0x1b0>)
10002474:	2104      	movs	r1, #4
10002476:	0030      	movs	r0, r6
10002478:	4442      	add	r2, r8
1000247a:	f7ff f86d 	bl	10001558 <set_sequence_step_timeout.part.0>
1000247e:	60f7      	str	r7, [r6, #12]
10002480:	0004      	movs	r4, r0
10002482:	e78a      	b.n	1000239a <VL53L0X_set_measurement_timing_budget_micro_seconds+0x3a>
10002484:	466b      	mov	r3, sp
10002486:	2100      	movs	r1, #0
10002488:	0030      	movs	r0, r6
1000248a:	1d5a      	adds	r2, r3, #5
1000248c:	f7fe fba4 	bl	10000bd8 <VL53L0X_GetVcselPulsePeriod>
10002490:	4682      	mov	sl, r0
10002492:	2800      	cmp	r0, #0
10002494:	d02e      	beq.n	100024f4 <VL53L0X_set_measurement_timing_budget_micro_seconds+0x194>
10002496:	466b      	mov	r3, sp
10002498:	88da      	ldrh	r2, [r3, #6]
1000249a:	799b      	ldrb	r3, [r3, #6]
1000249c:	0a12      	lsrs	r2, r2, #8
1000249e:	4093      	lsls	r3, r2
100024a0:	3301      	adds	r3, #1
100024a2:	041b      	lsls	r3, r3, #16
100024a4:	0c1b      	lsrs	r3, r3, #16
100024a6:	4699      	mov	r9, r3
100024a8:	466b      	mov	r3, sp
100024aa:	21fa      	movs	r1, #250	@ 0xfa
100024ac:	795a      	ldrb	r2, [r3, #5]
100024ae:	0089      	lsls	r1, r1, #2
100024b0:	0153      	lsls	r3, r2, #5
100024b2:	1a9b      	subs	r3, r3, r2
100024b4:	015b      	lsls	r3, r3, #5
100024b6:	189b      	adds	r3, r3, r2
100024b8:	0118      	lsls	r0, r3, #4
100024ba:	1ac0      	subs	r0, r0, r3
100024bc:	0200      	lsls	r0, r0, #8
100024be:	30f5      	adds	r0, #245	@ 0xf5
100024c0:	30ff      	adds	r0, #255	@ 0xff
100024c2:	f002 fd17 	bl	10004ef4 <__wrap___aeabi_uidiv>
100024c6:	464b      	mov	r3, r9
100024c8:	21fa      	movs	r1, #250	@ 0xfa
100024ca:	4358      	muls	r0, r3
100024cc:	30f5      	adds	r0, #245	@ 0xf5
100024ce:	30ff      	adds	r0, #255	@ 0xff
100024d0:	0089      	lsls	r1, r1, #2
100024d2:	f002 fd0f 	bl	10004ef4 <__wrap___aeabi_uidiv>
100024d6:	23a5      	movs	r3, #165	@ 0xa5
100024d8:	009b      	lsls	r3, r3, #2
100024da:	469c      	mov	ip, r3
100024dc:	4460      	add	r0, ip
100024de:	4580      	cmp	r8, r0
100024e0:	d9c4      	bls.n	1000246c <VL53L0X_set_measurement_timing_budget_micro_seconds+0x10c>
100024e2:	4653      	mov	r3, sl
100024e4:	2b00      	cmp	r3, #0
100024e6:	d103      	bne.n	100024f0 <VL53L0X_set_measurement_timing_budget_micro_seconds+0x190>
100024e8:	4643      	mov	r3, r8
100024ea:	1a1b      	subs	r3, r3, r0
100024ec:	4698      	mov	r8, r3
100024ee:	e751      	b.n	10002394 <VL53L0X_set_measurement_timing_budget_micro_seconds+0x34>
100024f0:	4654      	mov	r4, sl
100024f2:	e752      	b.n	1000239a <VL53L0X_set_measurement_timing_budget_micro_seconds+0x3a>
100024f4:	466b      	mov	r3, sp
100024f6:	2151      	movs	r1, #81	@ 0x51
100024f8:	0030      	movs	r0, r6
100024fa:	1d9a      	adds	r2, r3, #6
100024fc:	f7fe f8cc 	bl	10000698 <VL53L0X_RdWord>
10002500:	4682      	mov	sl, r0
10002502:	e7c8      	b.n	10002496 <VL53L0X_set_measurement_timing_budget_micro_seconds+0x136>
10002504:	fffff4ca 	.word	0xfffff4ca
10002508:	0000024e 	.word	0x0000024e
1000250c:	000002b2 	.word	0x000002b2
10002510:	fffffdda 	.word	0xfffffdda

10002514 <VL53L0X_get_measurement_timing_budget_micro_seconds>:
10002514:	b5f0      	push	{r4, r5, r6, r7, lr}
10002516:	46ce      	mov	lr, r9
10002518:	4647      	mov	r7, r8
1000251a:	b580      	push	{r7, lr}
1000251c:	4b67      	ldr	r3, [pc, #412]	@ (100026bc <VL53L0X_get_measurement_timing_budget_micro_seconds+0x1a8>)
1000251e:	b085      	sub	sp, #20
10002520:	ad02      	add	r5, sp, #8
10002522:	600b      	str	r3, [r1, #0]
10002524:	000e      	movs	r6, r1
10002526:	0029      	movs	r1, r5
10002528:	0007      	movs	r7, r0
1000252a:	f7fe fd19 	bl	10000f60 <VL53L0X_GetSequenceStepEnables>
1000252e:	1e04      	subs	r4, r0, #0
10002530:	d10d      	bne.n	1000254e <VL53L0X_get_measurement_timing_budget_micro_seconds+0x3a>
10002532:	786a      	ldrb	r2, [r5, #1]
10002534:	782b      	ldrb	r3, [r5, #0]
10002536:	4313      	orrs	r3, r2
10002538:	78aa      	ldrb	r2, [r5, #2]
1000253a:	4313      	orrs	r3, r2
1000253c:	d10d      	bne.n	1000255a <VL53L0X_get_measurement_timing_budget_micro_seconds+0x46>
1000253e:	78eb      	ldrb	r3, [r5, #3]
10002540:	2b00      	cmp	r3, #0
10002542:	d15a      	bne.n	100025fa <VL53L0X_get_measurement_timing_budget_micro_seconds+0xe6>
10002544:	792b      	ldrb	r3, [r5, #4]
10002546:	2b00      	cmp	r3, #0
10002548:	d169      	bne.n	1000261e <VL53L0X_get_measurement_timing_budget_micro_seconds+0x10a>
1000254a:	6833      	ldr	r3, [r6, #0]
1000254c:	60fb      	str	r3, [r7, #12]
1000254e:	0020      	movs	r0, r4
10002550:	b005      	add	sp, #20
10002552:	bcc0      	pop	{r6, r7}
10002554:	46b9      	mov	r9, r7
10002556:	46b0      	mov	r8, r6
10002558:	bdf0      	pop	{r4, r5, r6, r7, pc}
1000255a:	ab01      	add	r3, sp, #4
1000255c:	7018      	strb	r0, [r3, #0]
1000255e:	4698      	mov	r8, r3
10002560:	466b      	mov	r3, sp
10002562:	2100      	movs	r1, #0
10002564:	0038      	movs	r0, r7
10002566:	1cda      	adds	r2, r3, #3
10002568:	f7fe fb36 	bl	10000bd8 <VL53L0X_GetVcselPulsePeriod>
1000256c:	2800      	cmp	r0, #0
1000256e:	d001      	beq.n	10002574 <VL53L0X_get_measurement_timing_budget_micro_seconds+0x60>
10002570:	0004      	movs	r4, r0
10002572:	e7ec      	b.n	1000254e <VL53L0X_get_measurement_timing_budget_micro_seconds+0x3a>
10002574:	4642      	mov	r2, r8
10002576:	2146      	movs	r1, #70	@ 0x46
10002578:	0038      	movs	r0, r7
1000257a:	f7fe f869 	bl	10000650 <VL53L0X_RdByte>
1000257e:	466b      	mov	r3, sp
10002580:	21fa      	movs	r1, #250	@ 0xfa
10002582:	78da      	ldrb	r2, [r3, #3]
10002584:	4681      	mov	r9, r0
10002586:	0153      	lsls	r3, r2, #5
10002588:	1a9b      	subs	r3, r3, r2
1000258a:	015b      	lsls	r3, r3, #5
1000258c:	189b      	adds	r3, r3, r2
1000258e:	0118      	lsls	r0, r3, #4
10002590:	1ac0      	subs	r0, r0, r3
10002592:	0200      	lsls	r0, r0, #8
10002594:	30f5      	adds	r0, #245	@ 0xf5
10002596:	0089      	lsls	r1, r1, #2
10002598:	30ff      	adds	r0, #255	@ 0xff
1000259a:	f002 fcab 	bl	10004ef4 <__wrap___aeabi_uidiv>
1000259e:	4643      	mov	r3, r8
100025a0:	21fa      	movs	r1, #250	@ 0xfa
100025a2:	781b      	ldrb	r3, [r3, #0]
100025a4:	0089      	lsls	r1, r1, #2
100025a6:	3301      	adds	r3, #1
100025a8:	4358      	muls	r0, r3
100025aa:	30f5      	adds	r0, #245	@ 0xf5
100025ac:	30ff      	adds	r0, #255	@ 0xff
100025ae:	f002 fca1 	bl	10004ef4 <__wrap___aeabi_uidiv>
100025b2:	464b      	mov	r3, r9
100025b4:	2b00      	cmp	r3, #0
100025b6:	d177      	bne.n	100026a8 <VL53L0X_get_measurement_timing_budget_micro_seconds+0x194>
100025b8:	782b      	ldrb	r3, [r5, #0]
100025ba:	2b00      	cmp	r3, #0
100025bc:	d005      	beq.n	100025ca <VL53L0X_get_measurement_timing_budget_micro_seconds+0xb6>
100025be:	4a40      	ldr	r2, [pc, #256]	@ (100026c0 <VL53L0X_get_measurement_timing_budget_micro_seconds+0x1ac>)
100025c0:	6833      	ldr	r3, [r6, #0]
100025c2:	4694      	mov	ip, r2
100025c4:	4463      	add	r3, ip
100025c6:	181b      	adds	r3, r3, r0
100025c8:	6033      	str	r3, [r6, #0]
100025ca:	78ab      	ldrb	r3, [r5, #2]
100025cc:	2b00      	cmp	r3, #0
100025ce:	d10a      	bne.n	100025e6 <VL53L0X_get_measurement_timing_budget_micro_seconds+0xd2>
100025d0:	786b      	ldrb	r3, [r5, #1]
100025d2:	2b00      	cmp	r3, #0
100025d4:	d0b3      	beq.n	1000253e <VL53L0X_get_measurement_timing_budget_micro_seconds+0x2a>
100025d6:	22a5      	movs	r2, #165	@ 0xa5
100025d8:	0092      	lsls	r2, r2, #2
100025da:	4694      	mov	ip, r2
100025dc:	6833      	ldr	r3, [r6, #0]
100025de:	4463      	add	r3, ip
100025e0:	181b      	adds	r3, r3, r0
100025e2:	6033      	str	r3, [r6, #0]
100025e4:	e7ab      	b.n	1000253e <VL53L0X_get_measurement_timing_budget_micro_seconds+0x2a>
100025e6:	4b37      	ldr	r3, [pc, #220]	@ (100026c4 <VL53L0X_get_measurement_timing_budget_micro_seconds+0x1b0>)
100025e8:	469c      	mov	ip, r3
100025ea:	6833      	ldr	r3, [r6, #0]
100025ec:	4460      	add	r0, ip
100025ee:	0040      	lsls	r0, r0, #1
100025f0:	181b      	adds	r3, r3, r0
100025f2:	6033      	str	r3, [r6, #0]
100025f4:	78eb      	ldrb	r3, [r5, #3]
100025f6:	2b00      	cmp	r3, #0
100025f8:	d0a4      	beq.n	10002544 <VL53L0X_get_measurement_timing_budget_micro_seconds+0x30>
100025fa:	466a      	mov	r2, sp
100025fc:	2300      	movs	r3, #0
100025fe:	2100      	movs	r1, #0
10002600:	8093      	strh	r3, [r2, #4]
10002602:	0038      	movs	r0, r7
10002604:	3203      	adds	r2, #3
10002606:	f7fe fae7 	bl	10000bd8 <VL53L0X_GetVcselPulsePeriod>
1000260a:	2800      	cmp	r0, #0
1000260c:	d018      	beq.n	10002640 <VL53L0X_get_measurement_timing_budget_micro_seconds+0x12c>
1000260e:	22a5      	movs	r2, #165	@ 0xa5
10002610:	0092      	lsls	r2, r2, #2
10002612:	4694      	mov	ip, r2
10002614:	6833      	ldr	r3, [r6, #0]
10002616:	0004      	movs	r4, r0
10002618:	4463      	add	r3, ip
1000261a:	6033      	str	r3, [r6, #0]
1000261c:	e797      	b.n	1000254e <VL53L0X_get_measurement_timing_budget_micro_seconds+0x3a>
1000261e:	aa01      	add	r2, sp, #4
10002620:	2104      	movs	r1, #4
10002622:	0038      	movs	r0, r7
10002624:	f7ff fdae 	bl	10002184 <get_sequence_step_timeout>
10002628:	4a27      	ldr	r2, [pc, #156]	@ (100026c8 <VL53L0X_get_measurement_timing_budget_micro_seconds+0x1b4>)
1000262a:	9b01      	ldr	r3, [sp, #4]
1000262c:	4694      	mov	ip, r2
1000262e:	6832      	ldr	r2, [r6, #0]
10002630:	4463      	add	r3, ip
10002632:	189b      	adds	r3, r3, r2
10002634:	6033      	str	r3, [r6, #0]
10002636:	2800      	cmp	r0, #0
10002638:	d100      	bne.n	1000263c <VL53L0X_get_measurement_timing_budget_micro_seconds+0x128>
1000263a:	e787      	b.n	1000254c <VL53L0X_get_measurement_timing_budget_micro_seconds+0x38>
1000263c:	0004      	movs	r4, r0
1000263e:	e786      	b.n	1000254e <VL53L0X_get_measurement_timing_budget_micro_seconds+0x3a>
10002640:	466b      	mov	r3, sp
10002642:	2100      	movs	r1, #0
10002644:	0038      	movs	r0, r7
10002646:	1cda      	adds	r2, r3, #3
10002648:	f7fe fac6 	bl	10000bd8 <VL53L0X_GetVcselPulsePeriod>
1000264c:	4681      	mov	r9, r0
1000264e:	2800      	cmp	r0, #0
10002650:	d02c      	beq.n	100026ac <VL53L0X_get_measurement_timing_budget_micro_seconds+0x198>
10002652:	466b      	mov	r3, sp
10002654:	889a      	ldrh	r2, [r3, #4]
10002656:	791b      	ldrb	r3, [r3, #4]
10002658:	0a12      	lsrs	r2, r2, #8
1000265a:	4093      	lsls	r3, r2
1000265c:	3301      	adds	r3, #1
1000265e:	041b      	lsls	r3, r3, #16
10002660:	0c1b      	lsrs	r3, r3, #16
10002662:	4698      	mov	r8, r3
10002664:	466b      	mov	r3, sp
10002666:	21fa      	movs	r1, #250	@ 0xfa
10002668:	78da      	ldrb	r2, [r3, #3]
1000266a:	0089      	lsls	r1, r1, #2
1000266c:	0153      	lsls	r3, r2, #5
1000266e:	1a9b      	subs	r3, r3, r2
10002670:	015b      	lsls	r3, r3, #5
10002672:	189b      	adds	r3, r3, r2
10002674:	0118      	lsls	r0, r3, #4
10002676:	1ac0      	subs	r0, r0, r3
10002678:	0200      	lsls	r0, r0, #8
1000267a:	30f5      	adds	r0, #245	@ 0xf5
1000267c:	30ff      	adds	r0, #255	@ 0xff
1000267e:	f002 fc39 	bl	10004ef4 <__wrap___aeabi_uidiv>
10002682:	4643      	mov	r3, r8
10002684:	21fa      	movs	r1, #250	@ 0xfa
10002686:	4358      	muls	r0, r3
10002688:	30f5      	adds	r0, #245	@ 0xf5
1000268a:	30ff      	adds	r0, #255	@ 0xff
1000268c:	0089      	lsls	r1, r1, #2
1000268e:	f002 fc31 	bl	10004ef4 <__wrap___aeabi_uidiv>
10002692:	22a5      	movs	r2, #165	@ 0xa5
10002694:	0092      	lsls	r2, r2, #2
10002696:	4694      	mov	ip, r2
10002698:	6833      	ldr	r3, [r6, #0]
1000269a:	4463      	add	r3, ip
1000269c:	181b      	adds	r3, r3, r0
1000269e:	6033      	str	r3, [r6, #0]
100026a0:	464b      	mov	r3, r9
100026a2:	2b00      	cmp	r3, #0
100026a4:	d100      	bne.n	100026a8 <VL53L0X_get_measurement_timing_budget_micro_seconds+0x194>
100026a6:	e74d      	b.n	10002544 <VL53L0X_get_measurement_timing_budget_micro_seconds+0x30>
100026a8:	464c      	mov	r4, r9
100026aa:	e750      	b.n	1000254e <VL53L0X_get_measurement_timing_budget_micro_seconds+0x3a>
100026ac:	2151      	movs	r1, #81	@ 0x51
100026ae:	0038      	movs	r0, r7
100026b0:	aa01      	add	r2, sp, #4
100026b2:	f7fd fff1 	bl	10000698 <VL53L0X_RdWord>
100026b6:	4681      	mov	r9, r0
100026b8:	e7cb      	b.n	10002652 <VL53L0X_get_measurement_timing_budget_micro_seconds+0x13e>
100026ba:	46c0      	nop			@ (mov r8, r8)
100026bc:	00000b36 	.word	0x00000b36
100026c0:	0000024e 	.word	0x0000024e
100026c4:	000002b2 	.word	0x000002b2
100026c8:	00000226 	.word	0x00000226

100026cc <VL53L0X_load_tuning_settings>:
100026cc:	b5f0      	push	{r4, r5, r6, r7, lr}
100026ce:	46c6      	mov	lr, r8
100026d0:	b500      	push	{lr}
100026d2:	780d      	ldrb	r5, [r1, #0]
100026d4:	0007      	movs	r7, r0
100026d6:	000e      	movs	r6, r1
100026d8:	b082      	sub	sp, #8
100026da:	2d00      	cmp	r5, #0
100026dc:	d01e      	beq.n	1000271c <VL53L0X_load_tuning_settings+0x50>
100026de:	2400      	movs	r4, #0
100026e0:	1c63      	adds	r3, r4, #1
100026e2:	2dff      	cmp	r5, #255	@ 0xff
100026e4:	d007      	beq.n	100026f6 <VL53L0X_load_tuning_settings+0x2a>
100026e6:	2d04      	cmp	r5, #4
100026e8:	d91a      	bls.n	10002720 <VL53L0X_load_tuning_settings+0x54>
100026ea:	2004      	movs	r0, #4
100026ec:	4240      	negs	r0, r0
100026ee:	b002      	add	sp, #8
100026f0:	bc80      	pop	{r7}
100026f2:	46b8      	mov	r8, r7
100026f4:	bdf0      	pop	{r4, r5, r6, r7, pc}
100026f6:	5cf3      	ldrb	r3, [r6, r3]
100026f8:	1ca2      	adds	r2, r4, #2
100026fa:	2b02      	cmp	r3, #2
100026fc:	d043      	beq.n	10002786 <VL53L0X_load_tuning_settings+0xba>
100026fe:	d824      	bhi.n	1000274a <VL53L0X_load_tuning_settings+0x7e>
10002700:	2b00      	cmp	r3, #0
10002702:	d032      	beq.n	1000276a <VL53L0X_load_tuning_settings+0x9e>
10002704:	5cb2      	ldrb	r2, [r6, r2]
10002706:	1933      	adds	r3, r6, r4
10002708:	78db      	ldrb	r3, [r3, #3]
1000270a:	0212      	lsls	r2, r2, #8
1000270c:	189b      	adds	r3, r3, r2
1000270e:	22b1      	movs	r2, #177	@ 0xb1
10002710:	0052      	lsls	r2, r2, #1
10002712:	3404      	adds	r4, #4
10002714:	52bb      	strh	r3, [r7, r2]
10002716:	5d35      	ldrb	r5, [r6, r4]
10002718:	2d00      	cmp	r5, #0
1000271a:	d1e1      	bne.n	100026e0 <VL53L0X_load_tuning_settings+0x14>
1000271c:	2000      	movs	r0, #0
1000271e:	e7e6      	b.n	100026ee <VL53L0X_load_tuning_settings+0x22>
10002720:	5cf3      	ldrb	r3, [r6, r3]
10002722:	3402      	adds	r4, #2
10002724:	4698      	mov	r8, r3
10002726:	002a      	movs	r2, r5
10002728:	1931      	adds	r1, r6, r4
1000272a:	a801      	add	r0, sp, #4
1000272c:	f003 fa76 	bl	10005c1c <__wrap___aeabi_memcpy>
10002730:	1964      	adds	r4, r4, r5
10002732:	002b      	movs	r3, r5
10002734:	4641      	mov	r1, r8
10002736:	0038      	movs	r0, r7
10002738:	aa01      	add	r2, sp, #4
1000273a:	f7fd ff03 	bl	10000544 <VL53L0X_WriteMulti>
1000273e:	5d35      	ldrb	r5, [r6, r4]
10002740:	2d00      	cmp	r5, #0
10002742:	d0d4      	beq.n	100026ee <VL53L0X_load_tuning_settings+0x22>
10002744:	2800      	cmp	r0, #0
10002746:	d0cb      	beq.n	100026e0 <VL53L0X_load_tuning_settings+0x14>
10002748:	e7d1      	b.n	100026ee <VL53L0X_load_tuning_settings+0x22>
1000274a:	2b03      	cmp	r3, #3
1000274c:	d1cd      	bne.n	100026ea <VL53L0X_load_tuning_settings+0x1e>
1000274e:	5cb2      	ldrb	r2, [r6, r2]
10002750:	1933      	adds	r3, r6, r4
10002752:	78db      	ldrb	r3, [r3, #3]
10002754:	0212      	lsls	r2, r2, #8
10002756:	189b      	adds	r3, r3, r2
10002758:	22b4      	movs	r2, #180	@ 0xb4
1000275a:	0052      	lsls	r2, r2, #1
1000275c:	3404      	adds	r4, #4
1000275e:	52bb      	strh	r3, [r7, r2]
10002760:	5d35      	ldrb	r5, [r6, r4]
10002762:	2d00      	cmp	r5, #0
10002764:	d1bc      	bne.n	100026e0 <VL53L0X_load_tuning_settings+0x14>
10002766:	2000      	movs	r0, #0
10002768:	e7c1      	b.n	100026ee <VL53L0X_load_tuning_settings+0x22>
1000276a:	5cb2      	ldrb	r2, [r6, r2]
1000276c:	1933      	adds	r3, r6, r4
1000276e:	78db      	ldrb	r3, [r3, #3]
10002770:	0212      	lsls	r2, r2, #8
10002772:	189b      	adds	r3, r3, r2
10002774:	22b0      	movs	r2, #176	@ 0xb0
10002776:	0052      	lsls	r2, r2, #1
10002778:	3404      	adds	r4, #4
1000277a:	52bb      	strh	r3, [r7, r2]
1000277c:	5d35      	ldrb	r5, [r6, r4]
1000277e:	2d00      	cmp	r5, #0
10002780:	d1ae      	bne.n	100026e0 <VL53L0X_load_tuning_settings+0x14>
10002782:	2000      	movs	r0, #0
10002784:	e7b3      	b.n	100026ee <VL53L0X_load_tuning_settings+0x22>
10002786:	5cb2      	ldrb	r2, [r6, r2]
10002788:	1933      	adds	r3, r6, r4
1000278a:	78db      	ldrb	r3, [r3, #3]
1000278c:	0212      	lsls	r2, r2, #8
1000278e:	189b      	adds	r3, r3, r2
10002790:	22b2      	movs	r2, #178	@ 0xb2
10002792:	0052      	lsls	r2, r2, #1
10002794:	3404      	adds	r4, #4
10002796:	52bb      	strh	r3, [r7, r2]
10002798:	5d35      	ldrb	r5, [r6, r4]
1000279a:	2d00      	cmp	r5, #0
1000279c:	d1a0      	bne.n	100026e0 <VL53L0X_load_tuning_settings+0x14>
1000279e:	2000      	movs	r0, #0
100027a0:	e7a5      	b.n	100026ee <VL53L0X_load_tuning_settings+0x22>
100027a2:	46c0      	nop			@ (mov r8, r8)

100027a4 <VL53L0X_calc_dmax>:
100027a4:	b5f0      	push	{r4, r5, r6, r7, lr}
100027a6:	46c6      	mov	lr, r8
100027a8:	b500      	push	{lr}
100027aa:	b0ac      	sub	sp, #176	@ 0xb0
100027ac:	ad0e      	add	r5, sp, #56	@ 0x38
100027ae:	000c      	movs	r4, r1
100027b0:	0029      	movs	r1, r5
100027b2:	0017      	movs	r7, r2
100027b4:	f7fe f81e 	bl	100007f4 <VL53L0X_GetDeviceParameters>
100027b8:	6beb      	ldr	r3, [r5, #60]	@ 0x3c
100027ba:	0006      	movs	r6, r0
100027bc:	42a3      	cmp	r3, r4
100027be:	d307      	bcc.n	100027d0 <VL53L0X_calc_dmax+0x2c>
100027c0:	6dab      	ldr	r3, [r5, #88]	@ 0x58
100027c2:	0030      	movs	r0, r6
100027c4:	0c1b      	lsrs	r3, r3, #16
100027c6:	603b      	str	r3, [r7, #0]
100027c8:	b02c      	add	sp, #176	@ 0xb0
100027ca:	bc80      	pop	{r7}
100027cc:	46b8      	mov	r8, r7
100027ce:	bdf0      	pop	{r4, r5, r6, r7, pc}
100027d0:	6d6b      	ldr	r3, [r5, #84]	@ 0x54
100027d2:	42a3      	cmp	r3, r4
100027d4:	d930      	bls.n	10002838 <VL53L0X_calc_dmax+0x94>
100027d6:	2238      	movs	r2, #56	@ 0x38
100027d8:	4668      	mov	r0, sp
100027da:	a91d      	add	r1, sp, #116	@ 0x74
100027dc:	f003 fa1e 	bl	10005c1c <__wrap___aeabi_memcpy>
100027e0:	9b01      	ldr	r3, [sp, #4]
100027e2:	429c      	cmp	r4, r3
100027e4:	d92c      	bls.n	10002840 <VL53L0X_calc_dmax+0x9c>
100027e6:	9b02      	ldr	r3, [sp, #8]
100027e8:	429c      	cmp	r4, r3
100027ea:	d92b      	bls.n	10002844 <VL53L0X_calc_dmax+0xa0>
100027ec:	9b03      	ldr	r3, [sp, #12]
100027ee:	429c      	cmp	r4, r3
100027f0:	d924      	bls.n	1000283c <VL53L0X_calc_dmax+0x98>
100027f2:	9b04      	ldr	r3, [sp, #16]
100027f4:	429c      	cmp	r4, r3
100027f6:	d927      	bls.n	10002848 <VL53L0X_calc_dmax+0xa4>
100027f8:	9a05      	ldr	r2, [sp, #20]
100027fa:	42a2      	cmp	r2, r4
100027fc:	4192      	sbcs	r2, r2
100027fe:	4252      	negs	r2, r2
10002800:	3205      	adds	r2, #5
10002802:	0093      	lsls	r3, r2, #2
10002804:	18eb      	adds	r3, r5, r3
10002806:	6b99      	ldr	r1, [r3, #56]	@ 0x38
10002808:	0093      	lsls	r3, r2, #2
1000280a:	18eb      	adds	r3, r5, r3
1000280c:	6bdb      	ldr	r3, [r3, #60]	@ 0x3c
1000280e:	4698      	mov	r8, r3
10002810:	0093      	lsls	r3, r2, #2
10002812:	18eb      	adds	r3, r5, r3
10002814:	6d5b      	ldr	r3, [r3, #84]	@ 0x54
10002816:	4541      	cmp	r1, r8
10002818:	d0d3      	beq.n	100027c2 <VL53L0X_calc_dmax+0x1e>
1000281a:	0092      	lsls	r2, r2, #2
1000281c:	18ad      	adds	r5, r5, r2
1000281e:	6dad      	ldr	r5, [r5, #88]	@ 0x58
10002820:	1b58      	subs	r0, r3, r5
10002822:	4643      	mov	r3, r8
10002824:	1a59      	subs	r1, r3, r1
10002826:	0a09      	lsrs	r1, r1, #8
10002828:	f002 fb64 	bl	10004ef4 <__wrap___aeabi_uidiv>
1000282c:	4643      	mov	r3, r8
1000282e:	1b1b      	subs	r3, r3, r4
10002830:	0a1b      	lsrs	r3, r3, #8
10002832:	4343      	muls	r3, r0
10002834:	195b      	adds	r3, r3, r5
10002836:	e7c4      	b.n	100027c2 <VL53L0X_calc_dmax+0x1e>
10002838:	6f2b      	ldr	r3, [r5, #112]	@ 0x70
1000283a:	e7c2      	b.n	100027c2 <VL53L0X_calc_dmax+0x1e>
1000283c:	2203      	movs	r2, #3
1000283e:	e7e0      	b.n	10002802 <VL53L0X_calc_dmax+0x5e>
10002840:	2201      	movs	r2, #1
10002842:	e7de      	b.n	10002802 <VL53L0X_calc_dmax+0x5e>
10002844:	2202      	movs	r2, #2
10002846:	e7dc      	b.n	10002802 <VL53L0X_calc_dmax+0x5e>
10002848:	2204      	movs	r2, #4
1000284a:	e7da      	b.n	10002802 <VL53L0X_calc_dmax+0x5e>

1000284c <VL53L0X_calc_sigma_estimate>:
1000284c:	b5f0      	push	{r4, r5, r6, r7, lr}
1000284e:	4657      	mov	r7, sl
10002850:	46de      	mov	lr, fp
10002852:	464e      	mov	r6, r9
10002854:	4645      	mov	r5, r8
10002856:	b5e0      	push	{r5, r6, r7, lr}
10002858:	690b      	ldr	r3, [r1, #16]
1000285a:	b089      	sub	sp, #36	@ 0x24
1000285c:	469a      	mov	sl, r3
1000285e:	ab06      	add	r3, sp, #24
10002860:	4689      	mov	r9, r1
10002862:	68cc      	ldr	r4, [r1, #12]
10002864:	1dd9      	adds	r1, r3, #7
10002866:	0007      	movs	r7, r0
10002868:	4693      	mov	fp, r2
1000286a:	f7fe fb99 	bl	10000fa0 <VL53L0X_GetXTalkCompensationEnable>
1000286e:	2800      	cmp	r0, #0
10002870:	d104      	bne.n	1000287c <VL53L0X_calc_sigma_estimate+0x30>
10002872:	ab06      	add	r3, sp, #24
10002874:	79db      	ldrb	r3, [r3, #7]
10002876:	2b00      	cmp	r3, #0
10002878:	d000      	beq.n	1000287c <VL53L0X_calc_sigma_estimate+0x30>
1000287a:	e185      	b.n	10002b88 <VL53L0X_calc_sigma_estimate+0x33c>
1000287c:	ab06      	add	r3, sp, #24
1000287e:	0038      	movs	r0, r7
10002880:	1dd9      	adds	r1, r3, #7
10002882:	f7fe fb8d 	bl	10000fa0 <VL53L0X_GetXTalkCompensationEnable>
10002886:	4680      	mov	r8, r0
10002888:	2800      	cmp	r0, #0
1000288a:	d134      	bne.n	100028f6 <VL53L0X_calc_sigma_estimate+0xaa>
1000288c:	2280      	movs	r2, #128	@ 0x80
1000288e:	0212      	lsls	r2, r2, #8
10002890:	4694      	mov	ip, r2
10002892:	2200      	movs	r2, #0
10002894:	0163      	lsls	r3, r4, #5
10002896:	1b1b      	subs	r3, r3, r4
10002898:	009b      	lsls	r3, r3, #2
1000289a:	191b      	adds	r3, r3, r4
1000289c:	00db      	lsls	r3, r3, #3
1000289e:	4463      	add	r3, ip
100028a0:	0c1b      	lsrs	r3, r3, #16
100028a2:	9300      	str	r3, [sp, #0]
100028a4:	ab06      	add	r3, sp, #24
100028a6:	79db      	ldrb	r3, [r3, #7]
100028a8:	9201      	str	r2, [sp, #4]
100028aa:	2b00      	cmp	r3, #0
100028ac:	d011      	beq.n	100028d2 <VL53L0X_calc_sigma_estimate+0x86>
100028ae:	464b      	mov	r3, r9
100028b0:	8a9a      	ldrh	r2, [r3, #20]
100028b2:	69bb      	ldr	r3, [r7, #24]
100028b4:	4353      	muls	r3, r2
100028b6:	3380      	adds	r3, #128	@ 0x80
100028b8:	0a1b      	lsrs	r3, r3, #8
100028ba:	015a      	lsls	r2, r3, #5
100028bc:	1ad2      	subs	r2, r2, r3
100028be:	0092      	lsls	r2, r2, #2
100028c0:	18d3      	adds	r3, r2, r3
100028c2:	00db      	lsls	r3, r3, #3
100028c4:	001a      	movs	r2, r3
100028c6:	9301      	str	r3, [sp, #4]
100028c8:	23c8      	movs	r3, #200	@ 0xc8
100028ca:	039b      	lsls	r3, r3, #14
100028cc:	429a      	cmp	r2, r3
100028ce:	d900      	bls.n	100028d2 <VL53L0X_calc_sigma_estimate+0x86>
100028d0:	e170      	b.n	10002bb4 <VL53L0X_calc_sigma_estimate+0x368>
100028d2:	2386      	movs	r3, #134	@ 0x86
100028d4:	005b      	lsls	r3, r3, #1
100028d6:	5cfa      	ldrb	r2, [r7, r3]
100028d8:	0013      	movs	r3, r2
100028da:	3b08      	subs	r3, #8
100028dc:	1e59      	subs	r1, r3, #1
100028de:	418b      	sbcs	r3, r1
100028e0:	3302      	adds	r3, #2
100028e2:	9302      	str	r3, [sp, #8]
100028e4:	9b00      	ldr	r3, [sp, #0]
100028e6:	2b00      	cmp	r3, #0
100028e8:	d10d      	bne.n	10002906 <VL53L0X_calc_sigma_estimate+0xba>
100028ea:	4bb5      	ldr	r3, [pc, #724]	@ (10002bc0 <VL53L0X_calc_sigma_estimate+0x374>)
100028ec:	465a      	mov	r2, fp
100028ee:	6013      	str	r3, [r2, #0]
100028f0:	22b6      	movs	r2, #182	@ 0xb6
100028f2:	0052      	lsls	r2, r2, #1
100028f4:	50bb      	str	r3, [r7, r2]
100028f6:	4640      	mov	r0, r8
100028f8:	b009      	add	sp, #36	@ 0x24
100028fa:	bcf0      	pop	{r4, r5, r6, r7}
100028fc:	46bb      	mov	fp, r7
100028fe:	46b2      	mov	sl, r6
10002900:	46a9      	mov	r9, r5
10002902:	46a0      	mov	r8, r4
10002904:	bdf0      	pop	{r4, r5, r6, r7, pc}
10002906:	2384      	movs	r3, #132	@ 0x84
10002908:	005b      	lsls	r3, r3, #1
1000290a:	58fb      	ldr	r3, [r7, r3]
1000290c:	3480      	adds	r4, #128	@ 0x80
1000290e:	9303      	str	r3, [sp, #12]
10002910:	0153      	lsls	r3, r2, #5
10002912:	1a9b      	subs	r3, r3, r2
10002914:	015b      	lsls	r3, r3, #5
10002916:	189b      	adds	r3, r3, r2
10002918:	011a      	lsls	r2, r3, #4
1000291a:	1ad3      	subs	r3, r2, r3
1000291c:	021b      	lsls	r3, r3, #8
1000291e:	001a      	movs	r2, r3
10002920:	2388      	movs	r3, #136	@ 0x88
10002922:	005b      	lsls	r3, r3, #1
10002924:	58f9      	ldr	r1, [r7, r3]
10002926:	32f5      	adds	r2, #245	@ 0xf5
10002928:	014d      	lsls	r5, r1, #5
1000292a:	468c      	mov	ip, r1
1000292c:	9105      	str	r1, [sp, #20]
1000292e:	1a6d      	subs	r5, r5, r1
10002930:	21fa      	movs	r1, #250	@ 0xfa
10002932:	32ff      	adds	r2, #255	@ 0xff
10002934:	9204      	str	r2, [sp, #16]
10002936:	3304      	adds	r3, #4
10002938:	5cfa      	ldrb	r2, [r7, r3]
1000293a:	00c9      	lsls	r1, r1, #3
1000293c:	0153      	lsls	r3, r2, #5
1000293e:	1a9b      	subs	r3, r3, r2
10002940:	015b      	lsls	r3, r3, #5
10002942:	189b      	adds	r3, r3, r2
10002944:	011e      	lsls	r6, r3, #4
10002946:	1af6      	subs	r6, r6, r3
10002948:	0236      	lsls	r6, r6, #8
1000294a:	36f5      	adds	r6, #245	@ 0xf5
1000294c:	36ff      	adds	r6, #255	@ 0xff
1000294e:	0030      	movs	r0, r6
10002950:	00ad      	lsls	r5, r5, #2
10002952:	4465      	add	r5, ip
10002954:	f002 face 	bl	10004ef4 <__wrap___aeabi_uidiv>
10002958:	21fa      	movs	r1, #250	@ 0xfa
1000295a:	00ed      	lsls	r5, r5, #3
1000295c:	182d      	adds	r5, r5, r0
1000295e:	0089      	lsls	r1, r1, #2
10002960:	0030      	movs	r0, r6
10002962:	f002 fac7 	bl	10004ef4 <__wrap___aeabi_uidiv>
10002966:	0001      	movs	r1, r0
10002968:	0028      	movs	r0, r5
1000296a:	f002 fac3 	bl	10004ef4 <__wrap___aeabi_uidiv>
1000296e:	9b03      	ldr	r3, [sp, #12]
10002970:	21fa      	movs	r1, #250	@ 0xfa
10002972:	469c      	mov	ip, r3
10002974:	015d      	lsls	r5, r3, #5
10002976:	1aed      	subs	r5, r5, r3
10002978:	0006      	movs	r6, r0
1000297a:	00c9      	lsls	r1, r1, #3
1000297c:	9804      	ldr	r0, [sp, #16]
1000297e:	00ad      	lsls	r5, r5, #2
10002980:	4465      	add	r5, ip
10002982:	f002 fab7 	bl	10004ef4 <__wrap___aeabi_uidiv>
10002986:	21fa      	movs	r1, #250	@ 0xfa
10002988:	00ed      	lsls	r5, r5, #3
1000298a:	182d      	adds	r5, r5, r0
1000298c:	0089      	lsls	r1, r1, #2
1000298e:	9804      	ldr	r0, [sp, #16]
10002990:	f002 fab0 	bl	10004ef4 <__wrap___aeabi_uidiv>
10002994:	0001      	movs	r1, r0
10002996:	0028      	movs	r0, r5
10002998:	f002 faac 	bl	10004ef4 <__wrap___aeabi_uidiv>
1000299c:	21fa      	movs	r1, #250	@ 0xfa
1000299e:	9b02      	ldr	r3, [sp, #8]
100029a0:	1836      	adds	r6, r6, r0
100029a2:	4373      	muls	r3, r6
100029a4:	02d8      	lsls	r0, r3, #11
100029a6:	30f5      	adds	r0, #245	@ 0xf5
100029a8:	0089      	lsls	r1, r1, #2
100029aa:	30ff      	adds	r0, #255	@ 0xff
100029ac:	f002 faa2 	bl	10004ef4 <__wrap___aeabi_uidiv>
100029b0:	21fa      	movs	r1, #250	@ 0xfa
100029b2:	4b84      	ldr	r3, [pc, #528]	@ (10002bc4 <VL53L0X_calc_sigma_estimate+0x378>)
100029b4:	0089      	lsls	r1, r1, #2
100029b6:	4358      	muls	r0, r3
100029b8:	30f5      	adds	r0, #245	@ 0xf5
100029ba:	30ff      	adds	r0, #255	@ 0xff
100029bc:	f002 fa9a 	bl	10004ef4 <__wrap___aeabi_uidiv>
100029c0:	4653      	mov	r3, sl
100029c2:	0a24      	lsrs	r4, r4, #8
100029c4:	4344      	muls	r4, r0
100029c6:	0158      	lsls	r0, r3, #5
100029c8:	1ac0      	subs	r0, r0, r3
100029ca:	0080      	lsls	r0, r0, #2
100029cc:	4450      	add	r0, sl
100029ce:	00c0      	lsls	r0, r0, #3
100029d0:	0c00      	lsrs	r0, r0, #16
100029d2:	9900      	ldr	r1, [sp, #0]
100029d4:	0400      	lsls	r0, r0, #16
100029d6:	f002 fa8d 	bl	10004ef4 <__wrap___aeabi_uidiv>
100029da:	4b7b      	ldr	r3, [pc, #492]	@ (10002bc8 <VL53L0X_calc_sigma_estimate+0x37c>)
100029dc:	3480      	adds	r4, #128	@ 0x80
100029de:	4298      	cmp	r0, r3
100029e0:	d900      	bls.n	100029e4 <VL53L0X_calc_sigma_estimate+0x198>
100029e2:	e0dd      	b.n	10002ba0 <VL53L0X_calc_sigma_estimate+0x354>
100029e4:	0083      	lsls	r3, r0, #2
100029e6:	181b      	adds	r3, r3, r0
100029e8:	011d      	lsls	r5, r3, #4
100029ea:	1aed      	subs	r5, r5, r3
100029ec:	00ed      	lsls	r5, r5, #3
100029ee:	0a24      	lsrs	r4, r4, #8
100029f0:	d100      	bne.n	100029f4 <VL53L0X_calc_sigma_estimate+0x1a8>
100029f2:	e0d3      	b.n	10002b9c <VL53L0X_calc_sigma_estimate+0x350>
100029f4:	0063      	lsls	r3, r4, #1
100029f6:	191b      	adds	r3, r3, r4
100029f8:	009b      	lsls	r3, r3, #2
100029fa:	2480      	movs	r4, #128	@ 0x80
100029fc:	001a      	movs	r2, r3
100029fe:	05e4      	lsls	r4, r4, #23
10002a00:	08a4      	lsrs	r4, r4, #2
10002a02:	42a3      	cmp	r3, r4
10002a04:	d3fc      	bcc.n	10002a00 <VL53L0X_calc_sigma_estimate+0x1b4>
10002a06:	2600      	movs	r6, #0
10002a08:	19a3      	adds	r3, r4, r6
10002a0a:	0876      	lsrs	r6, r6, #1
10002a0c:	4293      	cmp	r3, r2
10002a0e:	d801      	bhi.n	10002a14 <VL53L0X_calc_sigma_estimate+0x1c8>
10002a10:	1ad2      	subs	r2, r2, r3
10002a12:	1936      	adds	r6, r6, r4
10002a14:	08a4      	lsrs	r4, r4, #2
10002a16:	d1f7      	bne.n	10002a08 <VL53L0X_calc_sigma_estimate+0x1bc>
10002a18:	464b      	mov	r3, r9
10002a1a:	7e1b      	ldrb	r3, [r3, #24]
10002a1c:	0076      	lsls	r6, r6, #1
10002a1e:	2b00      	cmp	r3, #0
10002a20:	d000      	beq.n	10002a24 <VL53L0X_calc_sigma_estimate+0x1d8>
10002a22:	e0b9      	b.n	10002b98 <VL53L0X_calc_sigma_estimate+0x34c>
10002a24:	22fa      	movs	r2, #250	@ 0xfa
10002a26:	0052      	lsls	r2, r2, #1
10002a28:	4692      	mov	sl, r2
10002a2a:	9b00      	ldr	r3, [sp, #0]
10002a2c:	4867      	ldr	r0, [pc, #412]	@ (10002bcc <VL53L0X_calc_sigma_estimate+0x380>)
10002a2e:	041b      	lsls	r3, r3, #16
10002a30:	449a      	add	sl, r3
10002a32:	464b      	mov	r3, r9
10002a34:	891b      	ldrh	r3, [r3, #8]
10002a36:	4966      	ldr	r1, [pc, #408]	@ (10002bd0 <VL53L0X_calc_sigma_estimate+0x384>)
10002a38:	4358      	muls	r0, r3
10002a3a:	f002 fa5b 	bl	10004ef4 <__wrap___aeabi_uidiv>
10002a3e:	9b01      	ldr	r3, [sp, #4]
10002a40:	4681      	mov	r9, r0
10002a42:	21fa      	movs	r1, #250	@ 0xfa
10002a44:	0058      	lsls	r0, r3, #1
10002a46:	4653      	mov	r3, sl
10002a48:	0089      	lsls	r1, r1, #2
10002a4a:	1a18      	subs	r0, r3, r0
10002a4c:	f002 fa52 	bl	10004ef4 <__wrap___aeabi_uidiv>
10002a50:	21fa      	movs	r1, #250	@ 0xfa
10002a52:	0203      	lsls	r3, r0, #8
10002a54:	0089      	lsls	r1, r1, #2
10002a56:	4650      	mov	r0, sl
10002a58:	9300      	str	r3, [sp, #0]
10002a5a:	f002 fa4b 	bl	10004ef4 <__wrap___aeabi_uidiv>
10002a5e:	0001      	movs	r1, r0
10002a60:	9800      	ldr	r0, [sp, #0]
10002a62:	f002 fa47 	bl	10004ef4 <__wrap___aeabi_uidiv>
10002a66:	2380      	movs	r3, #128	@ 0x80
10002a68:	464a      	mov	r2, r9
10002a6a:	0200      	lsls	r0, r0, #8
10002a6c:	025b      	lsls	r3, r3, #9
10002a6e:	1a1b      	subs	r3, r3, r0
10002a70:	435a      	muls	r2, r3
10002a72:	0013      	movs	r3, r2
10002a74:	2280      	movs	r2, #128	@ 0x80
10002a76:	0212      	lsls	r2, r2, #8
10002a78:	189a      	adds	r2, r3, r2
10002a7a:	2380      	movs	r3, #128	@ 0x80
10002a7c:	021b      	lsls	r3, r3, #8
10002a7e:	469c      	mov	ip, r3
10002a80:	0c52      	lsrs	r2, r2, #17
10002a82:	4462      	add	r2, ip
10002a84:	4352      	muls	r2, r2
10002a86:	0b92      	lsrs	r2, r2, #14
10002a88:	0093      	lsls	r3, r2, #2
10002a8a:	189b      	adds	r3, r3, r2
10002a8c:	009a      	lsls	r2, r3, #2
10002a8e:	189a      	adds	r2, r3, r2
10002a90:	0152      	lsls	r2, r2, #5
10002a92:	4462      	add	r2, ip
10002a94:	0c12      	lsrs	r2, r2, #16
10002a96:	4352      	muls	r2, r2
10002a98:	2380      	movs	r3, #128	@ 0x80
10002a9a:	021b      	lsls	r3, r3, #8
10002a9c:	18eb      	adds	r3, r5, r3
10002a9e:	2580      	movs	r5, #128	@ 0x80
10002aa0:	0c1b      	lsrs	r3, r3, #16
10002aa2:	435b      	muls	r3, r3
10002aa4:	189b      	adds	r3, r3, r2
10002aa6:	05ed      	lsls	r5, r5, #23
10002aa8:	42ab      	cmp	r3, r5
10002aaa:	d202      	bcs.n	10002ab2 <VL53L0X_calc_sigma_estimate+0x266>
10002aac:	08ad      	lsrs	r5, r5, #2
10002aae:	42ab      	cmp	r3, r5
10002ab0:	d3fc      	bcc.n	10002aac <VL53L0X_calc_sigma_estimate+0x260>
10002ab2:	192a      	adds	r2, r5, r4
10002ab4:	0864      	lsrs	r4, r4, #1
10002ab6:	429a      	cmp	r2, r3
10002ab8:	d801      	bhi.n	10002abe <VL53L0X_calc_sigma_estimate+0x272>
10002aba:	1a9b      	subs	r3, r3, r2
10002abc:	1964      	adds	r4, r4, r5
10002abe:	08ad      	lsrs	r5, r5, #2
10002ac0:	d1f7      	bne.n	10002ab2 <VL53L0X_calc_sigma_estimate+0x266>
10002ac2:	0420      	lsls	r0, r4, #16
10002ac4:	2164      	movs	r1, #100	@ 0x64
10002ac6:	3032      	adds	r0, #50	@ 0x32
10002ac8:	f002 fa14 	bl	10004ef4 <__wrap___aeabi_uidiv>
10002acc:	0031      	movs	r1, r6
10002ace:	f002 fa11 	bl	10004ef4 <__wrap___aeabi_uidiv>
10002ad2:	4b40      	ldr	r3, [pc, #256]	@ (10002bd4 <VL53L0X_calc_sigma_estimate+0x388>)
10002ad4:	4358      	muls	r0, r3
10002ad6:	4b40      	ldr	r3, [pc, #256]	@ (10002bd8 <VL53L0X_calc_sigma_estimate+0x38c>)
10002ad8:	469c      	mov	ip, r3
10002ada:	4b40      	ldr	r3, [pc, #256]	@ (10002bdc <VL53L0X_calc_sigma_estimate+0x390>)
10002adc:	4460      	add	r0, ip
10002ade:	4298      	cmp	r0, r3
10002ae0:	d86a      	bhi.n	10002bb8 <VL53L0X_calc_sigma_estimate+0x36c>
10002ae2:	493f      	ldr	r1, [pc, #252]	@ (10002be0 <VL53L0X_calc_sigma_estimate+0x394>)
10002ae4:	f002 fa06 	bl	10004ef4 <__wrap___aeabi_uidiv>
10002ae8:	4340      	muls	r0, r0
10002aea:	0004      	movs	r4, r0
10002aec:	9b05      	ldr	r3, [sp, #20]
10002aee:	21fa      	movs	r1, #250	@ 0xfa
10002af0:	469c      	mov	ip, r3
10002af2:	9e03      	ldr	r6, [sp, #12]
10002af4:	00c9      	lsls	r1, r1, #3
10002af6:	4466      	add	r6, ip
10002af8:	36f5      	adds	r6, #245	@ 0xf5
10002afa:	36ff      	adds	r6, #255	@ 0xff
10002afc:	0030      	movs	r0, r6
10002afe:	f002 f9f9 	bl	10004ef4 <__wrap___aeabi_uidiv>
10002b02:	23c8      	movs	r3, #200	@ 0xc8
10002b04:	035b      	lsls	r3, r3, #13
10002b06:	4699      	mov	r9, r3
10002b08:	21fa      	movs	r1, #250	@ 0xfa
10002b0a:	4481      	add	r9, r0
10002b0c:	0089      	lsls	r1, r1, #2
10002b0e:	0030      	movs	r0, r6
10002b10:	f002 f9f0 	bl	10004ef4 <__wrap___aeabi_uidiv>
10002b14:	0001      	movs	r1, r0
10002b16:	4648      	mov	r0, r9
10002b18:	f002 f9ec 	bl	10004ef4 <__wrap___aeabi_uidiv>
10002b1c:	2380      	movs	r3, #128	@ 0x80
10002b1e:	05db      	lsls	r3, r3, #23
10002b20:	089b      	lsrs	r3, r3, #2
10002b22:	4298      	cmp	r0, r3
10002b24:	d3fc      	bcc.n	10002b20 <VL53L0X_calc_sigma_estimate+0x2d4>
10002b26:	2b00      	cmp	r3, #0
10002b28:	d011      	beq.n	10002b4e <VL53L0X_calc_sigma_estimate+0x302>
10002b2a:	2200      	movs	r2, #0
10002b2c:	1899      	adds	r1, r3, r2
10002b2e:	0852      	lsrs	r2, r2, #1
10002b30:	4281      	cmp	r1, r0
10002b32:	d801      	bhi.n	10002b38 <VL53L0X_calc_sigma_estimate+0x2ec>
10002b34:	1a40      	subs	r0, r0, r1
10002b36:	18d2      	adds	r2, r2, r3
10002b38:	089b      	lsrs	r3, r3, #2
10002b3a:	d1f7      	bne.n	10002b2c <VL53L0X_calc_sigma_estimate+0x2e0>
10002b3c:	21fa      	movs	r1, #250	@ 0xfa
10002b3e:	0210      	lsls	r0, r2, #8
10002b40:	30f5      	adds	r0, #245	@ 0xf5
10002b42:	30ff      	adds	r0, #255	@ 0xff
10002b44:	0089      	lsls	r1, r1, #2
10002b46:	f002 f9d5 	bl	10004ef4 <__wrap___aeabi_uidiv>
10002b4a:	4340      	muls	r0, r0
10002b4c:	1824      	adds	r4, r4, r0
10002b4e:	2380      	movs	r3, #128	@ 0x80
10002b50:	05db      	lsls	r3, r3, #23
10002b52:	429c      	cmp	r4, r3
10002b54:	d205      	bcs.n	10002b62 <VL53L0X_calc_sigma_estimate+0x316>
10002b56:	089b      	lsrs	r3, r3, #2
10002b58:	42a3      	cmp	r3, r4
10002b5a:	d8fc      	bhi.n	10002b56 <VL53L0X_calc_sigma_estimate+0x30a>
10002b5c:	2b00      	cmp	r3, #0
10002b5e:	d100      	bne.n	10002b62 <VL53L0X_calc_sigma_estimate+0x316>
10002b60:	e6c4      	b.n	100028ec <VL53L0X_calc_sigma_estimate+0xa0>
10002b62:	18ea      	adds	r2, r5, r3
10002b64:	086d      	lsrs	r5, r5, #1
10002b66:	42a2      	cmp	r2, r4
10002b68:	d801      	bhi.n	10002b6e <VL53L0X_calc_sigma_estimate+0x322>
10002b6a:	1aa4      	subs	r4, r4, r2
10002b6c:	18ed      	adds	r5, r5, r3
10002b6e:	089b      	lsrs	r3, r3, #2
10002b70:	d1f7      	bne.n	10002b62 <VL53L0X_calc_sigma_estimate+0x316>
10002b72:	016b      	lsls	r3, r5, #5
10002b74:	1b5b      	subs	r3, r3, r5
10002b76:	009b      	lsls	r3, r3, #2
10002b78:	4a11      	ldr	r2, [pc, #68]	@ (10002bc0 <VL53L0X_calc_sigma_estimate+0x374>)
10002b7a:	195b      	adds	r3, r3, r5
10002b7c:	00db      	lsls	r3, r3, #3
10002b7e:	4293      	cmp	r3, r2
10002b80:	d800      	bhi.n	10002b84 <VL53L0X_calc_sigma_estimate+0x338>
10002b82:	e6b3      	b.n	100028ec <VL53L0X_calc_sigma_estimate+0xa0>
10002b84:	0013      	movs	r3, r2
10002b86:	e6b1      	b.n	100028ec <VL53L0X_calc_sigma_estimate+0xa0>
10002b88:	464b      	mov	r3, r9
10002b8a:	8a9a      	ldrh	r2, [r3, #20]
10002b8c:	69bb      	ldr	r3, [r7, #24]
10002b8e:	4353      	muls	r3, r2
10002b90:	3380      	adds	r3, #128	@ 0x80
10002b92:	0a1b      	lsrs	r3, r3, #8
10002b94:	18e4      	adds	r4, r4, r3
10002b96:	e671      	b.n	1000287c <VL53L0X_calc_sigma_estimate+0x30>
10002b98:	4a12      	ldr	r2, [pc, #72]	@ (10002be4 <VL53L0X_calc_sigma_estimate+0x398>)
10002b9a:	e77d      	b.n	10002a98 <VL53L0X_calc_sigma_estimate+0x24c>
10002b9c:	3401      	adds	r4, #1
10002b9e:	e729      	b.n	100029f4 <VL53L0X_calc_sigma_estimate+0x1a8>
10002ba0:	0018      	movs	r0, r3
10002ba2:	0083      	lsls	r3, r0, #2
10002ba4:	181b      	adds	r3, r3, r0
10002ba6:	011d      	lsls	r5, r3, #4
10002ba8:	1aed      	subs	r5, r5, r3
10002baa:	00ed      	lsls	r5, r5, #3
10002bac:	0a24      	lsrs	r4, r4, #8
10002bae:	d000      	beq.n	10002bb2 <VL53L0X_calc_sigma_estimate+0x366>
10002bb0:	e720      	b.n	100029f4 <VL53L0X_calc_sigma_estimate+0x1a8>
10002bb2:	e7f3      	b.n	10002b9c <VL53L0X_calc_sigma_estimate+0x350>
10002bb4:	9301      	str	r3, [sp, #4]
10002bb6:	e68c      	b.n	100028d2 <VL53L0X_calc_sigma_estimate+0x86>
10002bb8:	24e1      	movs	r4, #225	@ 0xe1
10002bba:	0624      	lsls	r4, r4, #24
10002bbc:	e796      	b.n	10002aec <VL53L0X_calc_sigma_estimate+0x2a0>
10002bbe:	46c0      	nop			@ (mov r8, r8)
10002bc0:	028f87ae 	.word	0x028f87ae
10002bc4:	00000677 	.word	0x00000677
10002bc8:	00666666 	.word	0x00666666
10002bcc:	0006999a 	.word	0x0006999a
10002bd0:	0000125c 	.word	0x0000125c
10002bd4:	00000bb5 	.word	0x00000bb5
10002bd8:	00001388 	.word	0x00001388
10002bdc:	249f270f 	.word	0x249f270f
10002be0:	00002710 	.word	0x00002710
10002be4:	0009c400 	.word	0x0009c400

10002be8 <VL53L0X_get_pal_range_status>:
10002be8:	b5f0      	push	{r4, r5, r6, r7, lr}
10002bea:	4657      	mov	r7, sl
10002bec:	464e      	mov	r6, r9
10002bee:	4645      	mov	r5, r8
10002bf0:	46de      	mov	lr, fp
10002bf2:	b5e0      	push	{r5, r6, r7, lr}
10002bf4:	b08b      	sub	sp, #44	@ 0x2c
10002bf6:	4698      	mov	r8, r3
10002bf8:	ab02      	add	r3, sp, #8
10002bfa:	1d9e      	adds	r6, r3, #6
10002bfc:	2300      	movs	r3, #0
10002bfe:	9201      	str	r2, [sp, #4]
10002c00:	af04      	add	r7, sp, #16
10002c02:	aa02      	add	r2, sp, #8
10002c04:	71d3      	strb	r3, [r2, #7]
10002c06:	7253      	strb	r3, [r2, #9]
10002c08:	8153      	strh	r3, [r2, #10]
10002c0a:	7033      	strb	r3, [r6, #0]
10002c0c:	703b      	strb	r3, [r7, #0]
10002c0e:	9309      	str	r3, [sp, #36]	@ 0x24
10002c10:	0649      	lsls	r1, r1, #25
10002c12:	4b95      	ldr	r3, [pc, #596]	@ (10002e68 <VL53L0X_get_pal_range_status+0x280>)
10002c14:	0f0d      	lsrs	r5, r1, #28
10002c16:	40eb      	lsrs	r3, r5
10002c18:	2201      	movs	r2, #1
10002c1a:	401a      	ands	r2, r3
10002c1c:	9200      	str	r2, [sp, #0]
10002c1e:	2100      	movs	r1, #0
10002c20:	0032      	movs	r2, r6
10002c22:	0004      	movs	r4, r0
10002c24:	f7fe fa0c 	bl	10001040 <VL53L0X_GetLimitCheckEnable>
10002c28:	7833      	ldrb	r3, [r6, #0]
10002c2a:	469a      	mov	sl, r3
10002c2c:	2b00      	cmp	r3, #0
10002c2e:	d05d      	beq.n	10002cec <VL53L0X_get_pal_range_status+0x104>
10002c30:	2800      	cmp	r0, #0
10002c32:	d03a      	beq.n	10002caa <VL53L0X_get_pal_range_status+0xc2>
10002c34:	783b      	ldrb	r3, [r7, #0]
10002c36:	2b00      	cmp	r3, #0
10002c38:	d161      	bne.n	10002cfe <VL53L0X_get_pal_range_status+0x116>
10002c3a:	2300      	movs	r3, #0
10002c3c:	469a      	mov	sl, r3
10002c3e:	469b      	mov	fp, r3
10002c40:	2300      	movs	r3, #0
10002c42:	4699      	mov	r9, r3
10002c44:	ab02      	add	r3, sp, #8
10002c46:	2101      	movs	r1, #1
10002c48:	0020      	movs	r0, r4
10002c4a:	1dda      	adds	r2, r3, #7
10002c4c:	f7fe f9f8 	bl	10001040 <VL53L0X_GetLimitCheckEnable>
10002c50:	2800      	cmp	r0, #0
10002c52:	d123      	bne.n	10002c9c <VL53L0X_get_pal_range_status+0xb4>
10002c54:	7833      	ldrb	r3, [r6, #0]
10002c56:	425a      	negs	r2, r3
10002c58:	4153      	adcs	r3, r2
10002c5a:	4652      	mov	r2, sl
10002c5c:	431a      	orrs	r2, r3
10002c5e:	0013      	movs	r3, r2
10002c60:	2226      	movs	r2, #38	@ 0x26
10002c62:	54a3      	strb	r3, [r4, r2]
10002c64:	2301      	movs	r3, #1
10002c66:	2d04      	cmp	r5, #4
10002c68:	d004      	beq.n	10002c74 <VL53L0X_get_pal_range_status+0x8c>
10002c6a:	ab02      	add	r3, sp, #8
10002c6c:	79db      	ldrb	r3, [r3, #7]
10002c6e:	425a      	negs	r2, r3
10002c70:	4153      	adcs	r3, r2
10002c72:	b2db      	uxtb	r3, r3
10002c74:	2227      	movs	r2, #39	@ 0x27
10002c76:	54a3      	strb	r3, [r4, r2]
10002c78:	783b      	ldrb	r3, [r7, #0]
10002c7a:	2000      	movs	r0, #0
10002c7c:	425a      	negs	r2, r3
10002c7e:	4153      	adcs	r3, r2
10002c80:	465a      	mov	r2, fp
10002c82:	431a      	orrs	r2, r3
10002c84:	0013      	movs	r3, r2
10002c86:	2228      	movs	r2, #40	@ 0x28
10002c88:	54a3      	strb	r3, [r4, r2]
10002c8a:	ab02      	add	r3, sp, #8
10002c8c:	7a5b      	ldrb	r3, [r3, #9]
10002c8e:	425a      	negs	r2, r3
10002c90:	4153      	adcs	r3, r2
10002c92:	464a      	mov	r2, r9
10002c94:	431a      	orrs	r2, r3
10002c96:	0013      	movs	r3, r2
10002c98:	2229      	movs	r2, #41	@ 0x29
10002c9a:	54a3      	strb	r3, [r4, r2]
10002c9c:	b00b      	add	sp, #44	@ 0x2c
10002c9e:	bcf0      	pop	{r4, r5, r6, r7}
10002ca0:	46bb      	mov	fp, r7
10002ca2:	46b2      	mov	sl, r6
10002ca4:	46a9      	mov	r9, r5
10002ca6:	46a0      	mov	r8, r4
10002ca8:	bdf0      	pop	{r4, r5, r6, r7, pc}
10002caa:	0020      	movs	r0, r4
10002cac:	9914      	ldr	r1, [sp, #80]	@ 0x50
10002cae:	aa05      	add	r2, sp, #20
10002cb0:	f7ff fdcc 	bl	1000284c <VL53L0X_calc_sigma_estimate>
10002cb4:	2800      	cmp	r0, #0
10002cb6:	d1bd      	bne.n	10002c34 <VL53L0X_get_pal_range_status+0x4c>
10002cb8:	9b14      	ldr	r3, [sp, #80]	@ 0x50
10002cba:	0020      	movs	r0, r4
10002cbc:	6919      	ldr	r1, [r3, #16]
10002cbe:	aa09      	add	r2, sp, #36	@ 0x24
10002cc0:	f7ff fd70 	bl	100027a4 <VL53L0X_calc_dmax>
10002cc4:	2800      	cmp	r0, #0
10002cc6:	d1b5      	bne.n	10002c34 <VL53L0X_get_pal_range_status+0x4c>
10002cc8:	9b09      	ldr	r3, [sp, #36]	@ 0x24
10002cca:	9a14      	ldr	r2, [sp, #80]	@ 0x50
10002ccc:	2100      	movs	r1, #0
10002cce:	8153      	strh	r3, [r2, #10]
10002cd0:	0020      	movs	r0, r4
10002cd2:	aa06      	add	r2, sp, #24
10002cd4:	f7fe f9c0 	bl	10001058 <VL53L0X_GetLimitCheckValue>
10002cd8:	2200      	movs	r2, #0
10002cda:	9b06      	ldr	r3, [sp, #24]
10002cdc:	4692      	mov	sl, r2
10002cde:	2b00      	cmp	r3, #0
10002ce0:	d004      	beq.n	10002cec <VL53L0X_get_pal_range_status+0x104>
10002ce2:	9a05      	ldr	r2, [sp, #20]
10002ce4:	4293      	cmp	r3, r2
10002ce6:	419b      	sbcs	r3, r3
10002ce8:	425b      	negs	r3, r3
10002cea:	469a      	mov	sl, r3
10002cec:	2800      	cmp	r0, #0
10002cee:	d00f      	beq.n	10002d10 <VL53L0X_get_pal_range_status+0x128>
10002cf0:	783b      	ldrb	r3, [r7, #0]
10002cf2:	2b00      	cmp	r3, #0
10002cf4:	d009      	beq.n	10002d0a <VL53L0X_get_pal_range_status+0x122>
10002cf6:	2300      	movs	r3, #0
10002cf8:	469b      	mov	fp, r3
10002cfa:	4699      	mov	r9, r3
10002cfc:	e7a2      	b.n	10002c44 <VL53L0X_get_pal_range_status+0x5c>
10002cfe:	2300      	movs	r3, #0
10002d00:	469a      	mov	sl, r3
10002d02:	2300      	movs	r3, #0
10002d04:	469b      	mov	fp, r3
10002d06:	4699      	mov	r9, r3
10002d08:	e79c      	b.n	10002c44 <VL53L0X_get_pal_range_status+0x5c>
10002d0a:	2300      	movs	r3, #0
10002d0c:	469b      	mov	fp, r3
10002d0e:	e797      	b.n	10002c40 <VL53L0X_get_pal_range_status+0x58>
10002d10:	003a      	movs	r2, r7
10002d12:	2102      	movs	r1, #2
10002d14:	0020      	movs	r0, r4
10002d16:	f7fe f993 	bl	10001040 <VL53L0X_GetLimitCheckEnable>
10002d1a:	783b      	ldrb	r3, [r7, #0]
10002d1c:	469b      	mov	fp, r3
10002d1e:	2b00      	cmp	r3, #0
10002d20:	d03c      	beq.n	10002d9c <VL53L0X_get_pal_range_status+0x1b4>
10002d22:	2800      	cmp	r0, #0
10002d24:	d1e7      	bne.n	10002cf6 <VL53L0X_get_pal_range_status+0x10e>
10002d26:	2102      	movs	r1, #2
10002d28:	0020      	movs	r0, r4
10002d2a:	aa07      	add	r2, sp, #28
10002d2c:	f7fe f994 	bl	10001058 <VL53L0X_GetLimitCheckValue>
10002d30:	2800      	cmp	r0, #0
10002d32:	d00d      	beq.n	10002d50 <VL53L0X_get_pal_range_status+0x168>
10002d34:	22ba      	movs	r2, #186	@ 0xba
10002d36:	ab02      	add	r3, sp, #8
10002d38:	895b      	ldrh	r3, [r3, #10]
10002d3a:	0052      	lsls	r2, r2, #1
10002d3c:	025b      	lsls	r3, r3, #9
10002d3e:	50a3      	str	r3, [r4, r2]
10002d40:	9a07      	ldr	r2, [sp, #28]
10002d42:	2a00      	cmp	r2, #0
10002d44:	d0e1      	beq.n	10002d0a <VL53L0X_get_pal_range_status+0x122>
10002d46:	429a      	cmp	r2, r3
10002d48:	4192      	sbcs	r2, r2
10002d4a:	4253      	negs	r3, r2
10002d4c:	469b      	mov	fp, r3
10002d4e:	e777      	b.n	10002c40 <VL53L0X_get_pal_range_status+0x58>
10002d50:	2201      	movs	r2, #1
10002d52:	21ff      	movs	r1, #255	@ 0xff
10002d54:	0020      	movs	r0, r4
10002d56:	f7fd fc49 	bl	100005ec <VL53L0X_WrByte>
10002d5a:	2800      	cmp	r0, #0
10002d5c:	d1ea      	bne.n	10002d34 <VL53L0X_get_pal_range_status+0x14c>
10002d5e:	aa02      	add	r2, sp, #8
10002d60:	4694      	mov	ip, r2
10002d62:	230a      	movs	r3, #10
10002d64:	4463      	add	r3, ip
10002d66:	001a      	movs	r2, r3
10002d68:	21b6      	movs	r1, #182	@ 0xb6
10002d6a:	0020      	movs	r0, r4
10002d6c:	f7fd fc94 	bl	10000698 <VL53L0X_RdWord>
10002d70:	2800      	cmp	r0, #0
10002d72:	d1df      	bne.n	10002d34 <VL53L0X_get_pal_range_status+0x14c>
10002d74:	2200      	movs	r2, #0
10002d76:	21ff      	movs	r1, #255	@ 0xff
10002d78:	0020      	movs	r0, r4
10002d7a:	f7fd fc37 	bl	100005ec <VL53L0X_WrByte>
10002d7e:	22ba      	movs	r2, #186	@ 0xba
10002d80:	2100      	movs	r1, #0
10002d82:	ab02      	add	r3, sp, #8
10002d84:	895b      	ldrh	r3, [r3, #10]
10002d86:	0052      	lsls	r2, r2, #1
10002d88:	025b      	lsls	r3, r3, #9
10002d8a:	50a3      	str	r3, [r4, r2]
10002d8c:	9a07      	ldr	r2, [sp, #28]
10002d8e:	468b      	mov	fp, r1
10002d90:	2a00      	cmp	r2, #0
10002d92:	d003      	beq.n	10002d9c <VL53L0X_get_pal_range_status+0x1b4>
10002d94:	429a      	cmp	r2, r3
10002d96:	4192      	sbcs	r2, r2
10002d98:	4253      	negs	r3, r2
10002d9a:	469b      	mov	fp, r3
10002d9c:	2800      	cmp	r0, #0
10002d9e:	d000      	beq.n	10002da2 <VL53L0X_get_pal_range_status+0x1ba>
10002da0:	e74e      	b.n	10002c40 <VL53L0X_get_pal_range_status+0x58>
10002da2:	aa02      	add	r2, sp, #8
10002da4:	4694      	mov	ip, r2
10002da6:	2309      	movs	r3, #9
10002da8:	4463      	add	r3, ip
10002daa:	001a      	movs	r2, r3
10002dac:	2103      	movs	r1, #3
10002dae:	0020      	movs	r0, r4
10002db0:	f7fe f946 	bl	10001040 <VL53L0X_GetLimitCheckEnable>
10002db4:	aa02      	add	r2, sp, #8
10002db6:	7a52      	ldrb	r2, [r2, #9]
10002db8:	4691      	mov	r9, r2
10002dba:	2a00      	cmp	r2, #0
10002dbc:	d016      	beq.n	10002dec <VL53L0X_get_pal_range_status+0x204>
10002dbe:	2800      	cmp	r0, #0
10002dc0:	d000      	beq.n	10002dc4 <VL53L0X_get_pal_range_status+0x1dc>
10002dc2:	e73d      	b.n	10002c40 <VL53L0X_get_pal_range_status+0x58>
10002dc4:	4643      	mov	r3, r8
10002dc6:	4681      	mov	r9, r0
10002dc8:	2b00      	cmp	r3, #0
10002dca:	d005      	beq.n	10002dd8 <VL53L0X_get_pal_range_status+0x1f0>
10002dcc:	9b01      	ldr	r3, [sp, #4]
10002dce:	4641      	mov	r1, r8
10002dd0:	0218      	lsls	r0, r3, #8
10002dd2:	f002 f88f 	bl	10004ef4 <__wrap___aeabi_uidiv>
10002dd6:	4681      	mov	r9, r0
10002dd8:	2103      	movs	r1, #3
10002dda:	0020      	movs	r0, r4
10002ddc:	aa08      	add	r2, sp, #32
10002dde:	f7fe f93b 	bl	10001058 <VL53L0X_GetLimitCheckValue>
10002de2:	9b08      	ldr	r3, [sp, #32]
10002de4:	4599      	cmp	r9, r3
10002de6:	419b      	sbcs	r3, r3
10002de8:	425b      	negs	r3, r3
10002dea:	4699      	mov	r9, r3
10002dec:	2800      	cmp	r0, #0
10002dee:	d000      	beq.n	10002df2 <VL53L0X_get_pal_range_status+0x20a>
10002df0:	e728      	b.n	10002c44 <VL53L0X_get_pal_range_status+0x5c>
10002df2:	9b00      	ldr	r3, [sp, #0]
10002df4:	2b01      	cmp	r3, #1
10002df6:	d023      	beq.n	10002e40 <VL53L0X_get_pal_range_status+0x258>
10002df8:	2d0a      	cmp	r5, #10
10002dfa:	d818      	bhi.n	10002e2e <VL53L0X_get_pal_range_status+0x246>
10002dfc:	4a1b      	ldr	r2, [pc, #108]	@ (10002e6c <VL53L0X_get_pal_range_status+0x284>)
10002dfe:	00ab      	lsls	r3, r5, #2
10002e00:	58d3      	ldr	r3, [r2, r3]
10002e02:	469f      	mov	pc, r3
10002e04:	2305      	movs	r3, #5
10002e06:	9a15      	ldr	r2, [sp, #84]	@ 0x54
10002e08:	2101      	movs	r1, #1
10002e0a:	7013      	strb	r3, [r2, #0]
10002e0c:	ab02      	add	r3, sp, #8
10002e0e:	0020      	movs	r0, r4
10002e10:	1dda      	adds	r2, r3, #7
10002e12:	f7fe f915 	bl	10001040 <VL53L0X_GetLimitCheckEnable>
10002e16:	2800      	cmp	r0, #0
10002e18:	d000      	beq.n	10002e1c <VL53L0X_get_pal_range_status+0x234>
10002e1a:	e73f      	b.n	10002c9c <VL53L0X_get_pal_range_status+0xb4>
10002e1c:	7833      	ldrb	r3, [r6, #0]
10002e1e:	425a      	negs	r2, r3
10002e20:	4153      	adcs	r3, r2
10002e22:	4652      	mov	r2, sl
10002e24:	431a      	orrs	r2, r3
10002e26:	0013      	movs	r3, r2
10002e28:	2226      	movs	r2, #38	@ 0x26
10002e2a:	54a3      	strb	r3, [r4, r2]
10002e2c:	e71d      	b.n	10002c6a <VL53L0X_get_pal_range_status+0x82>
10002e2e:	465b      	mov	r3, fp
10002e30:	2b01      	cmp	r3, #1
10002e32:	d109      	bne.n	10002e48 <VL53L0X_get_pal_range_status+0x260>
10002e34:	2303      	movs	r3, #3
10002e36:	9a15      	ldr	r2, [sp, #84]	@ 0x54
10002e38:	7013      	strb	r3, [r2, #0]
10002e3a:	e703      	b.n	10002c44 <VL53L0X_get_pal_range_status+0x5c>
10002e3c:	2304      	movs	r3, #4
10002e3e:	e7e2      	b.n	10002e06 <VL53L0X_get_pal_range_status+0x21e>
10002e40:	9a15      	ldr	r2, [sp, #84]	@ 0x54
10002e42:	33fe      	adds	r3, #254	@ 0xfe
10002e44:	7013      	strb	r3, [r2, #0]
10002e46:	e6fd      	b.n	10002c44 <VL53L0X_get_pal_range_status+0x5c>
10002e48:	2d04      	cmp	r5, #4
10002e4a:	d009      	beq.n	10002e60 <VL53L0X_get_pal_range_status+0x278>
10002e4c:	464b      	mov	r3, r9
10002e4e:	2b01      	cmp	r3, #1
10002e50:	d006      	beq.n	10002e60 <VL53L0X_get_pal_range_status+0x278>
10002e52:	4653      	mov	r3, sl
10002e54:	46cb      	mov	fp, r9
10002e56:	2b01      	cmp	r3, #1
10002e58:	d0d5      	beq.n	10002e06 <VL53L0X_get_pal_range_status+0x21e>
10002e5a:	46d3      	mov	fp, sl
10002e5c:	46d1      	mov	r9, sl
10002e5e:	e7d2      	b.n	10002e06 <VL53L0X_get_pal_range_status+0x21e>
10002e60:	2302      	movs	r3, #2
10002e62:	9a15      	ldr	r2, [sp, #84]	@ 0x54
10002e64:	7013      	strb	r3, [r2, #0]
10002e66:	e6ed      	b.n	10002c44 <VL53L0X_get_pal_range_status+0x5c>
10002e68:	0000f0a1 	.word	0x0000f0a1
10002e6c:	1000a9dc 	.word	0x1000a9dc

10002e70 <enable_ref_spads.constprop.0>:
10002e70:	b5f0      	push	{r4, r5, r6, r7, lr}
10002e72:	4657      	mov	r7, sl
10002e74:	4645      	mov	r5, r8
10002e76:	46de      	mov	lr, fp
10002e78:	464e      	mov	r6, r9
10002e7a:	b5e0      	push	{r5, r6, r7, lr}
10002e7c:	b087      	sub	sp, #28
10002e7e:	0017      	movs	r7, r2
10002e80:	9a11      	ldr	r2, [sp, #68]	@ 0x44
10002e82:	9302      	str	r3, [sp, #8]
10002e84:	0005      	movs	r5, r0
10002e86:	9b12      	ldr	r3, [sp, #72]	@ 0x48
10002e88:	2a00      	cmp	r2, #0
10002e8a:	d100      	bne.n	10002e8e <enable_ref_spads.constprop.0+0x1e>
10002e8c:	e072      	b.n	10002f74 <enable_ref_spads.constprop.0+0x104>
10002e8e:	2200      	movs	r2, #0
10002e90:	9201      	str	r2, [sp, #4]
10002e92:	3204      	adds	r2, #4
10002e94:	4690      	mov	r8, r2
10002e96:	3204      	adds	r2, #4
10002e98:	4691      	mov	r9, r2
10002e9a:	3208      	adds	r2, #8
10002e9c:	4692      	mov	sl, r2
10002e9e:	9503      	str	r5, [sp, #12]
10002ea0:	9100      	str	r1, [sp, #0]
10002ea2:	2407      	movs	r4, #7
10002ea4:	9b10      	ldr	r3, [sp, #64]	@ 0x40
10002ea6:	08dd      	lsrs	r5, r3, #3
10002ea8:	401c      	ands	r4, r3
10002eaa:	2b2f      	cmp	r3, #47	@ 0x2f
10002eac:	d900      	bls.n	10002eb0 <enable_ref_spads.constprop.0+0x40>
10002eae:	e0a3      	b.n	10002ff8 <enable_ref_spads.constprop.0+0x188>
10002eb0:	2340      	movs	r3, #64	@ 0x40
10002eb2:	469b      	mov	fp, r3
10002eb4:	3b3e      	subs	r3, #62	@ 0x3e
10002eb6:	002a      	movs	r2, r5
10002eb8:	469c      	mov	ip, r3
10002eba:	0029      	movs	r1, r5
10002ebc:	5cbb      	ldrb	r3, [r7, r2]
10002ebe:	4291      	cmp	r1, r2
10002ec0:	d100      	bne.n	10002ec4 <enable_ref_spads.constprop.0+0x54>
10002ec2:	e082      	b.n	10002fca <enable_ref_spads.constprop.0+0x15a>
10002ec4:	2001      	movs	r0, #1
10002ec6:	4218      	tst	r0, r3
10002ec8:	d133      	bne.n	10002f32 <enable_ref_spads.constprop.0+0xc2>
10002eca:	4660      	mov	r0, ip
10002ecc:	4218      	tst	r0, r3
10002ece:	d000      	beq.n	10002ed2 <enable_ref_spads.constprop.0+0x62>
10002ed0:	e08c      	b.n	10002fec <enable_ref_spads.constprop.0+0x17c>
10002ed2:	2002      	movs	r0, #2
10002ed4:	2500      	movs	r5, #0
10002ed6:	4646      	mov	r6, r8
10002ed8:	421e      	tst	r6, r3
10002eda:	d12b      	bne.n	10002f34 <enable_ref_spads.constprop.0+0xc4>
10002edc:	1ce8      	adds	r0, r5, #3
10002ede:	2d05      	cmp	r5, #5
10002ee0:	d018      	beq.n	10002f14 <enable_ref_spads.constprop.0+0xa4>
10002ee2:	464e      	mov	r6, r9
10002ee4:	421e      	tst	r6, r3
10002ee6:	d125      	bne.n	10002f34 <enable_ref_spads.constprop.0+0xc4>
10002ee8:	1d28      	adds	r0, r5, #4
10002eea:	2d04      	cmp	r5, #4
10002eec:	d012      	beq.n	10002f14 <enable_ref_spads.constprop.0+0xa4>
10002eee:	4656      	mov	r6, sl
10002ef0:	421e      	tst	r6, r3
10002ef2:	d11f      	bne.n	10002f34 <enable_ref_spads.constprop.0+0xc4>
10002ef4:	1d68      	adds	r0, r5, #5
10002ef6:	2d03      	cmp	r5, #3
10002ef8:	d00c      	beq.n	10002f14 <enable_ref_spads.constprop.0+0xa4>
10002efa:	2620      	movs	r6, #32
10002efc:	421e      	tst	r6, r3
10002efe:	d119      	bne.n	10002f34 <enable_ref_spads.constprop.0+0xc4>
10002f00:	1da8      	adds	r0, r5, #6
10002f02:	2d02      	cmp	r5, #2
10002f04:	d006      	beq.n	10002f14 <enable_ref_spads.constprop.0+0xa4>
10002f06:	465e      	mov	r6, fp
10002f08:	421e      	tst	r6, r3
10002f0a:	d113      	bne.n	10002f34 <enable_ref_spads.constprop.0+0xc4>
10002f0c:	2d01      	cmp	r5, #1
10002f0e:	d001      	beq.n	10002f14 <enable_ref_spads.constprop.0+0xa4>
10002f10:	2b00      	cmp	r3, #0
10002f12:	d16d      	bne.n	10002ff0 <enable_ref_spads.constprop.0+0x180>
10002f14:	3201      	adds	r2, #1
10002f16:	2a06      	cmp	r2, #6
10002f18:	d1d0      	bne.n	10002ebc <enable_ref_spads.constprop.0+0x4c>
10002f1a:	9b12      	ldr	r3, [sp, #72]	@ 0x48
10002f1c:	9a10      	ldr	r2, [sp, #64]	@ 0x40
10002f1e:	601a      	str	r2, [r3, #0]
10002f20:	2032      	movs	r0, #50	@ 0x32
10002f22:	4240      	negs	r0, r0
10002f24:	b007      	add	sp, #28
10002f26:	bcf0      	pop	{r4, r5, r6, r7}
10002f28:	46bb      	mov	fp, r7
10002f2a:	46b2      	mov	sl, r6
10002f2c:	46a9      	mov	r9, r5
10002f2e:	46a0      	mov	r8, r4
10002f30:	bdf0      	pop	{r4, r5, r6, r7, pc}
10002f32:	2000      	movs	r0, #0
10002f34:	00d2      	lsls	r2, r2, #3
10002f36:	1812      	adds	r2, r2, r0
10002f38:	0010      	movs	r0, r2
10002f3a:	30b4      	adds	r0, #180	@ 0xb4
10002f3c:	4b30      	ldr	r3, [pc, #192]	@ (10003000 <enable_ref_spads.constprop.0+0x190>)
10002f3e:	0980      	lsrs	r0, r0, #6
10002f40:	0080      	lsls	r0, r0, #2
10002f42:	58c3      	ldr	r3, [r0, r3]
10002f44:	9900      	ldr	r1, [sp, #0]
10002f46:	1e58      	subs	r0, r3, #1
10002f48:	4183      	sbcs	r3, r0
10002f4a:	428b      	cmp	r3, r1
10002f4c:	d1e5      	bne.n	10002f1a <enable_ref_spads.constprop.0+0xaa>
10002f4e:	2407      	movs	r4, #7
10002f50:	2301      	movs	r3, #1
10002f52:	4014      	ands	r4, r2
10002f54:	40a3      	lsls	r3, r4
10002f56:	9902      	ldr	r1, [sp, #8]
10002f58:	08d0      	lsrs	r0, r2, #3
10002f5a:	5c0c      	ldrb	r4, [r1, r0]
10002f5c:	4323      	orrs	r3, r4
10002f5e:	540b      	strb	r3, [r1, r0]
10002f60:	1c53      	adds	r3, r2, #1
10002f62:	9310      	str	r3, [sp, #64]	@ 0x40
10002f64:	9b01      	ldr	r3, [sp, #4]
10002f66:	9a11      	ldr	r2, [sp, #68]	@ 0x44
10002f68:	3301      	adds	r3, #1
10002f6a:	9301      	str	r3, [sp, #4]
10002f6c:	4293      	cmp	r3, r2
10002f6e:	d198      	bne.n	10002ea2 <enable_ref_spads.constprop.0+0x32>
10002f70:	9d03      	ldr	r5, [sp, #12]
10002f72:	9b12      	ldr	r3, [sp, #72]	@ 0x48
10002f74:	9a10      	ldr	r2, [sp, #64]	@ 0x40
10002f76:	21b0      	movs	r1, #176	@ 0xb0
10002f78:	601a      	str	r2, [r3, #0]
10002f7a:	0028      	movs	r0, r5
10002f7c:	2306      	movs	r3, #6
10002f7e:	9a02      	ldr	r2, [sp, #8]
10002f80:	f7fd fae0 	bl	10000544 <VL53L0X_WriteMulti>
10002f84:	2800      	cmp	r0, #0
10002f86:	d1cd      	bne.n	10002f24 <enable_ref_spads.constprop.0+0xb4>
10002f88:	ac04      	add	r4, sp, #16
10002f8a:	2306      	movs	r3, #6
10002f8c:	0022      	movs	r2, r4
10002f8e:	21b0      	movs	r1, #176	@ 0xb0
10002f90:	0028      	movs	r0, r5
10002f92:	f7fd faff 	bl	10000594 <VL53L0X_ReadMulti>
10002f96:	9902      	ldr	r1, [sp, #8]
10002f98:	7823      	ldrb	r3, [r4, #0]
10002f9a:	780a      	ldrb	r2, [r1, #0]
10002f9c:	429a      	cmp	r2, r3
10002f9e:	d1bf      	bne.n	10002f20 <enable_ref_spads.constprop.0+0xb0>
10002fa0:	784a      	ldrb	r2, [r1, #1]
10002fa2:	7863      	ldrb	r3, [r4, #1]
10002fa4:	429a      	cmp	r2, r3
10002fa6:	d1bb      	bne.n	10002f20 <enable_ref_spads.constprop.0+0xb0>
10002fa8:	788a      	ldrb	r2, [r1, #2]
10002faa:	78a3      	ldrb	r3, [r4, #2]
10002fac:	429a      	cmp	r2, r3
10002fae:	d1b7      	bne.n	10002f20 <enable_ref_spads.constprop.0+0xb0>
10002fb0:	78ca      	ldrb	r2, [r1, #3]
10002fb2:	78e3      	ldrb	r3, [r4, #3]
10002fb4:	429a      	cmp	r2, r3
10002fb6:	d1b3      	bne.n	10002f20 <enable_ref_spads.constprop.0+0xb0>
10002fb8:	790a      	ldrb	r2, [r1, #4]
10002fba:	7923      	ldrb	r3, [r4, #4]
10002fbc:	429a      	cmp	r2, r3
10002fbe:	d1af      	bne.n	10002f20 <enable_ref_spads.constprop.0+0xb0>
10002fc0:	794a      	ldrb	r2, [r1, #5]
10002fc2:	7963      	ldrb	r3, [r4, #5]
10002fc4:	429a      	cmp	r2, r3
10002fc6:	d0ad      	beq.n	10002f24 <enable_ref_spads.constprop.0+0xb4>
10002fc8:	e7aa      	b.n	10002f20 <enable_ref_spads.constprop.0+0xb0>
10002fca:	4123      	asrs	r3, r4
10002fcc:	2501      	movs	r5, #1
10002fce:	0018      	movs	r0, r3
10002fd0:	b2db      	uxtb	r3, r3
10002fd2:	4228      	tst	r0, r5
10002fd4:	d10e      	bne.n	10002ff4 <enable_ref_spads.constprop.0+0x184>
10002fd6:	1c60      	adds	r0, r4, #1
10002fd8:	2c07      	cmp	r4, #7
10002fda:	d09b      	beq.n	10002f14 <enable_ref_spads.constprop.0+0xa4>
10002fdc:	4665      	mov	r5, ip
10002fde:	421d      	tst	r5, r3
10002fe0:	d1a8      	bne.n	10002f34 <enable_ref_spads.constprop.0+0xc4>
10002fe2:	1ca0      	adds	r0, r4, #2
10002fe4:	2c06      	cmp	r4, #6
10002fe6:	d095      	beq.n	10002f14 <enable_ref_spads.constprop.0+0xa4>
10002fe8:	0025      	movs	r5, r4
10002fea:	e774      	b.n	10002ed6 <enable_ref_spads.constprop.0+0x66>
10002fec:	2001      	movs	r0, #1
10002fee:	e7a1      	b.n	10002f34 <enable_ref_spads.constprop.0+0xc4>
10002ff0:	2007      	movs	r0, #7
10002ff2:	e79f      	b.n	10002f34 <enable_ref_spads.constprop.0+0xc4>
10002ff4:	0020      	movs	r0, r4
10002ff6:	e79d      	b.n	10002f34 <enable_ref_spads.constprop.0+0xc4>
10002ff8:	001a      	movs	r2, r3
10002ffa:	9b12      	ldr	r3, [sp, #72]	@ 0x48
10002ffc:	601a      	str	r2, [r3, #0]
10002ffe:	e78f      	b.n	10002f20 <enable_ref_spads.constprop.0+0xb0>
10003000:	2000128c 	.word	0x2000128c

10003004 <VL53L0X_perform_offset_calibration>:
10003004:	b5f0      	push	{r4, r5, r6, r7, lr}
10003006:	4646      	mov	r6, r8
10003008:	46d6      	mov	lr, sl
1000300a:	464f      	mov	r7, r9
1000300c:	b5c0      	push	{r6, r7, lr}
1000300e:	0004      	movs	r4, r0
10003010:	000d      	movs	r5, r1
10003012:	0016      	movs	r6, r2
10003014:	b088      	sub	sp, #32
10003016:	2900      	cmp	r1, #0
10003018:	d042      	beq.n	100030a0 <VL53L0X_perform_offset_calibration+0x9c>
1000301a:	2100      	movs	r1, #0
1000301c:	f7fd fbe6 	bl	100007ec <VL53L0X_SetOffsetCalibrationDataMicroMeter>
10003020:	2800      	cmp	r0, #0
10003022:	d005      	beq.n	10003030 <VL53L0X_perform_offset_calibration+0x2c>
10003024:	b008      	add	sp, #32
10003026:	bce0      	pop	{r5, r6, r7}
10003028:	46ba      	mov	sl, r7
1000302a:	46b1      	mov	r9, r6
1000302c:	46a8      	mov	r8, r5
1000302e:	bdf0      	pop	{r4, r5, r6, r7, pc}
10003030:	466b      	mov	r3, sp
10003032:	2100      	movs	r1, #0
10003034:	0020      	movs	r0, r4
10003036:	1cda      	adds	r2, r3, #3
10003038:	f7fd ff62 	bl	10000f00 <VL53L0X_GetSequenceStepEnable>
1000303c:	2800      	cmp	r0, #0
1000303e:	d1f1      	bne.n	10003024 <VL53L0X_perform_offset_calibration+0x20>
10003040:	2200      	movs	r2, #0
10003042:	2100      	movs	r1, #0
10003044:	0020      	movs	r0, r4
10003046:	f7fd fdcb 	bl	10000be0 <VL53L0X_SetSequenceStepEnable>
1000304a:	2800      	cmp	r0, #0
1000304c:	d1ea      	bne.n	10003024 <VL53L0X_perform_offset_calibration+0x20>
1000304e:	2200      	movs	r2, #0
10003050:	2103      	movs	r1, #3
10003052:	0020      	movs	r0, r4
10003054:	f7fd ffa8 	bl	10000fa8 <VL53L0X_SetLimitCheckEnable>
10003058:	2800      	cmp	r0, #0
1000305a:	d1e3      	bne.n	10003024 <VL53L0X_perform_offset_calibration+0x20>
1000305c:	2300      	movs	r3, #0
1000305e:	4699      	mov	r9, r3
10003060:	469a      	mov	sl, r3
10003062:	ab01      	add	r3, sp, #4
10003064:	2732      	movs	r7, #50	@ 0x32
10003066:	4698      	mov	r8, r3
10003068:	e00e      	b.n	10003088 <VL53L0X_perform_offset_calibration+0x84>
1000306a:	4643      	mov	r3, r8
1000306c:	7e1b      	ldrb	r3, [r3, #24]
1000306e:	2b00      	cmp	r3, #0
10003070:	d107      	bne.n	10003082 <VL53L0X_perform_offset_calibration+0x7e>
10003072:	4643      	mov	r3, r8
10003074:	891b      	ldrh	r3, [r3, #8]
10003076:	4453      	add	r3, sl
10003078:	b29b      	uxth	r3, r3
1000307a:	469a      	mov	sl, r3
1000307c:	2301      	movs	r3, #1
1000307e:	469c      	mov	ip, r3
10003080:	44e1      	add	r9, ip
10003082:	3f01      	subs	r7, #1
10003084:	2f00      	cmp	r7, #0
10003086:	d00e      	beq.n	100030a6 <VL53L0X_perform_offset_calibration+0xa2>
10003088:	4641      	mov	r1, r8
1000308a:	0020      	movs	r0, r4
1000308c:	f7fe f9e6 	bl	1000145c <VL53L0X_PerformSingleRangingMeasurement>
10003090:	2800      	cmp	r0, #0
10003092:	d0ea      	beq.n	1000306a <VL53L0X_perform_offset_calibration+0x66>
10003094:	464b      	mov	r3, r9
10003096:	2b00      	cmp	r3, #0
10003098:	d1c4      	bne.n	10003024 <VL53L0X_perform_offset_calibration+0x20>
1000309a:	2006      	movs	r0, #6
1000309c:	4240      	negs	r0, r0
1000309e:	e7c1      	b.n	10003024 <VL53L0X_perform_offset_calibration+0x20>
100030a0:	2004      	movs	r0, #4
100030a2:	4240      	negs	r0, r0
100030a4:	e7be      	b.n	10003024 <VL53L0X_perform_offset_calibration+0x20>
100030a6:	464b      	mov	r3, r9
100030a8:	2b00      	cmp	r3, #0
100030aa:	d0f6      	beq.n	1000309a <VL53L0X_perform_offset_calibration+0x96>
100030ac:	2380      	movs	r3, #128	@ 0x80
100030ae:	021b      	lsls	r3, r3, #8
100030b0:	469c      	mov	ip, r3
100030b2:	4653      	mov	r3, sl
100030b4:	4649      	mov	r1, r9
100030b6:	0418      	lsls	r0, r3, #16
100030b8:	4465      	add	r5, ip
100030ba:	f001 ff1b 	bl	10004ef4 <__wrap___aeabi_uidiv>
100030be:	2380      	movs	r3, #128	@ 0x80
100030c0:	021b      	lsls	r3, r3, #8
100030c2:	18c3      	adds	r3, r0, r3
100030c4:	0c2d      	lsrs	r5, r5, #16
100030c6:	0c1b      	lsrs	r3, r3, #16
100030c8:	1aed      	subs	r5, r5, r3
100030ca:	0169      	lsls	r1, r5, #5
100030cc:	1b49      	subs	r1, r1, r5
100030ce:	0089      	lsls	r1, r1, #2
100030d0:	1949      	adds	r1, r1, r5
100030d2:	00c9      	lsls	r1, r1, #3
100030d4:	6031      	str	r1, [r6, #0]
100030d6:	0020      	movs	r0, r4
100030d8:	61e1      	str	r1, [r4, #28]
100030da:	f7fd fb87 	bl	100007ec <VL53L0X_SetOffsetCalibrationDataMicroMeter>
100030de:	2800      	cmp	r0, #0
100030e0:	d1a0      	bne.n	10003024 <VL53L0X_perform_offset_calibration+0x20>
100030e2:	466b      	mov	r3, sp
100030e4:	78db      	ldrb	r3, [r3, #3]
100030e6:	2b00      	cmp	r3, #0
100030e8:	d09c      	beq.n	10003024 <VL53L0X_perform_offset_calibration+0x20>
100030ea:	2201      	movs	r2, #1
100030ec:	2100      	movs	r1, #0
100030ee:	0020      	movs	r0, r4
100030f0:	f7fd fd76 	bl	10000be0 <VL53L0X_SetSequenceStepEnable>
100030f4:	e796      	b.n	10003024 <VL53L0X_perform_offset_calibration+0x20>
100030f6:	46c0      	nop			@ (mov r8, r8)

100030f8 <VL53L0X_set_offset_calibration_data_micro_meter>:
100030f8:	4b0f      	ldr	r3, [pc, #60]	@ (10003138 <VL53L0X_set_offset_calibration_data_micro_meter+0x40>)
100030fa:	b570      	push	{r4, r5, r6, lr}
100030fc:	0005      	movs	r5, r0
100030fe:	000c      	movs	r4, r1
10003100:	4299      	cmp	r1, r3
10003102:	dc05      	bgt.n	10003110 <VL53L0X_set_offset_calibration_data_micro_meter+0x18>
10003104:	4b0d      	ldr	r3, [pc, #52]	@ (1000313c <VL53L0X_set_offset_calibration_data_micro_meter+0x44>)
10003106:	4299      	cmp	r1, r3
10003108:	da08      	bge.n	1000311c <VL53L0X_set_offset_calibration_data_micro_meter+0x24>
1000310a:	2280      	movs	r2, #128	@ 0x80
1000310c:	0112      	lsls	r2, r2, #4
1000310e:	e000      	b.n	10003112 <VL53L0X_set_offset_calibration_data_micro_meter+0x1a>
10003110:	4a0b      	ldr	r2, [pc, #44]	@ (10003140 <VL53L0X_set_offset_calibration_data_micro_meter+0x48>)
10003112:	0028      	movs	r0, r5
10003114:	2128      	movs	r1, #40	@ 0x28
10003116:	f7fd fa81 	bl	1000061c <VL53L0X_WrWord>
1000311a:	bd70      	pop	{r4, r5, r6, pc}
1000311c:	21fa      	movs	r1, #250	@ 0xfa
1000311e:	0020      	movs	r0, r4
10003120:	f001 fec0 	bl	10004ea4 <__wrap___aeabi_idiv>
10003124:	2c00      	cmp	r4, #0
10003126:	db01      	blt.n	1000312c <VL53L0X_set_offset_calibration_data_micro_meter+0x34>
10003128:	b282      	uxth	r2, r0
1000312a:	e7f2      	b.n	10003112 <VL53L0X_set_offset_calibration_data_micro_meter+0x1a>
1000312c:	2380      	movs	r3, #128	@ 0x80
1000312e:	015b      	lsls	r3, r3, #5
10003130:	18c2      	adds	r2, r0, r3
10003132:	b292      	uxth	r2, r2
10003134:	e7ed      	b.n	10003112 <VL53L0X_set_offset_calibration_data_micro_meter+0x1a>
10003136:	46c0      	nop			@ (mov r8, r8)
10003138:	0007cc18 	.word	0x0007cc18
1000313c:	fff83000 	.word	0xfff83000
10003140:	000007fc 	.word	0x000007fc

10003144 <VL53L0X_get_offset_calibration_data_micro_meter>:
10003144:	b510      	push	{r4, lr}
10003146:	b082      	sub	sp, #8
10003148:	466b      	mov	r3, sp
1000314a:	000c      	movs	r4, r1
1000314c:	1d9a      	adds	r2, r3, #6
1000314e:	2128      	movs	r1, #40	@ 0x28
10003150:	f7fd faa2 	bl	10000698 <VL53L0X_RdWord>
10003154:	2800      	cmp	r0, #0
10003156:	d10b      	bne.n	10003170 <VL53L0X_get_offset_calibration_data_micro_meter+0x2c>
10003158:	466b      	mov	r3, sp
1000315a:	88da      	ldrh	r2, [r3, #6]
1000315c:	0513      	lsls	r3, r2, #20
1000315e:	0d1b      	lsrs	r3, r3, #20
10003160:	0512      	lsls	r2, r2, #20
10003162:	d507      	bpl.n	10003174 <VL53L0X_get_offset_calibration_data_micro_meter+0x30>
10003164:	4a05      	ldr	r2, [pc, #20]	@ (1000317c <VL53L0X_get_offset_calibration_data_micro_meter+0x38>)
10003166:	4694      	mov	ip, r2
10003168:	22fa      	movs	r2, #250	@ 0xfa
1000316a:	4463      	add	r3, ip
1000316c:	4353      	muls	r3, r2
1000316e:	6023      	str	r3, [r4, #0]
10003170:	b002      	add	sp, #8
10003172:	bd10      	pop	{r4, pc}
10003174:	22fa      	movs	r2, #250	@ 0xfa
10003176:	4353      	muls	r3, r2
10003178:	6023      	str	r3, [r4, #0]
1000317a:	e7f9      	b.n	10003170 <VL53L0X_get_offset_calibration_data_micro_meter+0x2c>
1000317c:	fffff000 	.word	0xfffff000

10003180 <perform_ref_signal_measurement>:
10003180:	b5f0      	push	{r4, r5, r6, r7, lr}
10003182:	25ae      	movs	r5, #174	@ 0xae
10003184:	000f      	movs	r7, r1
10003186:	b089      	sub	sp, #36	@ 0x24
10003188:	006d      	lsls	r5, r5, #1
1000318a:	22c0      	movs	r2, #192	@ 0xc0
1000318c:	2101      	movs	r1, #1
1000318e:	0004      	movs	r4, r0
10003190:	5d46      	ldrb	r6, [r0, r5]
10003192:	f7fd fa2b 	bl	100005ec <VL53L0X_WrByte>
10003196:	2800      	cmp	r0, #0
10003198:	d001      	beq.n	1000319e <perform_ref_signal_measurement+0x1e>
1000319a:	b009      	add	sp, #36	@ 0x24
1000319c:	bdf0      	pop	{r4, r5, r6, r7, pc}
1000319e:	0020      	movs	r0, r4
100031a0:	a901      	add	r1, sp, #4
100031a2:	f7fe f95b 	bl	1000145c <VL53L0X_PerformSingleRangingMeasurement>
100031a6:	2800      	cmp	r0, #0
100031a8:	d1f7      	bne.n	1000319a <perform_ref_signal_measurement+0x1a>
100031aa:	2201      	movs	r2, #1
100031ac:	21ff      	movs	r1, #255	@ 0xff
100031ae:	0020      	movs	r0, r4
100031b0:	f7fd fa1c 	bl	100005ec <VL53L0X_WrByte>
100031b4:	2800      	cmp	r0, #0
100031b6:	d1f0      	bne.n	1000319a <perform_ref_signal_measurement+0x1a>
100031b8:	003a      	movs	r2, r7
100031ba:	21b6      	movs	r1, #182	@ 0xb6
100031bc:	0020      	movs	r0, r4
100031be:	f7fd fa6b 	bl	10000698 <VL53L0X_RdWord>
100031c2:	2800      	cmp	r0, #0
100031c4:	d1e9      	bne.n	1000319a <perform_ref_signal_measurement+0x1a>
100031c6:	2200      	movs	r2, #0
100031c8:	21ff      	movs	r1, #255	@ 0xff
100031ca:	0020      	movs	r0, r4
100031cc:	f7fd fa0e 	bl	100005ec <VL53L0X_WrByte>
100031d0:	2800      	cmp	r0, #0
100031d2:	d1e2      	bne.n	1000319a <perform_ref_signal_measurement+0x1a>
100031d4:	0032      	movs	r2, r6
100031d6:	2101      	movs	r1, #1
100031d8:	0020      	movs	r0, r4
100031da:	f7fd fa07 	bl	100005ec <VL53L0X_WrByte>
100031de:	2800      	cmp	r0, #0
100031e0:	d1db      	bne.n	1000319a <perform_ref_signal_measurement+0x1a>
100031e2:	5566      	strb	r6, [r4, r5]
100031e4:	e7d9      	b.n	1000319a <perform_ref_signal_measurement+0x1a>
100031e6:	46c0      	nop			@ (mov r8, r8)

100031e8 <VL53L0X_set_reference_spads>:
100031e8:	b5f0      	push	{r4, r5, r6, r7, lr}
100031ea:	000e      	movs	r6, r1
100031ec:	0015      	movs	r5, r2
100031ee:	b087      	sub	sp, #28
100031f0:	2201      	movs	r2, #1
100031f2:	21ff      	movs	r1, #255	@ 0xff
100031f4:	0004      	movs	r4, r0
100031f6:	f7fd f9f9 	bl	100005ec <VL53L0X_WrByte>
100031fa:	2800      	cmp	r0, #0
100031fc:	d035      	beq.n	1000326a <VL53L0X_set_reference_spads+0x82>
100031fe:	21a8      	movs	r1, #168	@ 0xa8
10003200:	2200      	movs	r2, #0
10003202:	0023      	movs	r3, r4
10003204:	0049      	lsls	r1, r1, #1
10003206:	5062      	str	r2, [r4, r1]
10003208:	3351      	adds	r3, #81	@ 0x51
1000320a:	3104      	adds	r1, #4
1000320c:	5262      	strh	r2, [r4, r1]
1000320e:	33ff      	adds	r3, #255	@ 0xff
10003210:	2100      	movs	r1, #0
10003212:	2d00      	cmp	r5, #0
10003214:	d011      	beq.n	1000323a <VL53L0X_set_reference_spads+0x52>
10003216:	4822      	ldr	r0, [pc, #136]	@ (100032a0 <VL53L0X_set_reference_spads+0xb8>)
10003218:	6882      	ldr	r2, [r0, #8]
1000321a:	2a00      	cmp	r2, #0
1000321c:	d10d      	bne.n	1000323a <VL53L0X_set_reference_spads+0x52>
1000321e:	2700      	movs	r7, #0
10003220:	1c51      	adds	r1, r2, #1
10003222:	2f00      	cmp	r7, #0
10003224:	d109      	bne.n	1000323a <VL53L0X_set_reference_spads+0x52>
10003226:	292c      	cmp	r1, #44	@ 0x2c
10003228:	d007      	beq.n	1000323a <VL53L0X_set_reference_spads+0x52>
1000322a:	32b6      	adds	r2, #182	@ 0xb6
1000322c:	0992      	lsrs	r2, r2, #6
1000322e:	0092      	lsls	r2, r2, #2
10003230:	5887      	ldr	r7, [r0, r2]
10003232:	000a      	movs	r2, r1
10003234:	1c51      	adds	r1, r2, #1
10003236:	2f00      	cmp	r7, #0
10003238:	d0f5      	beq.n	10003226 <VL53L0X_set_reference_spads+0x3e>
1000323a:	aa05      	add	r2, sp, #20
1000323c:	9202      	str	r2, [sp, #8]
1000323e:	0022      	movs	r2, r4
10003240:	3257      	adds	r2, #87	@ 0x57
10003242:	9100      	str	r1, [sp, #0]
10003244:	0020      	movs	r0, r4
10003246:	0029      	movs	r1, r5
10003248:	9601      	str	r6, [sp, #4]
1000324a:	32ff      	adds	r2, #255	@ 0xff
1000324c:	f7ff fe10 	bl	10002e70 <enable_ref_spads.constprop.0>
10003250:	2800      	cmp	r0, #0
10003252:	d108      	bne.n	10003266 <VL53L0X_set_reference_spads+0x7e>
10003254:	2342      	movs	r3, #66	@ 0x42
10003256:	2201      	movs	r2, #1
10003258:	33ff      	adds	r3, #255	@ 0xff
1000325a:	54e2      	strb	r2, [r4, r3]
1000325c:	2340      	movs	r3, #64	@ 0x40
1000325e:	33ff      	adds	r3, #255	@ 0xff
10003260:	54e6      	strb	r6, [r4, r3]
10003262:	3301      	adds	r3, #1
10003264:	54e5      	strb	r5, [r4, r3]
10003266:	b007      	add	sp, #28
10003268:	bdf0      	pop	{r4, r5, r6, r7, pc}
1000326a:	2200      	movs	r2, #0
1000326c:	214f      	movs	r1, #79	@ 0x4f
1000326e:	0020      	movs	r0, r4
10003270:	f7fd f9bc 	bl	100005ec <VL53L0X_WrByte>
10003274:	2800      	cmp	r0, #0
10003276:	d1c2      	bne.n	100031fe <VL53L0X_set_reference_spads+0x16>
10003278:	222c      	movs	r2, #44	@ 0x2c
1000327a:	214e      	movs	r1, #78	@ 0x4e
1000327c:	0020      	movs	r0, r4
1000327e:	f7fd f9b5 	bl	100005ec <VL53L0X_WrByte>
10003282:	2800      	cmp	r0, #0
10003284:	d1bb      	bne.n	100031fe <VL53L0X_set_reference_spads+0x16>
10003286:	2200      	movs	r2, #0
10003288:	21ff      	movs	r1, #255	@ 0xff
1000328a:	0020      	movs	r0, r4
1000328c:	f7fd f9ae 	bl	100005ec <VL53L0X_WrByte>
10003290:	2800      	cmp	r0, #0
10003292:	d1b4      	bne.n	100031fe <VL53L0X_set_reference_spads+0x16>
10003294:	22b4      	movs	r2, #180	@ 0xb4
10003296:	21b6      	movs	r1, #182	@ 0xb6
10003298:	0020      	movs	r0, r4
1000329a:	f7fd f9a7 	bl	100005ec <VL53L0X_WrByte>
1000329e:	e7ae      	b.n	100031fe <VL53L0X_set_reference_spads+0x16>
100032a0:	2000128c 	.word	0x2000128c

100032a4 <VL53L0X_ref_calibration_io>:
100032a4:	b5f0      	push	{r4, r5, r6, r7, lr}
100032a6:	46de      	mov	lr, fp
100032a8:	4657      	mov	r7, sl
100032aa:	464e      	mov	r6, r9
100032ac:	4645      	mov	r5, r8
100032ae:	b5e0      	push	{r5, r6, r7, lr}
100032b0:	b083      	sub	sp, #12
100032b2:	4698      	mov	r8, r3
100032b4:	ab0e      	add	r3, sp, #56	@ 0x38
100032b6:	781b      	ldrb	r3, [r3, #0]
100032b8:	000e      	movs	r6, r1
100032ba:	469b      	mov	fp, r3
100032bc:	ab0f      	add	r3, sp, #60	@ 0x3c
100032be:	781b      	ldrb	r3, [r3, #0]
100032c0:	21ff      	movs	r1, #255	@ 0xff
100032c2:	469a      	mov	sl, r3
100032c4:	466b      	mov	r3, sp
100032c6:	1ddf      	adds	r7, r3, #7
100032c8:	2300      	movs	r3, #0
100032ca:	4691      	mov	r9, r2
100032cc:	2201      	movs	r2, #1
100032ce:	703b      	strb	r3, [r7, #0]
100032d0:	0005      	movs	r5, r0
100032d2:	f7fd f98b 	bl	100005ec <VL53L0X_WrByte>
100032d6:	2200      	movs	r2, #0
100032d8:	0004      	movs	r4, r0
100032da:	2100      	movs	r1, #0
100032dc:	0028      	movs	r0, r5
100032de:	f7fd f985 	bl	100005ec <VL53L0X_WrByte>
100032e2:	2200      	movs	r2, #0
100032e4:	4304      	orrs	r4, r0
100032e6:	21ff      	movs	r1, #255	@ 0xff
100032e8:	0028      	movs	r0, r5
100032ea:	f7fd f97f 	bl	100005ec <VL53L0X_WrByte>
100032ee:	b264      	sxtb	r4, r4
100032f0:	4304      	orrs	r4, r0
100032f2:	465b      	mov	r3, fp
100032f4:	b264      	sxtb	r4, r4
100032f6:	2e00      	cmp	r6, #0
100032f8:	d025      	beq.n	10003346 <VL53L0X_ref_calibration_io+0xa2>
100032fa:	2b00      	cmp	r3, #0
100032fc:	d131      	bne.n	10003362 <VL53L0X_ref_calibration_io+0xbe>
100032fe:	4653      	mov	r3, sl
10003300:	2b00      	cmp	r3, #0
10003302:	d138      	bne.n	10003376 <VL53L0X_ref_calibration_io+0xd2>
10003304:	2201      	movs	r2, #1
10003306:	21ff      	movs	r1, #255	@ 0xff
10003308:	0028      	movs	r0, r5
1000330a:	f7fd f96f 	bl	100005ec <VL53L0X_WrByte>
1000330e:	2201      	movs	r2, #1
10003310:	2100      	movs	r1, #0
10003312:	4304      	orrs	r4, r0
10003314:	0028      	movs	r0, r5
10003316:	f7fd f969 	bl	100005ec <VL53L0X_WrByte>
1000331a:	b264      	sxtb	r4, r4
1000331c:	2200      	movs	r2, #0
1000331e:	21ff      	movs	r1, #255	@ 0xff
10003320:	4304      	orrs	r4, r0
10003322:	0028      	movs	r0, r5
10003324:	f7fd f962 	bl	100005ec <VL53L0X_WrByte>
10003328:	2210      	movs	r2, #16
1000332a:	783b      	ldrb	r3, [r7, #0]
1000332c:	b264      	sxtb	r4, r4
1000332e:	4393      	bics	r3, r2
10003330:	4320      	orrs	r0, r4
10003332:	9a0d      	ldr	r2, [sp, #52]	@ 0x34
10003334:	b240      	sxtb	r0, r0
10003336:	7013      	strb	r3, [r2, #0]
10003338:	b003      	add	sp, #12
1000333a:	bcf0      	pop	{r4, r5, r6, r7}
1000333c:	46bb      	mov	fp, r7
1000333e:	46b2      	mov	sl, r6
10003340:	46a9      	mov	r9, r5
10003342:	46a0      	mov	r8, r4
10003344:	bdf0      	pop	{r4, r5, r6, r7, pc}
10003346:	2b00      	cmp	r3, #0
10003348:	d11d      	bne.n	10003386 <VL53L0X_ref_calibration_io+0xe2>
1000334a:	4653      	mov	r3, sl
1000334c:	2b00      	cmp	r3, #0
1000334e:	d0d9      	beq.n	10003304 <VL53L0X_ref_calibration_io+0x60>
10003350:	4643      	mov	r3, r8
10003352:	2280      	movs	r2, #128	@ 0x80
10003354:	21ee      	movs	r1, #238	@ 0xee
10003356:	0028      	movs	r0, r5
10003358:	f7fd f9f4 	bl	10000744 <VL53L0X_UpdateByte>
1000335c:	4304      	orrs	r4, r0
1000335e:	b264      	sxtb	r4, r4
10003360:	e7d0      	b.n	10003304 <VL53L0X_ref_calibration_io+0x60>
10003362:	21cb      	movs	r1, #203	@ 0xcb
10003364:	0028      	movs	r0, r5
10003366:	9a0c      	ldr	r2, [sp, #48]	@ 0x30
10003368:	f7fd f972 	bl	10000650 <VL53L0X_RdByte>
1000336c:	4653      	mov	r3, sl
1000336e:	4304      	orrs	r4, r0
10003370:	b264      	sxtb	r4, r4
10003372:	2b00      	cmp	r3, #0
10003374:	d0c6      	beq.n	10003304 <VL53L0X_ref_calibration_io+0x60>
10003376:	003a      	movs	r2, r7
10003378:	21ee      	movs	r1, #238	@ 0xee
1000337a:	0028      	movs	r0, r5
1000337c:	f7fd f968 	bl	10000650 <VL53L0X_RdByte>
10003380:	4304      	orrs	r4, r0
10003382:	b264      	sxtb	r4, r4
10003384:	e7be      	b.n	10003304 <VL53L0X_ref_calibration_io+0x60>
10003386:	464a      	mov	r2, r9
10003388:	21cb      	movs	r1, #203	@ 0xcb
1000338a:	0028      	movs	r0, r5
1000338c:	f7fd f92e 	bl	100005ec <VL53L0X_WrByte>
10003390:	4653      	mov	r3, sl
10003392:	4304      	orrs	r4, r0
10003394:	b264      	sxtb	r4, r4
10003396:	2b00      	cmp	r3, #0
10003398:	d0b4      	beq.n	10003304 <VL53L0X_ref_calibration_io+0x60>
1000339a:	e7d9      	b.n	10003350 <VL53L0X_ref_calibration_io+0xac>

1000339c <VL53L0X_perform_ref_calibration>:
1000339c:	b5f0      	push	{r4, r5, r6, r7, lr}
1000339e:	4647      	mov	r7, r8
100033a0:	46ce      	mov	lr, r9
100033a2:	b580      	push	{r7, lr}
100033a4:	001f      	movs	r7, r3
100033a6:	23ae      	movs	r3, #174	@ 0xae
100033a8:	005b      	lsls	r3, r3, #1
100033aa:	5cc3      	ldrb	r3, [r0, r3]
100033ac:	b087      	sub	sp, #28
100033ae:	4699      	mov	r9, r3
100033b0:	2600      	movs	r6, #0
100033b2:	466b      	mov	r3, sp
100033b4:	4688      	mov	r8, r1
100033b6:	0015      	movs	r5, r2
100033b8:	2101      	movs	r1, #1
100033ba:	2201      	movs	r2, #1
100033bc:	75de      	strb	r6, [r3, #23]
100033be:	0004      	movs	r4, r0
100033c0:	f7fd f914 	bl	100005ec <VL53L0X_WrByte>
100033c4:	2800      	cmp	r0, #0
100033c6:	d006      	beq.n	100033d6 <VL53L0X_perform_ref_calibration+0x3a>
100033c8:	4643      	mov	r3, r8
100033ca:	701e      	strb	r6, [r3, #0]
100033cc:	b007      	add	sp, #28
100033ce:	bcc0      	pop	{r6, r7}
100033d0:	46b9      	mov	r9, r7
100033d2:	46b0      	mov	r8, r6
100033d4:	bdf0      	pop	{r4, r5, r6, r7, pc}
100033d6:	2241      	movs	r2, #65	@ 0x41
100033d8:	2100      	movs	r1, #0
100033da:	0020      	movs	r0, r4
100033dc:	f7fd f906 	bl	100005ec <VL53L0X_WrByte>
100033e0:	2800      	cmp	r0, #0
100033e2:	d003      	beq.n	100033ec <VL53L0X_perform_ref_calibration+0x50>
100033e4:	2300      	movs	r3, #0
100033e6:	4642      	mov	r2, r8
100033e8:	7013      	strb	r3, [r2, #0]
100033ea:	e7ef      	b.n	100033cc <VL53L0X_perform_ref_calibration+0x30>
100033ec:	0020      	movs	r0, r4
100033ee:	f7fe f981 	bl	100016f4 <VL53L0X_measurement_poll_for_completion>
100033f2:	2800      	cmp	r0, #0
100033f4:	d1f6      	bne.n	100033e4 <VL53L0X_perform_ref_calibration+0x48>
100033f6:	2100      	movs	r1, #0
100033f8:	0020      	movs	r0, r4
100033fa:	f7fe f877 	bl	100014ec <VL53L0X_ClearInterruptMask>
100033fe:	2800      	cmp	r0, #0
10003400:	d1f0      	bne.n	100033e4 <VL53L0X_perform_ref_calibration+0x48>
10003402:	2200      	movs	r2, #0
10003404:	2100      	movs	r1, #0
10003406:	0020      	movs	r0, r4
10003408:	f7fd f8f0 	bl	100005ec <VL53L0X_WrByte>
1000340c:	2800      	cmp	r0, #0
1000340e:	d1e9      	bne.n	100033e4 <VL53L0X_perform_ref_calibration+0x48>
10003410:	2f01      	cmp	r7, #1
10003412:	d033      	beq.n	1000347c <VL53L0X_perform_ref_calibration+0xe0>
10003414:	4642      	mov	r2, r8
10003416:	7010      	strb	r0, [r2, #0]
10003418:	2202      	movs	r2, #2
1000341a:	2101      	movs	r1, #1
1000341c:	0020      	movs	r0, r4
1000341e:	f7fd f8e5 	bl	100005ec <VL53L0X_WrByte>
10003422:	2800      	cmp	r0, #0
10003424:	d002      	beq.n	1000342c <VL53L0X_perform_ref_calibration+0x90>
10003426:	2300      	movs	r3, #0
10003428:	702b      	strb	r3, [r5, #0]
1000342a:	e7cf      	b.n	100033cc <VL53L0X_perform_ref_calibration+0x30>
1000342c:	2201      	movs	r2, #1
1000342e:	2100      	movs	r1, #0
10003430:	0020      	movs	r0, r4
10003432:	f7fd f8db 	bl	100005ec <VL53L0X_WrByte>
10003436:	2800      	cmp	r0, #0
10003438:	d1f5      	bne.n	10003426 <VL53L0X_perform_ref_calibration+0x8a>
1000343a:	0020      	movs	r0, r4
1000343c:	f7fe f95a 	bl	100016f4 <VL53L0X_measurement_poll_for_completion>
10003440:	2800      	cmp	r0, #0
10003442:	d1f0      	bne.n	10003426 <VL53L0X_perform_ref_calibration+0x8a>
10003444:	2100      	movs	r1, #0
10003446:	0020      	movs	r0, r4
10003448:	f7fe f850 	bl	100014ec <VL53L0X_ClearInterruptMask>
1000344c:	2800      	cmp	r0, #0
1000344e:	d1ea      	bne.n	10003426 <VL53L0X_perform_ref_calibration+0x8a>
10003450:	2200      	movs	r2, #0
10003452:	2100      	movs	r1, #0
10003454:	0020      	movs	r0, r4
10003456:	f7fd f8c9 	bl	100005ec <VL53L0X_WrByte>
1000345a:	2800      	cmp	r0, #0
1000345c:	d1e3      	bne.n	10003426 <VL53L0X_perform_ref_calibration+0x8a>
1000345e:	2f01      	cmp	r7, #1
10003460:	d01c      	beq.n	1000349c <VL53L0X_perform_ref_calibration+0x100>
10003462:	7028      	strb	r0, [r5, #0]
10003464:	464a      	mov	r2, r9
10003466:	2101      	movs	r1, #1
10003468:	0020      	movs	r0, r4
1000346a:	f7fd f8bf 	bl	100005ec <VL53L0X_WrByte>
1000346e:	2800      	cmp	r0, #0
10003470:	d1ac      	bne.n	100033cc <VL53L0X_perform_ref_calibration+0x30>
10003472:	23ae      	movs	r3, #174	@ 0xae
10003474:	464a      	mov	r2, r9
10003476:	005b      	lsls	r3, r3, #1
10003478:	54e2      	strb	r2, [r4, r3]
1000347a:	e7a7      	b.n	100033cc <VL53L0X_perform_ref_calibration+0x30>
1000347c:	2317      	movs	r3, #23
1000347e:	446b      	add	r3, sp
10003480:	9301      	str	r3, [sp, #4]
10003482:	4643      	mov	r3, r8
10003484:	9003      	str	r0, [sp, #12]
10003486:	9300      	str	r3, [sp, #0]
10003488:	2200      	movs	r2, #0
1000348a:	2300      	movs	r3, #0
1000348c:	2101      	movs	r1, #1
1000348e:	0020      	movs	r0, r4
10003490:	9702      	str	r7, [sp, #8]
10003492:	f7ff ff07 	bl	100032a4 <VL53L0X_ref_calibration_io>
10003496:	2800      	cmp	r0, #0
10003498:	d0be      	beq.n	10003418 <VL53L0X_perform_ref_calibration+0x7c>
1000349a:	e797      	b.n	100033cc <VL53L0X_perform_ref_calibration+0x30>
1000349c:	2317      	movs	r3, #23
1000349e:	446b      	add	r3, sp
100034a0:	9002      	str	r0, [sp, #8]
100034a2:	9300      	str	r3, [sp, #0]
100034a4:	2200      	movs	r2, #0
100034a6:	2300      	movs	r3, #0
100034a8:	2101      	movs	r1, #1
100034aa:	0020      	movs	r0, r4
100034ac:	9703      	str	r7, [sp, #12]
100034ae:	9501      	str	r5, [sp, #4]
100034b0:	f7ff fef8 	bl	100032a4 <VL53L0X_ref_calibration_io>
100034b4:	2800      	cmp	r0, #0
100034b6:	d0d5      	beq.n	10003464 <VL53L0X_perform_ref_calibration+0xc8>
100034b8:	e788      	b.n	100033cc <VL53L0X_perform_ref_calibration+0x30>
100034ba:	46c0      	nop			@ (mov r8, r8)

100034bc <VL53L0X_perform_ref_spad_management>:
100034bc:	b5f0      	push	{r4, r5, r6, r7, lr}
100034be:	4645      	mov	r5, r8
100034c0:	46de      	mov	lr, fp
100034c2:	4657      	mov	r7, sl
100034c4:	464e      	mov	r6, r9
100034c6:	2300      	movs	r3, #0
100034c8:	b5e0      	push	{r5, r6, r7, lr}
100034ca:	b08f      	sub	sp, #60	@ 0x3c
100034cc:	0017      	movs	r7, r2
100034ce:	aa06      	add	r2, sp, #24
100034d0:	7413      	strb	r3, [r2, #16]
100034d2:	7453      	strb	r3, [r2, #17]
100034d4:	22b4      	movs	r2, #180	@ 0xb4
100034d6:	930b      	str	r3, [sp, #44]	@ 0x2c
100034d8:	0052      	lsls	r2, r2, #1
100034da:	5a82      	ldrh	r2, [r0, r2]
100034dc:	000e      	movs	r6, r1
100034de:	4690      	mov	r8, r2
100034e0:	22a8      	movs	r2, #168	@ 0xa8
100034e2:	0052      	lsls	r2, r2, #1
100034e4:	5083      	str	r3, [r0, r2]
100034e6:	3204      	adds	r2, #4
100034e8:	5283      	strh	r3, [r0, r2]
100034ea:	3a54      	subs	r2, #84	@ 0x54
100034ec:	21ff      	movs	r1, #255	@ 0xff
100034ee:	3aff      	subs	r2, #255	@ 0xff
100034f0:	0005      	movs	r5, r0
100034f2:	f7fd f87b 	bl	100005ec <VL53L0X_WrByte>
100034f6:	1e04      	subs	r4, r0, #0
100034f8:	d007      	beq.n	1000350a <VL53L0X_perform_ref_spad_management+0x4e>
100034fa:	0020      	movs	r0, r4
100034fc:	b00f      	add	sp, #60	@ 0x3c
100034fe:	bcf0      	pop	{r4, r5, r6, r7}
10003500:	46bb      	mov	fp, r7
10003502:	46b2      	mov	sl, r6
10003504:	46a9      	mov	r9, r5
10003506:	46a0      	mov	r8, r4
10003508:	bdf0      	pop	{r4, r5, r6, r7, pc}
1000350a:	2200      	movs	r2, #0
1000350c:	214f      	movs	r1, #79	@ 0x4f
1000350e:	0028      	movs	r0, r5
10003510:	f7fd f86c 	bl	100005ec <VL53L0X_WrByte>
10003514:	1e04      	subs	r4, r0, #0
10003516:	d1f0      	bne.n	100034fa <VL53L0X_perform_ref_spad_management+0x3e>
10003518:	222c      	movs	r2, #44	@ 0x2c
1000351a:	214e      	movs	r1, #78	@ 0x4e
1000351c:	0028      	movs	r0, r5
1000351e:	f7fd f865 	bl	100005ec <VL53L0X_WrByte>
10003522:	1e04      	subs	r4, r0, #0
10003524:	d1e9      	bne.n	100034fa <VL53L0X_perform_ref_spad_management+0x3e>
10003526:	2200      	movs	r2, #0
10003528:	21ff      	movs	r1, #255	@ 0xff
1000352a:	0028      	movs	r0, r5
1000352c:	f7fd f85e 	bl	100005ec <VL53L0X_WrByte>
10003530:	1e04      	subs	r4, r0, #0
10003532:	d1e2      	bne.n	100034fa <VL53L0X_perform_ref_spad_management+0x3e>
10003534:	22b4      	movs	r2, #180	@ 0xb4
10003536:	21b6      	movs	r1, #182	@ 0xb6
10003538:	0028      	movs	r0, r5
1000353a:	f7fd f857 	bl	100005ec <VL53L0X_WrByte>
1000353e:	1e04      	subs	r4, r0, #0
10003540:	d1db      	bne.n	100034fa <VL53L0X_perform_ref_spad_management+0x3e>
10003542:	2200      	movs	r2, #0
10003544:	2180      	movs	r1, #128	@ 0x80
10003546:	0028      	movs	r0, r5
10003548:	f7fd f850 	bl	100005ec <VL53L0X_WrByte>
1000354c:	1e04      	subs	r4, r0, #0
1000354e:	d1d4      	bne.n	100034fa <VL53L0X_perform_ref_spad_management+0x3e>
10003550:	a906      	add	r1, sp, #24
10003552:	468c      	mov	ip, r1
10003554:	2211      	movs	r2, #17
10003556:	2300      	movs	r3, #0
10003558:	0028      	movs	r0, r5
1000355a:	4462      	add	r2, ip
1000355c:	a90a      	add	r1, sp, #40	@ 0x28
1000355e:	f7ff ff1d 	bl	1000339c <VL53L0X_perform_ref_calibration>
10003562:	1e04      	subs	r4, r0, #0
10003564:	d1c9      	bne.n	100034fa <VL53L0X_perform_ref_spad_management+0x3e>
10003566:	23a8      	movs	r3, #168	@ 0xa8
10003568:	005b      	lsls	r3, r3, #1
1000356a:	469c      	mov	ip, r3
1000356c:	44ac      	add	ip, r5
1000356e:	4663      	mov	r3, ip
10003570:	9304      	str	r3, [sp, #16]
10003572:	23ab      	movs	r3, #171	@ 0xab
10003574:	005b      	lsls	r3, r3, #1
10003576:	4699      	mov	r9, r3
10003578:	3b54      	subs	r3, #84	@ 0x54
1000357a:	3bff      	subs	r3, #255	@ 0xff
1000357c:	469c      	mov	ip, r3
1000357e:	3305      	adds	r3, #5
10003580:	469b      	mov	fp, r3
10003582:	4643      	mov	r3, r8
10003584:	44a9      	add	r9, r5
10003586:	9306      	str	r3, [sp, #24]
10003588:	4663      	mov	r3, ip
1000358a:	2000      	movs	r0, #0
1000358c:	46bc      	mov	ip, r7
1000358e:	46b2      	mov	sl, r6
10003590:	464f      	mov	r7, r9
10003592:	9305      	str	r3, [sp, #20]
10003594:	9507      	str	r5, [sp, #28]
10003596:	2307      	movs	r3, #7
10003598:	08c5      	lsrs	r5, r0, #3
1000359a:	4018      	ands	r0, r3
1000359c:	2d06      	cmp	r5, #6
1000359e:	d033      	beq.n	10003608 <VL53L0X_perform_ref_spad_management+0x14c>
100035a0:	2302      	movs	r3, #2
100035a2:	4698      	mov	r8, r3
100035a4:	3302      	adds	r3, #2
100035a6:	0029      	movs	r1, r5
100035a8:	4699      	mov	r9, r3
100035aa:	002a      	movs	r2, r5
100035ac:	5c7b      	ldrb	r3, [r7, r1]
100035ae:	4291      	cmp	r1, r2
100035b0:	d100      	bne.n	100035b4 <VL53L0X_perform_ref_spad_management+0xf8>
100035b2:	e0ac      	b.n	1000370e <VL53L0X_perform_ref_spad_management+0x252>
100035b4:	2401      	movs	r4, #1
100035b6:	421c      	tst	r4, r3
100035b8:	d129      	bne.n	1000360e <VL53L0X_perform_ref_spad_management+0x152>
100035ba:	4644      	mov	r4, r8
100035bc:	421c      	tst	r4, r3
100035be:	d000      	beq.n	100035c2 <VL53L0X_perform_ref_spad_management+0x106>
100035c0:	e0c2      	b.n	10003748 <VL53L0X_perform_ref_spad_management+0x28c>
100035c2:	464c      	mov	r4, r9
100035c4:	421c      	tst	r4, r3
100035c6:	d000      	beq.n	100035ca <VL53L0X_perform_ref_spad_management+0x10e>
100035c8:	e0bc      	b.n	10003744 <VL53L0X_perform_ref_spad_management+0x288>
100035ca:	2500      	movs	r5, #0
100035cc:	2403      	movs	r4, #3
100035ce:	465e      	mov	r6, fp
100035d0:	421e      	tst	r6, r3
100035d2:	d11d      	bne.n	10003610 <VL53L0X_perform_ref_spad_management+0x154>
100035d4:	1d2c      	adds	r4, r5, #4
100035d6:	2d04      	cmp	r5, #4
100035d8:	d013      	beq.n	10003602 <VL53L0X_perform_ref_spad_management+0x146>
100035da:	2610      	movs	r6, #16
100035dc:	421e      	tst	r6, r3
100035de:	d117      	bne.n	10003610 <VL53L0X_perform_ref_spad_management+0x154>
100035e0:	1d6c      	adds	r4, r5, #5
100035e2:	2d03      	cmp	r5, #3
100035e4:	d00d      	beq.n	10003602 <VL53L0X_perform_ref_spad_management+0x146>
100035e6:	3610      	adds	r6, #16
100035e8:	421e      	tst	r6, r3
100035ea:	d111      	bne.n	10003610 <VL53L0X_perform_ref_spad_management+0x154>
100035ec:	1dac      	adds	r4, r5, #6
100035ee:	2d02      	cmp	r5, #2
100035f0:	d007      	beq.n	10003602 <VL53L0X_perform_ref_spad_management+0x146>
100035f2:	3620      	adds	r6, #32
100035f4:	421e      	tst	r6, r3
100035f6:	d10b      	bne.n	10003610 <VL53L0X_perform_ref_spad_management+0x154>
100035f8:	2d01      	cmp	r5, #1
100035fa:	d002      	beq.n	10003602 <VL53L0X_perform_ref_spad_management+0x146>
100035fc:	2b00      	cmp	r3, #0
100035fe:	d000      	beq.n	10003602 <VL53L0X_perform_ref_spad_management+0x146>
10003600:	e0a4      	b.n	1000374c <VL53L0X_perform_ref_spad_management+0x290>
10003602:	3101      	adds	r1, #1
10003604:	2906      	cmp	r1, #6
10003606:	d1d1      	bne.n	100035ac <VL53L0X_perform_ref_spad_management+0xf0>
10003608:	2432      	movs	r4, #50	@ 0x32
1000360a:	4264      	negs	r4, r4
1000360c:	e775      	b.n	100034fa <VL53L0X_perform_ref_spad_management+0x3e>
1000360e:	2400      	movs	r4, #0
10003610:	00c8      	lsls	r0, r1, #3
10003612:	1900      	adds	r0, r0, r4
10003614:	0003      	movs	r3, r0
10003616:	33b4      	adds	r3, #180	@ 0xb4
10003618:	49c9      	ldr	r1, [pc, #804]	@ (10003940 <VL53L0X_perform_ref_spad_management+0x484>)
1000361a:	099b      	lsrs	r3, r3, #6
1000361c:	009b      	lsls	r3, r3, #2
1000361e:	58cb      	ldr	r3, [r1, r3]
10003620:	2b00      	cmp	r3, #0
10003622:	d1f1      	bne.n	10003608 <VL53L0X_perform_ref_spad_management+0x14c>
10003624:	2507      	movs	r5, #7
10003626:	2301      	movs	r3, #1
10003628:	4005      	ands	r5, r0
1000362a:	40ab      	lsls	r3, r5
1000362c:	9a04      	ldr	r2, [sp, #16]
1000362e:	08c4      	lsrs	r4, r0, #3
10003630:	5d15      	ldrb	r5, [r2, r4]
10003632:	3001      	adds	r0, #1
10003634:	432b      	orrs	r3, r5
10003636:	5513      	strb	r3, [r2, r4]
10003638:	9b05      	ldr	r3, [sp, #20]
1000363a:	3b01      	subs	r3, #1
1000363c:	9305      	str	r3, [sp, #20]
1000363e:	2b00      	cmp	r3, #0
10003640:	d1a9      	bne.n	10003596 <VL53L0X_perform_ref_spad_management+0xda>
10003642:	9b06      	ldr	r3, [sp, #24]
10003644:	9d07      	ldr	r5, [sp, #28]
10003646:	9005      	str	r0, [sp, #20]
10003648:	900b      	str	r0, [sp, #44]	@ 0x2c
1000364a:	4698      	mov	r8, r3
1000364c:	4656      	mov	r6, sl
1000364e:	2306      	movs	r3, #6
10003650:	468a      	mov	sl, r1
10003652:	0028      	movs	r0, r5
10003654:	21b0      	movs	r1, #176	@ 0xb0
10003656:	46b9      	mov	r9, r7
10003658:	4667      	mov	r7, ip
1000365a:	f7fc ff73 	bl	10000544 <VL53L0X_WriteMulti>
1000365e:	1e04      	subs	r4, r0, #0
10003660:	d000      	beq.n	10003664 <VL53L0X_perform_ref_spad_management+0x1a8>
10003662:	e74a      	b.n	100034fa <VL53L0X_perform_ref_spad_management+0x3e>
10003664:	2306      	movs	r3, #6
10003666:	aa0c      	add	r2, sp, #48	@ 0x30
10003668:	21b0      	movs	r1, #176	@ 0xb0
1000366a:	0028      	movs	r0, r5
1000366c:	f7fc ff92 	bl	10000594 <VL53L0X_ReadMulti>
10003670:	ab06      	add	r3, sp, #24
10003672:	7e1a      	ldrb	r2, [r3, #24]
10003674:	23a8      	movs	r3, #168	@ 0xa8
10003676:	005b      	lsls	r3, r3, #1
10003678:	5ceb      	ldrb	r3, [r5, r3]
1000367a:	0004      	movs	r4, r0
1000367c:	429a      	cmp	r2, r3
1000367e:	d1c3      	bne.n	10003608 <VL53L0X_perform_ref_spad_management+0x14c>
10003680:	ab06      	add	r3, sp, #24
10003682:	7e5a      	ldrb	r2, [r3, #25]
10003684:	2352      	movs	r3, #82	@ 0x52
10003686:	33ff      	adds	r3, #255	@ 0xff
10003688:	5ceb      	ldrb	r3, [r5, r3]
1000368a:	429a      	cmp	r2, r3
1000368c:	d1bc      	bne.n	10003608 <VL53L0X_perform_ref_spad_management+0x14c>
1000368e:	ab06      	add	r3, sp, #24
10003690:	7e9a      	ldrb	r2, [r3, #26]
10003692:	23a9      	movs	r3, #169	@ 0xa9
10003694:	005b      	lsls	r3, r3, #1
10003696:	5ceb      	ldrb	r3, [r5, r3]
10003698:	429a      	cmp	r2, r3
1000369a:	d1b5      	bne.n	10003608 <VL53L0X_perform_ref_spad_management+0x14c>
1000369c:	ab06      	add	r3, sp, #24
1000369e:	7eda      	ldrb	r2, [r3, #27]
100036a0:	2354      	movs	r3, #84	@ 0x54
100036a2:	33ff      	adds	r3, #255	@ 0xff
100036a4:	5ceb      	ldrb	r3, [r5, r3]
100036a6:	429a      	cmp	r2, r3
100036a8:	d1ae      	bne.n	10003608 <VL53L0X_perform_ref_spad_management+0x14c>
100036aa:	ab06      	add	r3, sp, #24
100036ac:	7f1a      	ldrb	r2, [r3, #28]
100036ae:	23aa      	movs	r3, #170	@ 0xaa
100036b0:	005b      	lsls	r3, r3, #1
100036b2:	5ceb      	ldrb	r3, [r5, r3]
100036b4:	429a      	cmp	r2, r3
100036b6:	d1a7      	bne.n	10003608 <VL53L0X_perform_ref_spad_management+0x14c>
100036b8:	2356      	movs	r3, #86	@ 0x56
100036ba:	33ff      	adds	r3, #255	@ 0xff
100036bc:	5cea      	ldrb	r2, [r5, r3]
100036be:	ab06      	add	r3, sp, #24
100036c0:	7f5b      	ldrb	r3, [r3, #29]
100036c2:	429a      	cmp	r2, r3
100036c4:	d1a0      	bne.n	10003608 <VL53L0X_perform_ref_spad_management+0x14c>
100036c6:	2800      	cmp	r0, #0
100036c8:	d000      	beq.n	100036cc <VL53L0X_perform_ref_spad_management+0x210>
100036ca:	e716      	b.n	100034fa <VL53L0X_perform_ref_spad_management+0x3e>
100036cc:	aa06      	add	r2, sp, #24
100036ce:	4694      	mov	ip, r2
100036d0:	2312      	movs	r3, #18
100036d2:	4463      	add	r3, ip
100036d4:	0019      	movs	r1, r3
100036d6:	0028      	movs	r0, r5
100036d8:	f7ff fd52 	bl	10003180 <perform_ref_signal_measurement>
100036dc:	1e04      	subs	r4, r0, #0
100036de:	d000      	beq.n	100036e2 <VL53L0X_perform_ref_spad_management+0x226>
100036e0:	e70b      	b.n	100034fa <VL53L0X_perform_ref_spad_management+0x3e>
100036e2:	ab06      	add	r3, sp, #24
100036e4:	8a5b      	ldrh	r3, [r3, #18]
100036e6:	4543      	cmp	r3, r8
100036e8:	d946      	bls.n	10003778 <VL53L0X_perform_ref_spad_management+0x2bc>
100036ea:	23a8      	movs	r3, #168	@ 0xa8
100036ec:	4652      	mov	r2, sl
100036ee:	005b      	lsls	r3, r3, #1
100036f0:	50e8      	str	r0, [r5, r3]
100036f2:	9905      	ldr	r1, [sp, #20]
100036f4:	3304      	adds	r3, #4
100036f6:	52e8      	strh	r0, [r5, r3]
100036f8:	000b      	movs	r3, r1
100036fa:	33b4      	adds	r3, #180	@ 0xb4
100036fc:	099b      	lsrs	r3, r3, #6
100036fe:	009b      	lsls	r3, r3, #2
10003700:	58d3      	ldr	r3, [r2, r3]
10003702:	2b00      	cmp	r3, #0
10003704:	d126      	bne.n	10003754 <VL53L0X_perform_ref_spad_management+0x298>
10003706:	292b      	cmp	r1, #43	@ 0x2b
10003708:	d824      	bhi.n	10003754 <VL53L0X_perform_ref_spad_management+0x298>
1000370a:	3101      	adds	r1, #1
1000370c:	e7f4      	b.n	100036f8 <VL53L0X_perform_ref_spad_management+0x23c>
1000370e:	4103      	asrs	r3, r0
10003710:	2501      	movs	r5, #1
10003712:	001c      	movs	r4, r3
10003714:	b2db      	uxtb	r3, r3
10003716:	422c      	tst	r4, r5
10003718:	d11a      	bne.n	10003750 <VL53L0X_perform_ref_spad_management+0x294>
1000371a:	1c44      	adds	r4, r0, #1
1000371c:	2807      	cmp	r0, #7
1000371e:	d100      	bne.n	10003722 <VL53L0X_perform_ref_spad_management+0x266>
10003720:	e76f      	b.n	10003602 <VL53L0X_perform_ref_spad_management+0x146>
10003722:	4645      	mov	r5, r8
10003724:	421d      	tst	r5, r3
10003726:	d000      	beq.n	1000372a <VL53L0X_perform_ref_spad_management+0x26e>
10003728:	e772      	b.n	10003610 <VL53L0X_perform_ref_spad_management+0x154>
1000372a:	1c84      	adds	r4, r0, #2
1000372c:	2806      	cmp	r0, #6
1000372e:	d100      	bne.n	10003732 <VL53L0X_perform_ref_spad_management+0x276>
10003730:	e767      	b.n	10003602 <VL53L0X_perform_ref_spad_management+0x146>
10003732:	075d      	lsls	r5, r3, #29
10003734:	d500      	bpl.n	10003738 <VL53L0X_perform_ref_spad_management+0x27c>
10003736:	e76b      	b.n	10003610 <VL53L0X_perform_ref_spad_management+0x154>
10003738:	1cc4      	adds	r4, r0, #3
1000373a:	2805      	cmp	r0, #5
1000373c:	d100      	bne.n	10003740 <VL53L0X_perform_ref_spad_management+0x284>
1000373e:	e760      	b.n	10003602 <VL53L0X_perform_ref_spad_management+0x146>
10003740:	0005      	movs	r5, r0
10003742:	e744      	b.n	100035ce <VL53L0X_perform_ref_spad_management+0x112>
10003744:	2402      	movs	r4, #2
10003746:	e763      	b.n	10003610 <VL53L0X_perform_ref_spad_management+0x154>
10003748:	2401      	movs	r4, #1
1000374a:	e761      	b.n	10003610 <VL53L0X_perform_ref_spad_management+0x154>
1000374c:	2407      	movs	r4, #7
1000374e:	e75f      	b.n	10003610 <VL53L0X_perform_ref_spad_management+0x154>
10003750:	0004      	movs	r4, r0
10003752:	e75d      	b.n	10003610 <VL53L0X_perform_ref_spad_management+0x154>
10003754:	ab0b      	add	r3, sp, #44	@ 0x2c
10003756:	9302      	str	r3, [sp, #8]
10003758:	2303      	movs	r3, #3
1000375a:	4692      	mov	sl, r2
1000375c:	469b      	mov	fp, r3
1000375e:	9301      	str	r3, [sp, #4]
10003760:	9100      	str	r1, [sp, #0]
10003762:	464a      	mov	r2, r9
10003764:	2101      	movs	r1, #1
10003766:	0028      	movs	r0, r5
10003768:	9b04      	ldr	r3, [sp, #16]
1000376a:	f7ff fb81 	bl	10002e70 <enable_ref_spads.constprop.0>
1000376e:	2800      	cmp	r0, #0
10003770:	d100      	bne.n	10003774 <VL53L0X_perform_ref_spad_management+0x2b8>
10003772:	e0e7      	b.n	10003944 <VL53L0X_perform_ref_spad_management+0x488>
10003774:	0004      	movs	r4, r0
10003776:	e6c0      	b.n	100034fa <VL53L0X_perform_ref_spad_management+0x3e>
10003778:	2200      	movs	r2, #0
1000377a:	9206      	str	r2, [sp, #24]
1000377c:	4598      	cmp	r8, r3
1000377e:	d800      	bhi.n	10003782 <VL53L0X_perform_ref_spad_management+0x2c6>
10003780:	e0d5      	b.n	1000392e <VL53L0X_perform_ref_spad_management+0x472>
10003782:	466a      	mov	r2, sp
10003784:	7e12      	ldrb	r2, [r2, #24]
10003786:	9208      	str	r2, [sp, #32]
10003788:	4642      	mov	r2, r8
1000378a:	1a9b      	subs	r3, r3, r2
1000378c:	17da      	asrs	r2, r3, #31
1000378e:	189b      	adds	r3, r3, r2
10003790:	4053      	eors	r3, r2
10003792:	9309      	str	r3, [sp, #36]	@ 0x24
10003794:	2303      	movs	r3, #3
10003796:	9307      	str	r3, [sp, #28]
10003798:	2206      	movs	r2, #6
1000379a:	9904      	ldr	r1, [sp, #16]
1000379c:	a80c      	add	r0, sp, #48	@ 0x30
1000379e:	f002 fa3d 	bl	10005c1c <__wrap___aeabi_memcpy>
100037a2:	9b05      	ldr	r3, [sp, #20]
100037a4:	08da      	lsrs	r2, r3, #3
100037a6:	4693      	mov	fp, r2
100037a8:	2207      	movs	r2, #7
100037aa:	401a      	ands	r2, r3
100037ac:	4694      	mov	ip, r2
100037ae:	2b2f      	cmp	r3, #47	@ 0x2f
100037b0:	d900      	bls.n	100037b4 <VL53L0X_perform_ref_spad_management+0x2f8>
100037b2:	e729      	b.n	10003608 <VL53L0X_perform_ref_spad_management+0x14c>
100037b4:	465b      	mov	r3, fp
100037b6:	0022      	movs	r2, r4
100037b8:	001c      	movs	r4, r3
100037ba:	4663      	mov	r3, ip
100037bc:	4694      	mov	ip, r2
100037be:	9305      	str	r3, [sp, #20]
100037c0:	464a      	mov	r2, r9
100037c2:	5d11      	ldrb	r1, [r2, r4]
100037c4:	45a3      	cmp	fp, r4
100037c6:	d06b      	beq.n	100038a0 <VL53L0X_perform_ref_spad_management+0x3e4>
100037c8:	2201      	movs	r2, #1
100037ca:	420a      	tst	r2, r1
100037cc:	d17a      	bne.n	100038c4 <VL53L0X_perform_ref_spad_management+0x408>
100037ce:	3201      	adds	r2, #1
100037d0:	420a      	tst	r2, r1
100037d2:	d17b      	bne.n	100038cc <VL53L0X_perform_ref_spad_management+0x410>
100037d4:	2000      	movs	r0, #0
100037d6:	2304      	movs	r3, #4
100037d8:	420b      	tst	r3, r1
100037da:	d123      	bne.n	10003824 <VL53L0X_perform_ref_spad_management+0x368>
100037dc:	1cc2      	adds	r2, r0, #3
100037de:	2805      	cmp	r0, #5
100037e0:	d019      	beq.n	10003816 <VL53L0X_perform_ref_spad_management+0x35a>
100037e2:	3304      	adds	r3, #4
100037e4:	420b      	tst	r3, r1
100037e6:	d11d      	bne.n	10003824 <VL53L0X_perform_ref_spad_management+0x368>
100037e8:	1d02      	adds	r2, r0, #4
100037ea:	2804      	cmp	r0, #4
100037ec:	d013      	beq.n	10003816 <VL53L0X_perform_ref_spad_management+0x35a>
100037ee:	3308      	adds	r3, #8
100037f0:	420b      	tst	r3, r1
100037f2:	d117      	bne.n	10003824 <VL53L0X_perform_ref_spad_management+0x368>
100037f4:	1d42      	adds	r2, r0, #5
100037f6:	2803      	cmp	r0, #3
100037f8:	d00d      	beq.n	10003816 <VL53L0X_perform_ref_spad_management+0x35a>
100037fa:	3310      	adds	r3, #16
100037fc:	420b      	tst	r3, r1
100037fe:	d111      	bne.n	10003824 <VL53L0X_perform_ref_spad_management+0x368>
10003800:	1d82      	adds	r2, r0, #6
10003802:	2802      	cmp	r0, #2
10003804:	d007      	beq.n	10003816 <VL53L0X_perform_ref_spad_management+0x35a>
10003806:	3320      	adds	r3, #32
10003808:	420b      	tst	r3, r1
1000380a:	d10b      	bne.n	10003824 <VL53L0X_perform_ref_spad_management+0x368>
1000380c:	2801      	cmp	r0, #1
1000380e:	d002      	beq.n	10003816 <VL53L0X_perform_ref_spad_management+0x35a>
10003810:	2900      	cmp	r1, #0
10003812:	d000      	beq.n	10003816 <VL53L0X_perform_ref_spad_management+0x35a>
10003814:	e08f      	b.n	10003936 <VL53L0X_perform_ref_spad_management+0x47a>
10003816:	3401      	adds	r4, #1
10003818:	2c06      	cmp	r4, #6
1000381a:	d1d1      	bne.n	100037c0 <VL53L0X_perform_ref_spad_management+0x304>
1000381c:	2032      	movs	r0, #50	@ 0x32
1000381e:	4240      	negs	r0, r0
10003820:	0004      	movs	r4, r0
10003822:	e66a      	b.n	100034fa <VL53L0X_perform_ref_spad_management+0x3e>
10003824:	0023      	movs	r3, r4
10003826:	4664      	mov	r4, ip
10003828:	00db      	lsls	r3, r3, #3
1000382a:	189b      	adds	r3, r3, r2
1000382c:	001a      	movs	r2, r3
1000382e:	4651      	mov	r1, sl
10003830:	32b4      	adds	r2, #180	@ 0xb4
10003832:	0992      	lsrs	r2, r2, #6
10003834:	0092      	lsls	r2, r2, #2
10003836:	588a      	ldr	r2, [r1, r2]
10003838:	1e51      	subs	r1, r2, #1
1000383a:	418a      	sbcs	r2, r1
1000383c:	9906      	ldr	r1, [sp, #24]
1000383e:	428a      	cmp	r2, r1
10003840:	d161      	bne.n	10003906 <VL53L0X_perform_ref_spad_management+0x44a>
10003842:	9a07      	ldr	r2, [sp, #28]
10003844:	2007      	movs	r0, #7
10003846:	3201      	adds	r2, #1
10003848:	4693      	mov	fp, r2
1000384a:	2201      	movs	r2, #1
1000384c:	4018      	ands	r0, r3
1000384e:	4082      	lsls	r2, r0
10003850:	9804      	ldr	r0, [sp, #16]
10003852:	08d9      	lsrs	r1, r3, #3
10003854:	5c40      	ldrb	r0, [r0, r1]
10003856:	3301      	adds	r3, #1
10003858:	4302      	orrs	r2, r0
1000385a:	9804      	ldr	r0, [sp, #16]
1000385c:	9305      	str	r3, [sp, #20]
1000385e:	5442      	strb	r2, [r0, r1]
10003860:	2306      	movs	r3, #6
10003862:	0002      	movs	r2, r0
10003864:	21b0      	movs	r1, #176	@ 0xb0
10003866:	0028      	movs	r0, r5
10003868:	f7fc fe6c 	bl	10000544 <VL53L0X_WriteMulti>
1000386c:	2800      	cmp	r0, #0
1000386e:	d181      	bne.n	10003774 <VL53L0X_perform_ref_spad_management+0x2b8>
10003870:	aa06      	add	r2, sp, #24
10003872:	2312      	movs	r3, #18
10003874:	4694      	mov	ip, r2
10003876:	4463      	add	r3, ip
10003878:	0019      	movs	r1, r3
1000387a:	0028      	movs	r0, r5
1000387c:	f7ff fc80 	bl	10003180 <perform_ref_signal_measurement>
10003880:	2800      	cmp	r0, #0
10003882:	d000      	beq.n	10003886 <VL53L0X_perform_ref_spad_management+0x3ca>
10003884:	e776      	b.n	10003774 <VL53L0X_perform_ref_spad_management+0x2b8>
10003886:	ab06      	add	r3, sp, #24
10003888:	8a5a      	ldrh	r2, [r3, #18]
1000388a:	4643      	mov	r3, r8
1000388c:	1ad3      	subs	r3, r2, r3
1000388e:	17d9      	asrs	r1, r3, #31
10003890:	185b      	adds	r3, r3, r1
10003892:	404b      	eors	r3, r1
10003894:	4542      	cmp	r2, r8
10003896:	d823      	bhi.n	100038e0 <VL53L0X_perform_ref_spad_management+0x424>
10003898:	465a      	mov	r2, fp
1000389a:	9309      	str	r3, [sp, #36]	@ 0x24
1000389c:	9207      	str	r2, [sp, #28]
1000389e:	e77b      	b.n	10003798 <VL53L0X_perform_ref_spad_management+0x2dc>
100038a0:	000a      	movs	r2, r1
100038a2:	9b05      	ldr	r3, [sp, #20]
100038a4:	2001      	movs	r0, #1
100038a6:	411a      	asrs	r2, r3
100038a8:	b2d1      	uxtb	r1, r2
100038aa:	4202      	tst	r2, r0
100038ac:	d112      	bne.n	100038d4 <VL53L0X_perform_ref_spad_management+0x418>
100038ae:	1c5a      	adds	r2, r3, #1
100038b0:	2b07      	cmp	r3, #7
100038b2:	d0b0      	beq.n	10003816 <VL53L0X_perform_ref_spad_management+0x35a>
100038b4:	2002      	movs	r0, #2
100038b6:	4208      	tst	r0, r1
100038b8:	d1b4      	bne.n	10003824 <VL53L0X_perform_ref_spad_management+0x368>
100038ba:	1c9a      	adds	r2, r3, #2
100038bc:	2b06      	cmp	r3, #6
100038be:	d0aa      	beq.n	10003816 <VL53L0X_perform_ref_spad_management+0x35a>
100038c0:	0018      	movs	r0, r3
100038c2:	e788      	b.n	100037d6 <VL53L0X_perform_ref_spad_management+0x31a>
100038c4:	0023      	movs	r3, r4
100038c6:	2200      	movs	r2, #0
100038c8:	4664      	mov	r4, ip
100038ca:	e7ad      	b.n	10003828 <VL53L0X_perform_ref_spad_management+0x36c>
100038cc:	0023      	movs	r3, r4
100038ce:	2201      	movs	r2, #1
100038d0:	4664      	mov	r4, ip
100038d2:	e7a9      	b.n	10003828 <VL53L0X_perform_ref_spad_management+0x36c>
100038d4:	4662      	mov	r2, ip
100038d6:	469c      	mov	ip, r3
100038d8:	0023      	movs	r3, r4
100038da:	0014      	movs	r4, r2
100038dc:	4662      	mov	r2, ip
100038de:	e7a3      	b.n	10003828 <VL53L0X_perform_ref_spad_management+0x36c>
100038e0:	9a09      	ldr	r2, [sp, #36]	@ 0x24
100038e2:	429a      	cmp	r2, r3
100038e4:	d312      	bcc.n	1000390c <VL53L0X_perform_ref_spad_management+0x450>
100038e6:	465b      	mov	r3, fp
100038e8:	6033      	str	r3, [r6, #0]
100038ea:	9b08      	ldr	r3, [sp, #32]
100038ec:	2201      	movs	r2, #1
100038ee:	703b      	strb	r3, [r7, #0]
100038f0:	2342      	movs	r3, #66	@ 0x42
100038f2:	33ff      	adds	r3, #255	@ 0xff
100038f4:	54ea      	strb	r2, [r5, r3]
100038f6:	2340      	movs	r3, #64	@ 0x40
100038f8:	6832      	ldr	r2, [r6, #0]
100038fa:	33ff      	adds	r3, #255	@ 0xff
100038fc:	54ea      	strb	r2, [r5, r3]
100038fe:	783a      	ldrb	r2, [r7, #0]
10003900:	3301      	adds	r3, #1
10003902:	54ea      	strb	r2, [r5, r3]
10003904:	e5f9      	b.n	100034fa <VL53L0X_perform_ref_spad_management+0x3e>
10003906:	9b07      	ldr	r3, [sp, #28]
10003908:	469b      	mov	fp, r3
1000390a:	e7ec      	b.n	100038e6 <VL53L0X_perform_ref_spad_management+0x42a>
1000390c:	2306      	movs	r3, #6
1000390e:	21b0      	movs	r1, #176	@ 0xb0
10003910:	aa0c      	add	r2, sp, #48	@ 0x30
10003912:	0028      	movs	r0, r5
10003914:	f7fc fe16 	bl	10000544 <VL53L0X_WriteMulti>
10003918:	4680      	mov	r8, r0
1000391a:	2206      	movs	r2, #6
1000391c:	9804      	ldr	r0, [sp, #16]
1000391e:	a90c      	add	r1, sp, #48	@ 0x30
10003920:	f002 f97c 	bl	10005c1c <__wrap___aeabi_memcpy>
10003924:	4643      	mov	r3, r8
10003926:	2b00      	cmp	r3, #0
10003928:	d0ed      	beq.n	10003906 <VL53L0X_perform_ref_spad_management+0x44a>
1000392a:	4644      	mov	r4, r8
1000392c:	e5e5      	b.n	100034fa <VL53L0X_perform_ref_spad_management+0x3e>
1000392e:	2300      	movs	r3, #0
10003930:	469b      	mov	fp, r3
10003932:	9308      	str	r3, [sp, #32]
10003934:	e7d7      	b.n	100038e6 <VL53L0X_perform_ref_spad_management+0x42a>
10003936:	0023      	movs	r3, r4
10003938:	2207      	movs	r2, #7
1000393a:	4664      	mov	r4, ip
1000393c:	e774      	b.n	10003828 <VL53L0X_perform_ref_spad_management+0x36c>
1000393e:	46c0      	nop			@ (mov r8, r8)
10003940:	2000128c 	.word	0x2000128c
10003944:	9b0b      	ldr	r3, [sp, #44]	@ 0x2c
10003946:	aa06      	add	r2, sp, #24
10003948:	4694      	mov	ip, r2
1000394a:	9305      	str	r3, [sp, #20]
1000394c:	2312      	movs	r3, #18
1000394e:	4463      	add	r3, ip
10003950:	0019      	movs	r1, r3
10003952:	0028      	movs	r0, r5
10003954:	f7ff fc14 	bl	10003180 <perform_ref_signal_measurement>
10003958:	2800      	cmp	r0, #0
1000395a:	d000      	beq.n	1000395e <VL53L0X_perform_ref_spad_management+0x4a2>
1000395c:	e70a      	b.n	10003774 <VL53L0X_perform_ref_spad_management+0x2b8>
1000395e:	ab06      	add	r3, sp, #24
10003960:	8a5b      	ldrh	r3, [r3, #18]
10003962:	4543      	cmp	r3, r8
10003964:	d802      	bhi.n	1000396c <VL53L0X_perform_ref_spad_management+0x4b0>
10003966:	2201      	movs	r2, #1
10003968:	9206      	str	r2, [sp, #24]
1000396a:	e707      	b.n	1000377c <VL53L0X_perform_ref_spad_management+0x2c0>
1000396c:	2301      	movs	r3, #1
1000396e:	9308      	str	r3, [sp, #32]
10003970:	e7b9      	b.n	100038e6 <VL53L0X_perform_ref_spad_management+0x42a>
10003972:	46c0      	nop			@ (mov r8, r8)

10003974 <gpio_set_function>:
10003974:	4a09      	ldr	r2, [pc, #36]	@ (1000399c <gpio_set_function+0x28>)
10003976:	0083      	lsls	r3, r0, #2
10003978:	189a      	adds	r2, r3, r2
1000397a:	b510      	push	{r4, lr}
1000397c:	6814      	ldr	r4, [r2, #0]
1000397e:	2240      	movs	r2, #64	@ 0x40
10003980:	4054      	eors	r4, r2
10003982:	3280      	adds	r2, #128	@ 0x80
10003984:	4022      	ands	r2, r4
10003986:	4c06      	ldr	r4, [pc, #24]	@ (100039a0 <gpio_set_function+0x2c>)
10003988:	00c0      	lsls	r0, r0, #3
1000398a:	46a4      	mov	ip, r4
1000398c:	4463      	add	r3, ip
1000398e:	601a      	str	r2, [r3, #0]
10003990:	4b04      	ldr	r3, [pc, #16]	@ (100039a4 <gpio_set_function+0x30>)
10003992:	469c      	mov	ip, r3
10003994:	4460      	add	r0, ip
10003996:	6041      	str	r1, [r0, #4]
10003998:	bd10      	pop	{r4, pc}
1000399a:	46c0      	nop			@ (mov r8, r8)
1000399c:	4001c004 	.word	0x4001c004
100039a0:	4001d004 	.word	0x4001d004
100039a4:	40014000 	.word	0x40014000

100039a8 <gpio_set_pulls>:
100039a8:	4b07      	ldr	r3, [pc, #28]	@ (100039c8 <gpio_set_pulls+0x20>)
100039aa:	0080      	lsls	r0, r0, #2
100039ac:	18c3      	adds	r3, r0, r3
100039ae:	681b      	ldr	r3, [r3, #0]
100039b0:	00c9      	lsls	r1, r1, #3
100039b2:	0092      	lsls	r2, r2, #2
100039b4:	430a      	orrs	r2, r1
100039b6:	405a      	eors	r2, r3
100039b8:	230c      	movs	r3, #12
100039ba:	4013      	ands	r3, r2
100039bc:	4a03      	ldr	r2, [pc, #12]	@ (100039cc <gpio_set_pulls+0x24>)
100039be:	4694      	mov	ip, r2
100039c0:	4460      	add	r0, ip
100039c2:	6003      	str	r3, [r0, #0]
100039c4:	4770      	bx	lr
100039c6:	46c0      	nop			@ (mov r8, r8)
100039c8:	4001c004 	.word	0x4001c004
100039cc:	4001d004 	.word	0x4001d004

100039d0 <rp2040_chip_version>:
100039d0:	2380      	movs	r3, #128	@ 0x80
100039d2:	05db      	lsls	r3, r3, #23
100039d4:	6818      	ldr	r0, [r3, #0]
100039d6:	0f00      	lsrs	r0, r0, #28
100039d8:	4770      	bx	lr
100039da:	46c0      	nop			@ (mov r8, r8)

100039dc <panic>:
100039dc:	b40f      	push	{r0, r1, r2, r3}
100039de:	b500      	push	{lr}
100039e0:	4808      	ldr	r0, [pc, #32]	@ (10003a04 <panic+0x28>)
100039e2:	b083      	sub	sp, #12
100039e4:	f003 ff6c 	bl	100078c0 <__wrap_puts>
100039e8:	9b04      	ldr	r3, [sp, #16]
100039ea:	2b00      	cmp	r3, #0
100039ec:	d007      	beq.n	100039fe <panic+0x22>
100039ee:	a905      	add	r1, sp, #20
100039f0:	0018      	movs	r0, r3
100039f2:	9101      	str	r1, [sp, #4]
100039f4:	f003 fd7a 	bl	100074ec <weak_raw_vprintf>
100039f8:	4803      	ldr	r0, [pc, #12]	@ (10003a08 <panic+0x2c>)
100039fa:	f003 ff61 	bl	100078c0 <__wrap_puts>
100039fe:	2001      	movs	r0, #1
10003a00:	f003 fd8c 	bl	1000751c <_exit>
10003a04:	1000a7e8 	.word	0x1000a7e8
10003a08:	1000a7f8 	.word	0x1000a7f8

10003a0c <hw_claim_or_assert>:
10003a0c:	b570      	push	{r4, r5, r6, lr}
10003a0e:	f3ef 8c10 	mrs	ip, PRIMASK
10003a12:	b672      	cpsid	i
10003a14:	4d0d      	ldr	r5, [pc, #52]	@ (10003a4c <hw_claim_or_assert+0x40>)
10003a16:	682b      	ldr	r3, [r5, #0]
10003a18:	2b00      	cmp	r3, #0
10003a1a:	d0fc      	beq.n	10003a16 <hw_claim_or_assert+0xa>
10003a1c:	f3bf 8f5f 	dmb	sy
10003a20:	2407      	movs	r4, #7
10003a22:	08cb      	lsrs	r3, r1, #3
10003a24:	18c6      	adds	r6, r0, r3
10003a26:	5cc0      	ldrb	r0, [r0, r3]
10003a28:	2301      	movs	r3, #1
10003a2a:	400c      	ands	r4, r1
10003a2c:	40a3      	lsls	r3, r4
10003a2e:	001c      	movs	r4, r3
10003a30:	4004      	ands	r4, r0
10003a32:	4203      	tst	r3, r0
10003a34:	d107      	bne.n	10003a46 <hw_claim_or_assert+0x3a>
10003a36:	4318      	orrs	r0, r3
10003a38:	7030      	strb	r0, [r6, #0]
10003a3a:	f3bf 8f5f 	dmb	sy
10003a3e:	602c      	str	r4, [r5, #0]
10003a40:	f38c 8810 	msr	PRIMASK, ip
10003a44:	bd70      	pop	{r4, r5, r6, pc}
10003a46:	0010      	movs	r0, r2
10003a48:	f7ff ffc8 	bl	100039dc <panic>
10003a4c:	d000012c 	.word	0xd000012c

10003a50 <hw_claim_unused_from_range>:
10003a50:	b5f8      	push	{r3, r4, r5, r6, r7, lr}
10003a52:	4647      	mov	r7, r8
10003a54:	46ce      	mov	lr, r9
10003a56:	4688      	mov	r8, r1
10003a58:	b580      	push	{r7, lr}
10003a5a:	f3ef 8c10 	mrs	ip, PRIMASK
10003a5e:	b672      	cpsid	i
10003a60:	4d1c      	ldr	r5, [pc, #112]	@ (10003ad4 <hw_claim_unused_from_range+0x84>)
10003a62:	682c      	ldr	r4, [r5, #0]
10003a64:	2c00      	cmp	r4, #0
10003a66:	d0fc      	beq.n	10003a62 <hw_claim_unused_from_range+0x12>
10003a68:	f3bf 8f5f 	dmb	sy
10003a6c:	429a      	cmp	r2, r3
10003a6e:	d822      	bhi.n	10003ab6 <hw_claim_unused_from_range+0x66>
10003a70:	2107      	movs	r1, #7
10003a72:	2601      	movs	r6, #1
10003a74:	4689      	mov	r9, r1
10003a76:	e002      	b.n	10003a7e <hw_claim_unused_from_range+0x2e>
10003a78:	3201      	adds	r2, #1
10003a7a:	4293      	cmp	r3, r2
10003a7c:	d318      	bcc.n	10003ab0 <hw_claim_unused_from_range+0x60>
10003a7e:	464d      	mov	r5, r9
10003a80:	0037      	movs	r7, r6
10003a82:	4015      	ands	r5, r2
10003a84:	40af      	lsls	r7, r5
10003a86:	08d4      	lsrs	r4, r2, #3
10003a88:	1901      	adds	r1, r0, r4
10003a8a:	5d04      	ldrb	r4, [r0, r4]
10003a8c:	4227      	tst	r7, r4
10003a8e:	d1f3      	bne.n	10003a78 <hw_claim_unused_from_range+0x28>
10003a90:	0010      	movs	r0, r2
10003a92:	433c      	orrs	r4, r7
10003a94:	700c      	strb	r4, [r1, #0]
10003a96:	f3bf 8f5f 	dmb	sy
10003a9a:	2200      	movs	r2, #0
10003a9c:	4b0d      	ldr	r3, [pc, #52]	@ (10003ad4 <hw_claim_unused_from_range+0x84>)
10003a9e:	601a      	str	r2, [r3, #0]
10003aa0:	f38c 8810 	msr	PRIMASK, ip
10003aa4:	2800      	cmp	r0, #0
10003aa6:	db0e      	blt.n	10003ac6 <hw_claim_unused_from_range+0x76>
10003aa8:	bcc0      	pop	{r6, r7}
10003aaa:	46b9      	mov	r9, r7
10003aac:	46b0      	mov	r8, r6
10003aae:	bdf8      	pop	{r3, r4, r5, r6, r7, pc}
10003ab0:	2001      	movs	r0, #1
10003ab2:	4240      	negs	r0, r0
10003ab4:	e7ef      	b.n	10003a96 <hw_claim_unused_from_range+0x46>
10003ab6:	f3bf 8f5f 	dmb	sy
10003aba:	2300      	movs	r3, #0
10003abc:	602b      	str	r3, [r5, #0]
10003abe:	f38c 8810 	msr	PRIMASK, ip
10003ac2:	2001      	movs	r0, #1
10003ac4:	4240      	negs	r0, r0
10003ac6:	4643      	mov	r3, r8
10003ac8:	2b00      	cmp	r3, #0
10003aca:	d0ed      	beq.n	10003aa8 <hw_claim_unused_from_range+0x58>
10003acc:	9808      	ldr	r0, [sp, #32]
10003ace:	f7ff ff85 	bl	100039dc <panic>
10003ad2:	46c0      	nop			@ (mov r8, r8)
10003ad4:	d000012c 	.word	0xd000012c

10003ad8 <next_striped_spin_lock_num>:
10003ad8:	4a04      	ldr	r2, [pc, #16]	@ (10003aec <next_striped_spin_lock_num+0x14>)
10003ada:	7810      	ldrb	r0, [r2, #0]
10003adc:	1c43      	adds	r3, r0, #1
10003ade:	b2db      	uxtb	r3, r3
10003ae0:	2b17      	cmp	r3, #23
10003ae2:	d900      	bls.n	10003ae6 <next_striped_spin_lock_num+0xe>
10003ae4:	2310      	movs	r3, #16
10003ae6:	7013      	strb	r3, [r2, #0]
10003ae8:	4770      	bx	lr
10003aea:	46c0      	nop			@ (mov r8, r8)
10003aec:	2000129c 	.word	0x2000129c

10003af0 <spin_lock_claim_unused>:
10003af0:	b510      	push	{r4, lr}
10003af2:	4b06      	ldr	r3, [pc, #24]	@ (10003b0c <spin_lock_claim_unused+0x1c>)
10003af4:	4c06      	ldr	r4, [pc, #24]	@ (10003b10 <spin_lock_claim_unused+0x20>)
10003af6:	b082      	sub	sp, #8
10003af8:	0001      	movs	r1, r0
10003afa:	9300      	str	r3, [sp, #0]
10003afc:	2218      	movs	r2, #24
10003afe:	231f      	movs	r3, #31
10003b00:	0020      	movs	r0, r4
10003b02:	f7ff ffa5 	bl	10003a50 <hw_claim_unused_from_range>
10003b06:	b002      	add	sp, #8
10003b08:	bd10      	pop	{r4, pc}
10003b0a:	46c0      	nop			@ (mov r8, r8)
10003b0c:	1000a7fc 	.word	0x1000a7fc
10003b10:	20001d90 	.word	0x20001d90

10003b14 <spin_locks_reset>:
10003b14:	2100      	movs	r1, #0
10003b16:	4b04      	ldr	r3, [pc, #16]	@ (10003b28 <spin_locks_reset+0x14>)
10003b18:	4a04      	ldr	r2, [pc, #16]	@ (10003b2c <spin_locks_reset+0x18>)
10003b1a:	f3bf 8f5f 	dmb	sy
10003b1e:	c302      	stmia	r3!, {r1}
10003b20:	4293      	cmp	r3, r2
10003b22:	d1fa      	bne.n	10003b1a <spin_locks_reset+0x6>
10003b24:	4770      	bx	lr
10003b26:	46c0      	nop			@ (mov r8, r8)
10003b28:	d0000100 	.word	0xd0000100
10003b2c:	d0000180 	.word	0xd0000180

10003b30 <runtime_init_per_core_irq_priorities>:
10003b30:	4b05      	ldr	r3, [pc, #20]	@ (10003b48 <runtime_init_per_core_irq_priorities+0x18>)
10003b32:	4a06      	ldr	r2, [pc, #24]	@ (10003b4c <runtime_init_per_core_irq_priorities+0x1c>)
10003b34:	6013      	str	r3, [r2, #0]
10003b36:	4a06      	ldr	r2, [pc, #24]	@ (10003b50 <runtime_init_per_core_irq_priorities+0x20>)
10003b38:	6013      	str	r3, [r2, #0]
10003b3a:	6053      	str	r3, [r2, #4]
10003b3c:	6093      	str	r3, [r2, #8]
10003b3e:	60d3      	str	r3, [r2, #12]
10003b40:	6113      	str	r3, [r2, #16]
10003b42:	6153      	str	r3, [r2, #20]
10003b44:	6193      	str	r3, [r2, #24]
10003b46:	4770      	bx	lr
10003b48:	80808080 	.word	0x80808080
10003b4c:	e000e400 	.word	0xe000e400
10003b50:	e000e404 	.word	0xe000e404

10003b54 <irq_set_enabled>:
10003b54:	231f      	movs	r3, #31
10003b56:	4018      	ands	r0, r3
10003b58:	3b1e      	subs	r3, #30
10003b5a:	4083      	lsls	r3, r0
10003b5c:	2900      	cmp	r1, #0
10003b5e:	d005      	beq.n	10003b6c <irq_set_enabled+0x18>
10003b60:	21c0      	movs	r1, #192	@ 0xc0
10003b62:	4a04      	ldr	r2, [pc, #16]	@ (10003b74 <irq_set_enabled+0x20>)
10003b64:	0049      	lsls	r1, r1, #1
10003b66:	5053      	str	r3, [r2, r1]
10003b68:	6013      	str	r3, [r2, #0]
10003b6a:	4770      	bx	lr
10003b6c:	2280      	movs	r2, #128	@ 0x80
10003b6e:	4901      	ldr	r1, [pc, #4]	@ (10003b74 <irq_set_enabled+0x20>)
10003b70:	508b      	str	r3, [r1, r2]
10003b72:	e7fa      	b.n	10003b6a <irq_set_enabled+0x16>
10003b74:	e000e100 	.word	0xe000e100

10003b78 <irq_is_enabled>:
10003b78:	2201      	movs	r2, #1
10003b7a:	4082      	lsls	r2, r0
10003b7c:	4b03      	ldr	r3, [pc, #12]	@ (10003b8c <irq_is_enabled+0x14>)
10003b7e:	681b      	ldr	r3, [r3, #0]
10003b80:	4013      	ands	r3, r2
10003b82:	1e5a      	subs	r2, r3, #1
10003b84:	4193      	sbcs	r3, r2
10003b86:	b2d8      	uxtb	r0, r3
10003b88:	4770      	bx	lr
10003b8a:	46c0      	nop			@ (mov r8, r8)
10003b8c:	e000e100 	.word	0xe000e100

10003b90 <irq_set_pending>:
10003b90:	2301      	movs	r3, #1
10003b92:	4083      	lsls	r3, r0
10003b94:	4a01      	ldr	r2, [pc, #4]	@ (10003b9c <irq_set_pending+0xc>)
10003b96:	6013      	str	r3, [r2, #0]
10003b98:	4770      	bx	lr
10003b9a:	46c0      	nop			@ (mov r8, r8)
10003b9c:	e000e200 	.word	0xe000e200

10003ba0 <irq_has_shared_handler>:
10003ba0:	4b06      	ldr	r3, [pc, #24]	@ (10003bbc <irq_has_shared_handler+0x1c>)
10003ba2:	3010      	adds	r0, #16
10003ba4:	689b      	ldr	r3, [r3, #8]
10003ba6:	0080      	lsls	r0, r0, #2
10003ba8:	58c3      	ldr	r3, [r0, r3]
10003baa:	4a05      	ldr	r2, [pc, #20]	@ (10003bc0 <irq_has_shared_handler+0x20>)
10003bac:	2000      	movs	r0, #0
10003bae:	1a9b      	subs	r3, r3, r2
10003bb0:	222f      	movs	r2, #47	@ 0x2f
10003bb2:	429a      	cmp	r2, r3
10003bb4:	4140      	adcs	r0, r0
10003bb6:	b2c0      	uxtb	r0, r0
10003bb8:	4770      	bx	lr
10003bba:	46c0      	nop			@ (mov r8, r8)
10003bbc:	e000ed00 	.word	0xe000ed00
10003bc0:	200012a0 	.word	0x200012a0

10003bc4 <irq_set_exclusive_handler>:
10003bc4:	b570      	push	{r4, r5, r6, lr}
10003bc6:	000d      	movs	r5, r1
10003bc8:	f3ef 8610 	mrs	r6, PRIMASK
10003bcc:	b672      	cpsid	i
10003bce:	4a0f      	ldr	r2, [pc, #60]	@ (10003c0c <irq_set_exclusive_handler+0x48>)
10003bd0:	6813      	ldr	r3, [r2, #0]
10003bd2:	2b00      	cmp	r3, #0
10003bd4:	d0fc      	beq.n	10003bd0 <irq_set_exclusive_handler+0xc>
10003bd6:	f3bf 8f5f 	dmb	sy
10003bda:	4b0d      	ldr	r3, [pc, #52]	@ (10003c10 <irq_set_exclusive_handler+0x4c>)
10003bdc:	3010      	adds	r0, #16
10003bde:	689b      	ldr	r3, [r3, #8]
10003be0:	0084      	lsls	r4, r0, #2
10003be2:	591b      	ldr	r3, [r3, r4]
10003be4:	4a0b      	ldr	r2, [pc, #44]	@ (10003c14 <irq_set_exclusive_handler+0x50>)
10003be6:	4293      	cmp	r3, r2
10003be8:	d003      	beq.n	10003bf2 <irq_set_exclusive_handler+0x2e>
10003bea:	429d      	cmp	r5, r3
10003bec:	d001      	beq.n	10003bf2 <irq_set_exclusive_handler+0x2e>
10003bee:	f001 f82f 	bl	10004c50 <hard_assertion_failure>
10003bf2:	4b07      	ldr	r3, [pc, #28]	@ (10003c10 <irq_set_exclusive_handler+0x4c>)
10003bf4:	689b      	ldr	r3, [r3, #8]
10003bf6:	511d      	str	r5, [r3, r4]
10003bf8:	f3bf 8f5f 	dmb	sy
10003bfc:	f3bf 8f5f 	dmb	sy
10003c00:	2200      	movs	r2, #0
10003c02:	4b02      	ldr	r3, [pc, #8]	@ (10003c0c <irq_set_exclusive_handler+0x48>)
10003c04:	601a      	str	r2, [r3, #0]
10003c06:	f386 8810 	msr	PRIMASK, r6
10003c0a:	bd70      	pop	{r4, r5, r6, pc}
10003c0c:	d0000124 	.word	0xd0000124
10003c10:	e000ed00 	.word	0xe000ed00
10003c14:	100001c1 	.word	0x100001c1

10003c18 <irq_add_shared_handler>:
10003c18:	b5f0      	push	{r4, r5, r6, r7, lr}
10003c1a:	4657      	mov	r7, sl
10003c1c:	464e      	mov	r6, r9
10003c1e:	46de      	mov	lr, fp
10003c20:	4645      	mov	r5, r8
10003c22:	b5e0      	push	{r5, r6, r7, lr}
10003c24:	b085      	sub	sp, #20
10003c26:	0006      	movs	r6, r0
10003c28:	9100      	str	r1, [sp, #0]
10003c2a:	0017      	movs	r7, r2
10003c2c:	f3ef 8b10 	mrs	fp, PRIMASK
10003c30:	b672      	cpsid	i
10003c32:	4a6a      	ldr	r2, [pc, #424]	@ (10003ddc <irq_add_shared_handler+0x1c4>)
10003c34:	6813      	ldr	r3, [r2, #0]
10003c36:	2b00      	cmp	r3, #0
10003c38:	d0fc      	beq.n	10003c34 <irq_add_shared_handler+0x1c>
10003c3a:	f3bf 8f5f 	dmb	sy
10003c3e:	2500      	movs	r5, #0
10003c40:	4b67      	ldr	r3, [pc, #412]	@ (10003de0 <irq_add_shared_handler+0x1c8>)
10003c42:	575d      	ldrsb	r5, [r3, r5]
10003c44:	469a      	mov	sl, r3
10003c46:	2d00      	cmp	r5, #0
10003c48:	da00      	bge.n	10003c4c <irq_add_shared_handler+0x34>
10003c4a:	e0a9      	b.n	10003da0 <irq_add_shared_handler+0x188>
10003c4c:	006b      	lsls	r3, r5, #1
10003c4e:	4c65      	ldr	r4, [pc, #404]	@ (10003de4 <irq_add_shared_handler+0x1cc>)
10003c50:	9301      	str	r3, [sp, #4]
10003c52:	195b      	adds	r3, r3, r5
10003c54:	009b      	lsls	r3, r3, #2
10003c56:	4698      	mov	r8, r3
10003c58:	46a1      	mov	r9, r4
10003c5a:	44c1      	add	r9, r8
10003c5c:	464b      	mov	r3, r9
10003c5e:	4652      	mov	r2, sl
10003c60:	799b      	ldrb	r3, [r3, #6]
10003c62:	3610      	adds	r6, #16
10003c64:	7013      	strb	r3, [r2, #0]
10003c66:	4b60      	ldr	r3, [pc, #384]	@ (10003de8 <irq_add_shared_handler+0x1d0>)
10003c68:	00b6      	lsls	r6, r6, #2
10003c6a:	689b      	ldr	r3, [r3, #8]
10003c6c:	5999      	ldr	r1, [r3, r6]
10003c6e:	1b0b      	subs	r3, r1, r4
10003c70:	2b2f      	cmp	r3, #47	@ 0x2f
10003c72:	d933      	bls.n	10003cdc <irq_add_shared_handler+0xc4>
10003c74:	4b5d      	ldr	r3, [pc, #372]	@ (10003dec <irq_add_shared_handler+0x1d4>)
10003c76:	4299      	cmp	r1, r3
10003c78:	d000      	beq.n	10003c7c <irq_add_shared_handler+0x64>
10003c7a:	e0ac      	b.n	10003dd6 <irq_add_shared_handler+0x1be>
10003c7c:	9b01      	ldr	r3, [sp, #4]
10003c7e:	4642      	mov	r2, r8
10003c80:	469c      	mov	ip, r3
10003c82:	4b5b      	ldr	r3, [pc, #364]	@ (10003df0 <irq_add_shared_handler+0x1d8>)
10003c84:	4465      	add	r5, ip
10003c86:	00ad      	lsls	r5, r5, #2
10003c88:	5363      	strh	r3, [r4, r5]
10003c8a:	4b5a      	ldr	r3, [pc, #360]	@ (10003df4 <irq_add_shared_handler+0x1dc>)
10003c8c:	3202      	adds	r2, #2
10003c8e:	18a2      	adds	r2, r4, r2
10003c90:	3b04      	subs	r3, #4
10003c92:	1a9b      	subs	r3, r3, r2
10003c94:	051b      	lsls	r3, r3, #20
10003c96:	4a58      	ldr	r2, [pc, #352]	@ (10003df8 <irq_add_shared_handler+0x1e0>)
10003c98:	0d5b      	lsrs	r3, r3, #21
10003c9a:	1965      	adds	r5, r4, r5
10003c9c:	4313      	orrs	r3, r2
10003c9e:	806b      	strh	r3, [r5, #2]
10003ca0:	4b56      	ldr	r3, [pc, #344]	@ (10003dfc <irq_add_shared_handler+0x1e4>)
10003ca2:	2101      	movs	r1, #1
10003ca4:	80ab      	strh	r3, [r5, #4]
10003ca6:	23ff      	movs	r3, #255	@ 0xff
10003ca8:	71ab      	strb	r3, [r5, #6]
10003caa:	9b00      	ldr	r3, [sp, #0]
10003cac:	71ef      	strb	r7, [r5, #7]
10003cae:	60ab      	str	r3, [r5, #8]
10003cb0:	464b      	mov	r3, r9
10003cb2:	430b      	orrs	r3, r1
10003cb4:	0019      	movs	r1, r3
10003cb6:	4b4c      	ldr	r3, [pc, #304]	@ (10003de8 <irq_add_shared_handler+0x1d0>)
10003cb8:	689b      	ldr	r3, [r3, #8]
10003cba:	5199      	str	r1, [r3, r6]
10003cbc:	f3bf 8f5f 	dmb	sy
10003cc0:	f3bf 8f5f 	dmb	sy
10003cc4:	2200      	movs	r2, #0
10003cc6:	4b45      	ldr	r3, [pc, #276]	@ (10003ddc <irq_add_shared_handler+0x1c4>)
10003cc8:	601a      	str	r2, [r3, #0]
10003cca:	f38b 8810 	msr	PRIMASK, fp
10003cce:	b005      	add	sp, #20
10003cd0:	bcf0      	pop	{r4, r5, r6, r7}
10003cd2:	46bb      	mov	fp, r7
10003cd4:	46b2      	mov	sl, r6
10003cd6:	46a9      	mov	r9, r5
10003cd8:	46a0      	mov	r8, r4
10003cda:	bdf0      	pop	{r4, r5, r6, r7, pc}
10003cdc:	2001      	movs	r0, #1
10003cde:	000a      	movs	r2, r1
10003ce0:	4382      	bics	r2, r0
10003ce2:	79d3      	ldrb	r3, [r2, #7]
10003ce4:	468c      	mov	ip, r1
10003ce6:	42bb      	cmp	r3, r7
10003ce8:	d831      	bhi.n	10003d4e <irq_add_shared_handler+0x136>
10003cea:	4645      	mov	r5, r8
10003cec:	0013      	movs	r3, r2
10003cee:	4944      	ldr	r1, [pc, #272]	@ (10003e00 <irq_add_shared_handler+0x1e8>)
10003cf0:	1b1b      	subs	r3, r3, r4
10003cf2:	415b      	adcs	r3, r3
10003cf4:	4359      	muls	r1, r3
10003cf6:	0d09      	lsrs	r1, r1, #20
10003cf8:	4b3d      	ldr	r3, [pc, #244]	@ (10003df0 <irq_add_shared_handler+0x1d8>)
10003cfa:	5363      	strh	r3, [r4, r5]
10003cfc:	4b3d      	ldr	r3, [pc, #244]	@ (10003df4 <irq_add_shared_handler+0x1dc>)
10003cfe:	3502      	adds	r5, #2
10003d00:	1965      	adds	r5, r4, r5
10003d02:	3b04      	subs	r3, #4
10003d04:	1b5b      	subs	r3, r3, r5
10003d06:	051b      	lsls	r3, r3, #20
10003d08:	4d3b      	ldr	r5, [pc, #236]	@ (10003df8 <irq_add_shared_handler+0x1e0>)
10003d0a:	0d5b      	lsrs	r3, r3, #21
10003d0c:	432b      	orrs	r3, r5
10003d0e:	46aa      	mov	sl, r5
10003d10:	464d      	mov	r5, r9
10003d12:	806b      	strh	r3, [r5, #2]
10003d14:	2504      	movs	r5, #4
10003d16:	46ac      	mov	ip, r5
10003d18:	4655      	mov	r5, sl
10003d1a:	44e0      	add	r8, ip
10003d1c:	1f13      	subs	r3, r2, #4
10003d1e:	4444      	add	r4, r8
10003d20:	1b1b      	subs	r3, r3, r4
10003d22:	051b      	lsls	r3, r3, #20
10003d24:	0d5b      	lsrs	r3, r3, #21
10003d26:	431d      	orrs	r5, r3
10003d28:	464b      	mov	r3, r9
10003d2a:	7199      	strb	r1, [r3, #6]
10003d2c:	9900      	ldr	r1, [sp, #0]
10003d2e:	809d      	strh	r5, [r3, #4]
10003d30:	6099      	str	r1, [r3, #8]
10003d32:	4649      	mov	r1, r9
10003d34:	71df      	strb	r7, [r3, #7]
10003d36:	4b33      	ldr	r3, [pc, #204]	@ (10003e04 <irq_add_shared_handler+0x1ec>)
10003d38:	4301      	orrs	r1, r0
10003d3a:	6013      	str	r3, [r2, #0]
10003d3c:	e7bb      	b.n	10003cb6 <irq_add_shared_handler+0x9e>
10003d3e:	0058      	lsls	r0, r3, #1
10003d40:	18c0      	adds	r0, r0, r3
10003d42:	0080      	lsls	r0, r0, #2
10003d44:	1820      	adds	r0, r4, r0
10003d46:	79c1      	ldrb	r1, [r0, #7]
10003d48:	42b9      	cmp	r1, r7
10003d4a:	d92f      	bls.n	10003dac <irq_add_shared_handler+0x194>
10003d4c:	0002      	movs	r2, r0
10003d4e:	2306      	movs	r3, #6
10003d50:	56d3      	ldrsb	r3, [r2, r3]
10003d52:	2b00      	cmp	r3, #0
10003d54:	daf3      	bge.n	10003d3e <irq_add_shared_handler+0x126>
10003d56:	9302      	str	r3, [sp, #8]
10003d58:	4b2b      	ldr	r3, [pc, #172]	@ (10003e08 <irq_add_shared_handler+0x1f0>)
10003d5a:	4661      	mov	r1, ip
10003d5c:	9303      	str	r3, [sp, #12]
10003d5e:	1d13      	adds	r3, r2, #4
10003d60:	469a      	mov	sl, r3
10003d62:	2304      	movs	r3, #4
10003d64:	425b      	negs	r3, r3
10003d66:	469c      	mov	ip, r3
10003d68:	44e1      	add	r9, ip
10003d6a:	4650      	mov	r0, sl
10003d6c:	464b      	mov	r3, r9
10003d6e:	1a1b      	subs	r3, r3, r0
10003d70:	051b      	lsls	r3, r3, #20
10003d72:	0d5b      	lsrs	r3, r3, #21
10003d74:	469c      	mov	ip, r3
10003d76:	4b20      	ldr	r3, [pc, #128]	@ (10003df8 <irq_add_shared_handler+0x1e0>)
10003d78:	7195      	strb	r5, [r2, #6]
10003d7a:	4698      	mov	r8, r3
10003d7c:	4663      	mov	r3, ip
10003d7e:	4640      	mov	r0, r8
10003d80:	4303      	orrs	r3, r0
10003d82:	8093      	strh	r3, [r2, #4]
10003d84:	9b01      	ldr	r3, [sp, #4]
10003d86:	195a      	adds	r2, r3, r5
10003d88:	0092      	lsls	r2, r2, #2
10003d8a:	9b03      	ldr	r3, [sp, #12]
10003d8c:	18a4      	adds	r4, r4, r2
10003d8e:	80a3      	strh	r3, [r4, #4]
10003d90:	9b02      	ldr	r3, [sp, #8]
10003d92:	4a1c      	ldr	r2, [pc, #112]	@ (10003e04 <irq_add_shared_handler+0x1ec>)
10003d94:	71a3      	strb	r3, [r4, #6]
10003d96:	9b00      	ldr	r3, [sp, #0]
10003d98:	6022      	str	r2, [r4, #0]
10003d9a:	71e7      	strb	r7, [r4, #7]
10003d9c:	60a3      	str	r3, [r4, #8]
10003d9e:	e78a      	b.n	10003cb6 <irq_add_shared_handler+0x9e>
10003da0:	f000 ff56 	bl	10004c50 <hard_assertion_failure>
10003da4:	2500      	movs	r5, #0
10003da6:	4653      	mov	r3, sl
10003da8:	575d      	ldrsb	r5, [r3, r5]
10003daa:	e74f      	b.n	10003c4c <irq_add_shared_handler+0x34>
10003dac:	8890      	ldrh	r0, [r2, #4]
10003dae:	9302      	str	r3, [sp, #8]
10003db0:	0540      	lsls	r0, r0, #21
10003db2:	1d13      	adds	r3, r2, #4
10003db4:	469a      	mov	sl, r3
10003db6:	1503      	asrs	r3, r0, #20
10003db8:	4661      	mov	r1, ip
10003dba:	469c      	mov	ip, r3
10003dbc:	4640      	mov	r0, r8
10003dbe:	44d4      	add	ip, sl
10003dc0:	4663      	mov	r3, ip
10003dc2:	3004      	adds	r0, #4
10003dc4:	1820      	adds	r0, r4, r0
10003dc6:	1a18      	subs	r0, r3, r0
10003dc8:	23e0      	movs	r3, #224	@ 0xe0
10003dca:	0500      	lsls	r0, r0, #20
10003dcc:	0d40      	lsrs	r0, r0, #21
10003dce:	021b      	lsls	r3, r3, #8
10003dd0:	4318      	orrs	r0, r3
10003dd2:	9003      	str	r0, [sp, #12]
10003dd4:	e7c5      	b.n	10003d62 <irq_add_shared_handler+0x14a>
10003dd6:	f000 ff3b 	bl	10004c50 <hard_assertion_failure>
10003dda:	e74f      	b.n	10003c7c <irq_add_shared_handler+0x64>
10003ddc:	d0000124 	.word	0xd0000124
10003de0:	200023e4 	.word	0x200023e4
10003de4:	200012a0 	.word	0x200012a0
10003de8:	e000ed00 	.word	0xe000ed00
10003dec:	100001c1 	.word	0x100001c1
10003df0:	ffffa100 	.word	0xffffa100
10003df4:	200012d0 	.word	0x200012d0
10003df8:	ffffe000 	.word	0xffffe000
10003dfc:	ffffbd01 	.word	0xffffbd01
10003e00:	0000aaaa 	.word	0x0000aaaa
10003e04:	47804801 	.word	0x47804801
10003e08:	0000bd01 	.word	0x0000bd01

10003e0c <irq_add_tail_to_free_list>:
10003e0c:	b570      	push	{r4, r5, r6, lr}
10003e0e:	2401      	movs	r4, #1
10003e10:	4304      	orrs	r4, r0
10003e12:	f3ef 8105 	mrs	r1, IPSR
10003e16:	f3ef 8c10 	mrs	ip, PRIMASK
10003e1a:	b672      	cpsid	i
10003e1c:	4a21      	ldr	r2, [pc, #132]	@ (10003ea4 <irq_add_tail_to_free_list+0x98>)
10003e1e:	6813      	ldr	r3, [r2, #0]
10003e20:	2b00      	cmp	r3, #0
10003e22:	d0fc      	beq.n	10003e1e <irq_add_tail_to_free_list+0x12>
10003e24:	f3bf 8f5f 	dmb	sy
10003e28:	4b1f      	ldr	r3, [pc, #124]	@ (10003ea8 <irq_add_tail_to_free_list+0x9c>)
10003e2a:	0005      	movs	r5, r0
10003e2c:	4a1f      	ldr	r2, [pc, #124]	@ (10003eac <irq_add_tail_to_free_list+0xa0>)
10003e2e:	1aed      	subs	r5, r5, r3
10003e30:	416d      	adcs	r5, r5
10003e32:	436a      	muls	r2, r5
10003e34:	0d12      	lsrs	r2, r2, #20
10003e36:	4d1e      	ldr	r5, [pc, #120]	@ (10003eb0 <irq_add_tail_to_free_list+0xa4>)
10003e38:	0089      	lsls	r1, r1, #2
10003e3a:	68ae      	ldr	r6, [r5, #8]
10003e3c:	b252      	sxtb	r2, r2
10003e3e:	5876      	ldr	r6, [r6, r1]
10003e40:	42a6      	cmp	r6, r4
10003e42:	d01c      	beq.n	10003e7e <irq_add_tail_to_free_list+0x72>
10003e44:	2106      	movs	r1, #6
10003e46:	5659      	ldrsb	r1, [r3, r1]
10003e48:	4291      	cmp	r1, r2
10003e4a:	d01c      	beq.n	10003e86 <irq_add_tail_to_free_list+0x7a>
10003e4c:	2112      	movs	r1, #18
10003e4e:	5659      	ldrsb	r1, [r3, r1]
10003e50:	4291      	cmp	r1, r2
10003e52:	d022      	beq.n	10003e9a <irq_add_tail_to_free_list+0x8e>
10003e54:	211e      	movs	r1, #30
10003e56:	5659      	ldrsb	r1, [r3, r1]
10003e58:	4291      	cmp	r1, r2
10003e5a:	d020      	beq.n	10003e9e <irq_add_tail_to_free_list+0x92>
10003e5c:	212a      	movs	r1, #42	@ 0x2a
10003e5e:	5659      	ldrsb	r1, [r3, r1]
10003e60:	2403      	movs	r4, #3
10003e62:	4291      	cmp	r1, r2
10003e64:	d010      	beq.n	10003e88 <irq_add_tail_to_free_list+0x7c>
10003e66:	4b13      	ldr	r3, [pc, #76]	@ (10003eb4 <irq_add_tail_to_free_list+0xa8>)
10003e68:	7819      	ldrb	r1, [r3, #0]
10003e6a:	701a      	strb	r2, [r3, #0]
10003e6c:	7181      	strb	r1, [r0, #6]
10003e6e:	f3bf 8f5f 	dmb	sy
10003e72:	2200      	movs	r2, #0
10003e74:	4b0b      	ldr	r3, [pc, #44]	@ (10003ea4 <irq_add_tail_to_free_list+0x98>)
10003e76:	601a      	str	r2, [r3, #0]
10003e78:	f38c 8810 	msr	PRIMASK, ip
10003e7c:	bd70      	pop	{r4, r5, r6, pc}
10003e7e:	68ab      	ldr	r3, [r5, #8]
10003e80:	4c0d      	ldr	r4, [pc, #52]	@ (10003eb8 <irq_add_tail_to_free_list+0xac>)
10003e82:	505c      	str	r4, [r3, r1]
10003e84:	e7ef      	b.n	10003e66 <irq_add_tail_to_free_list+0x5a>
10003e86:	2400      	movs	r4, #0
10003e88:	0061      	lsls	r1, r4, #1
10003e8a:	1909      	adds	r1, r1, r4
10003e8c:	0089      	lsls	r1, r1, #2
10003e8e:	185b      	adds	r3, r3, r1
10003e90:	21ff      	movs	r1, #255	@ 0xff
10003e92:	7199      	strb	r1, [r3, #6]
10003e94:	4909      	ldr	r1, [pc, #36]	@ (10003ebc <irq_add_tail_to_free_list+0xb0>)
10003e96:	8099      	strh	r1, [r3, #4]
10003e98:	e7e5      	b.n	10003e66 <irq_add_tail_to_free_list+0x5a>
10003e9a:	2401      	movs	r4, #1
10003e9c:	e7f4      	b.n	10003e88 <irq_add_tail_to_free_list+0x7c>
10003e9e:	2402      	movs	r4, #2
10003ea0:	e7f2      	b.n	10003e88 <irq_add_tail_to_free_list+0x7c>
10003ea2:	46c0      	nop			@ (mov r8, r8)
10003ea4:	d0000124 	.word	0xd0000124
10003ea8:	200012a0 	.word	0x200012a0
10003eac:	0000aaaa 	.word	0x0000aaaa
10003eb0:	e000ed00 	.word	0xe000ed00
10003eb4:	200023e4 	.word	0x200023e4
10003eb8:	100001c1 	.word	0x100001c1
10003ebc:	ffffbd01 	.word	0xffffbd01

10003ec0 <user_irq_claim_unused>:
10003ec0:	b510      	push	{r4, lr}
10003ec2:	4b08      	ldr	r3, [pc, #32]	@ (10003ee4 <user_irq_claim_unused+0x24>)
10003ec4:	4c08      	ldr	r4, [pc, #32]	@ (10003ee8 <user_irq_claim_unused+0x28>)
10003ec6:	b082      	sub	sp, #8
10003ec8:	0001      	movs	r1, r0
10003eca:	9300      	str	r3, [sp, #0]
10003ecc:	2200      	movs	r2, #0
10003ece:	2305      	movs	r3, #5
10003ed0:	0020      	movs	r0, r4
10003ed2:	f7ff fdbd 	bl	10003a50 <hw_claim_unused_from_range>
10003ed6:	2800      	cmp	r0, #0
10003ed8:	db01      	blt.n	10003ede <user_irq_claim_unused+0x1e>
10003eda:	231f      	movs	r3, #31
10003edc:	1a18      	subs	r0, r3, r0
10003ede:	b002      	add	sp, #8
10003ee0:	bd10      	pop	{r4, pc}
10003ee2:	46c0      	nop			@ (mov r8, r8)
10003ee4:	1000a818 	.word	0x1000a818
10003ee8:	200023e8 	.word	0x200023e8

10003eec <lock_init>:
10003eec:	4b02      	ldr	r3, [pc, #8]	@ (10003ef8 <lock_init+0xc>)
10003eee:	469c      	mov	ip, r3
10003ef0:	4461      	add	r1, ip
10003ef2:	0089      	lsls	r1, r1, #2
10003ef4:	6001      	str	r1, [r0, #0]
10003ef6:	4770      	bx	lr
10003ef8:	34000040 	.word	0x34000040

10003efc <runtime_init_mutex>:
10003efc:	b570      	push	{r4, r5, r6, lr}
10003efe:	4c11      	ldr	r4, [pc, #68]	@ (10003f44 <runtime_init_mutex+0x48>)
10003f00:	4d11      	ldr	r5, [pc, #68]	@ (10003f48 <runtime_init_mutex+0x4c>)
10003f02:	42ac      	cmp	r4, r5
10003f04:	d20f      	bcs.n	10003f26 <runtime_init_mutex+0x2a>
10003f06:	26ff      	movs	r6, #255	@ 0xff
10003f08:	6823      	ldr	r3, [r4, #0]
10003f0a:	2b00      	cmp	r3, #0
10003f0c:	d00c      	beq.n	10003f28 <runtime_init_mutex+0x2c>
10003f0e:	f7ff fde3 	bl	10003ad8 <next_striped_spin_lock_num>
10003f12:	0001      	movs	r1, r0
10003f14:	0020      	movs	r0, r4
10003f16:	f7ff ffe9 	bl	10003eec <lock_init>
10003f1a:	80a6      	strh	r6, [r4, #4]
10003f1c:	f3bf 8f5f 	dmb	sy
10003f20:	3408      	adds	r4, #8
10003f22:	42ac      	cmp	r4, r5
10003f24:	d3f0      	bcc.n	10003f08 <runtime_init_mutex+0xc>
10003f26:	bd70      	pop	{r4, r5, r6, pc}
10003f28:	f7ff fdd6 	bl	10003ad8 <next_striped_spin_lock_num>
10003f2c:	0001      	movs	r1, r0
10003f2e:	0020      	movs	r0, r4
10003f30:	f7ff ffdc 	bl	10003eec <lock_init>
10003f34:	7126      	strb	r6, [r4, #4]
10003f36:	f3bf 8f5f 	dmb	sy
10003f3a:	3408      	adds	r4, #8
10003f3c:	42ac      	cmp	r4, r5
10003f3e:	d3e3      	bcc.n	10003f08 <runtime_init_mutex+0xc>
10003f40:	e7f1      	b.n	10003f26 <runtime_init_mutex+0x2a>
10003f42:	46c0      	nop			@ (mov r8, r8)
10003f44:	20001360 	.word	0x20001360
10003f48:	20001368 	.word	0x20001368

10003f4c <mutex_init>:
10003f4c:	b510      	push	{r4, lr}
10003f4e:	0004      	movs	r4, r0
10003f50:	f7ff fdc2 	bl	10003ad8 <next_striped_spin_lock_num>
10003f54:	0001      	movs	r1, r0
10003f56:	0020      	movs	r0, r4
10003f58:	f7ff ffc8 	bl	10003eec <lock_init>
10003f5c:	23ff      	movs	r3, #255	@ 0xff
10003f5e:	7123      	strb	r3, [r4, #4]
10003f60:	f3bf 8f5f 	dmb	sy
10003f64:	bd10      	pop	{r4, pc}
10003f66:	46c0      	nop			@ (mov r8, r8)

10003f68 <critical_section_init>:
10003f68:	b510      	push	{r4, lr}
10003f6a:	0004      	movs	r4, r0
10003f6c:	2001      	movs	r0, #1
10003f6e:	f7ff fdbf 	bl	10003af0 <spin_lock_claim_unused>
10003f72:	4b03      	ldr	r3, [pc, #12]	@ (10003f80 <critical_section_init+0x18>)
10003f74:	18c3      	adds	r3, r0, r3
10003f76:	009b      	lsls	r3, r3, #2
10003f78:	6023      	str	r3, [r4, #0]
10003f7a:	f3bf 8f5f 	dmb	sy
10003f7e:	bd10      	pop	{r4, pc}
10003f80:	34000040 	.word	0x34000040

10003f84 <critical_section_init_with_lock_num>:
10003f84:	4b03      	ldr	r3, [pc, #12]	@ (10003f94 <critical_section_init_with_lock_num+0x10>)
10003f86:	469c      	mov	ip, r3
10003f88:	4461      	add	r1, ip
10003f8a:	0089      	lsls	r1, r1, #2
10003f8c:	6001      	str	r1, [r0, #0]
10003f8e:	f3bf 8f5f 	dmb	sy
10003f92:	4770      	bx	lr
10003f94:	34000040 	.word	0x34000040

10003f98 <sleep_until_callback>:
10003f98:	4b0a      	ldr	r3, [pc, #40]	@ (10003fc4 <sleep_until_callback+0x2c>)
10003f9a:	6819      	ldr	r1, [r3, #0]
10003f9c:	f3ef 8010 	mrs	r0, PRIMASK
10003fa0:	b672      	cpsid	i
10003fa2:	680a      	ldr	r2, [r1, #0]
10003fa4:	2a00      	cmp	r2, #0
10003fa6:	d0fc      	beq.n	10003fa2 <sleep_until_callback+0xa>
10003fa8:	f3bf 8f5f 	dmb	sy
10003fac:	681b      	ldr	r3, [r3, #0]
10003fae:	f3bf 8f5f 	dmb	sy
10003fb2:	2200      	movs	r2, #0
10003fb4:	601a      	str	r2, [r3, #0]
10003fb6:	f380 8810 	msr	PRIMASK, r0
10003fba:	bf40      	sev
10003fbc:	2000      	movs	r0, #0
10003fbe:	2100      	movs	r1, #0
10003fc0:	4770      	bx	lr
10003fc2:	46c0      	nop			@ (mov r8, r8)
10003fc4:	2000223c 	.word	0x2000223c

10003fc8 <alarm_pool_irq_handler>:
10003fc8:	b5f0      	push	{r4, r5, r6, r7, lr}
10003fca:	46de      	mov	lr, fp
10003fcc:	4657      	mov	r7, sl
10003fce:	464e      	mov	r6, r9
10003fd0:	4645      	mov	r5, r8
10003fd2:	b5e0      	push	{r5, r6, r7, lr}
10003fd4:	b087      	sub	sp, #28
10003fd6:	f3ef 8305 	mrs	r3, IPSR
10003fda:	2203      	movs	r2, #3
10003fdc:	2501      	movs	r5, #1
10003fde:	401a      	ands	r2, r3
10003fe0:	4095      	lsls	r5, r2
10003fe2:	0091      	lsls	r1, r2, #2
10003fe4:	4688      	mov	r8, r1
10003fe6:	46a9      	mov	r9, r5
10003fe8:	4bb1      	ldr	r3, [pc, #708]	@ (100042b0 <alarm_pool_irq_handler+0x2e8>)
10003fea:	9203      	str	r2, [sp, #12]
10003fec:	585c      	ldr	r4, [r3, r1]
10003fee:	4bb1      	ldr	r3, [pc, #708]	@ (100042b4 <alarm_pool_irq_handler+0x2ec>)
10003ff0:	601d      	str	r5, [r3, #0]
10003ff2:	4bb1      	ldr	r3, [pc, #708]	@ (100042b8 <alarm_pool_irq_handler+0x2f0>)
10003ff4:	9304      	str	r3, [sp, #16]
10003ff6:	464b      	mov	r3, r9
10003ff8:	48b0      	ldr	r0, [pc, #704]	@ (100042bc <alarm_pool_irq_handler+0x2f4>)
10003ffa:	6343      	str	r3, [r0, #52]	@ 0x34
10003ffc:	2308      	movs	r3, #8
10003ffe:	5ee5      	ldrsh	r5, [r4, r3]
10004000:	2d00      	cmp	r5, #0
10004002:	da37      	bge.n	10004074 <alarm_pool_irq_handler+0xac>
10004004:	88a3      	ldrh	r3, [r4, #4]
10004006:	b21b      	sxth	r3, r3
10004008:	2b00      	cmp	r3, #0
1000400a:	db00      	blt.n	1000400e <alarm_pool_irq_handler+0x46>
1000400c:	e0ad      	b.n	1000416a <alarm_pool_irq_handler+0x1a2>
1000400e:	79a3      	ldrb	r3, [r4, #6]
10004010:	2b00      	cmp	r3, #0
10004012:	d000      	beq.n	10004016 <alarm_pool_irq_handler+0x4e>
10004014:	e0ee      	b.n	100041f4 <alarm_pool_irq_handler+0x22c>
10004016:	2308      	movs	r3, #8
10004018:	5ee1      	ldrsh	r1, [r4, r3]
1000401a:	2900      	cmp	r1, #0
1000401c:	db20      	blt.n	10004060 <alarm_pool_irq_handler+0x98>
1000401e:	004b      	lsls	r3, r1, #1
10004020:	6962      	ldr	r2, [r4, #20]
10004022:	185b      	adds	r3, r3, r1
10004024:	00db      	lsls	r3, r3, #3
10004026:	18d3      	adds	r3, r2, r3
10004028:	689e      	ldr	r6, [r3, #8]
1000402a:	68dd      	ldr	r5, [r3, #12]
1000402c:	1c73      	adds	r3, r6, #1
1000402e:	d100      	bne.n	10004032 <alarm_pool_irq_handler+0x6a>
10004030:	e10d      	b.n	1000424e <alarm_pool_irq_handler+0x286>
10004032:	48a2      	ldr	r0, [pc, #648]	@ (100042bc <alarm_pool_irq_handler+0x2f4>)
10004034:	0001      	movs	r1, r0
10004036:	4441      	add	r1, r8
10004038:	6a82      	ldr	r2, [r0, #40]	@ 0x28
1000403a:	690b      	ldr	r3, [r1, #16]
1000403c:	1ab7      	subs	r7, r6, r2
1000403e:	1a9b      	subs	r3, r3, r2
10004040:	429f      	cmp	r7, r3
10004042:	d315      	bcc.n	10004070 <alarm_pool_irq_handler+0xa8>
10004044:	2301      	movs	r3, #1
10004046:	6a02      	ldr	r2, [r0, #32]
10004048:	9803      	ldr	r0, [sp, #12]
1000404a:	4083      	lsls	r3, r0
1000404c:	421a      	tst	r2, r3
1000404e:	d00f      	beq.n	10004070 <alarm_pool_irq_handler+0xa8>
10004050:	489a      	ldr	r0, [pc, #616]	@ (100042bc <alarm_pool_irq_handler+0x2f4>)
10004052:	f000 fbb1 	bl	100047b8 <timer_time_us_64>
10004056:	428d      	cmp	r5, r1
10004058:	dc02      	bgt.n	10004060 <alarm_pool_irq_handler+0x98>
1000405a:	d1cc      	bne.n	10003ff6 <alarm_pool_irq_handler+0x2e>
1000405c:	4286      	cmp	r6, r0
1000405e:	d9ca      	bls.n	10003ff6 <alarm_pool_irq_handler+0x2e>
10004060:	bf40      	sev
10004062:	b007      	add	sp, #28
10004064:	bcf0      	pop	{r4, r5, r6, r7}
10004066:	46bb      	mov	fp, r7
10004068:	46b2      	mov	sl, r6
1000406a:	46a9      	mov	r9, r5
1000406c:	46a0      	mov	r8, r4
1000406e:	bdf0      	pop	{r4, r5, r6, r7, pc}
10004070:	610e      	str	r6, [r1, #16]
10004072:	e7ed      	b.n	10004050 <alarm_pool_irq_handler+0x88>
10004074:	6962      	ldr	r2, [r4, #20]
10004076:	006b      	lsls	r3, r5, #1
10004078:	4692      	mov	sl, r2
1000407a:	195b      	adds	r3, r3, r5
1000407c:	00db      	lsls	r3, r3, #3
1000407e:	449a      	add	sl, r3
10004080:	4653      	mov	r3, sl
10004082:	689e      	ldr	r6, [r3, #8]
10004084:	68df      	ldr	r7, [r3, #12]
10004086:	f000 fb97 	bl	100047b8 <timer_time_us_64>
1000408a:	428f      	cmp	r7, r1
1000408c:	dcba      	bgt.n	10004004 <alarm_pool_irq_handler+0x3c>
1000408e:	d100      	bne.n	10004092 <alarm_pool_irq_handler+0xca>
10004090:	e0ff      	b.n	10004292 <alarm_pool_irq_handler+0x2ca>
10004092:	2f00      	cmp	r7, #0
10004094:	da00      	bge.n	10004098 <alarm_pool_irq_handler+0xd0>
10004096:	e0e4      	b.n	10004262 <alarm_pool_irq_handler+0x29a>
10004098:	4652      	mov	r2, sl
1000409a:	4653      	mov	r3, sl
1000409c:	6952      	ldr	r2, [r2, #20]
1000409e:	691b      	ldr	r3, [r3, #16]
100040a0:	4693      	mov	fp, r2
100040a2:	9a04      	ldr	r2, [sp, #16]
100040a4:	4293      	cmp	r3, r2
100040a6:	d100      	bne.n	100040aa <alarm_pool_irq_handler+0xe2>
100040a8:	e0d5      	b.n	10004256 <alarm_pool_irq_handler+0x28e>
100040aa:	4652      	mov	r2, sl
100040ac:	2108      	movs	r1, #8
100040ae:	5e60      	ldrsh	r0, [r4, r1]
100040b0:	8852      	ldrh	r2, [r2, #2]
100040b2:	0400      	lsls	r0, r0, #16
100040b4:	4659      	mov	r1, fp
100040b6:	4310      	orrs	r0, r2
100040b8:	4798      	blx	r3
100040ba:	9000      	str	r0, [sp, #0]
100040bc:	9101      	str	r1, [sp, #4]
100040be:	9900      	ldr	r1, [sp, #0]
100040c0:	9a01      	ldr	r2, [sp, #4]
100040c2:	000b      	movs	r3, r1
100040c4:	0010      	movs	r0, r2
100040c6:	4313      	orrs	r3, r2
100040c8:	d100      	bne.n	100040cc <alarm_pool_irq_handler+0x104>
100040ca:	e0ca      	b.n	10004262 <alarm_pool_irq_handler+0x29a>
100040cc:	0013      	movs	r3, r2
100040ce:	000a      	movs	r2, r1
100040d0:	1ab6      	subs	r6, r6, r2
100040d2:	419f      	sbcs	r7, r3
100040d4:	2800      	cmp	r0, #0
100040d6:	db06      	blt.n	100040e6 <alarm_pool_irq_handler+0x11e>
100040d8:	4878      	ldr	r0, [pc, #480]	@ (100042bc <alarm_pool_irq_handler+0x2f4>)
100040da:	f000 fb6d 	bl	100047b8 <timer_time_us_64>
100040de:	9e00      	ldr	r6, [sp, #0]
100040e0:	9f01      	ldr	r7, [sp, #4]
100040e2:	1836      	adds	r6, r6, r0
100040e4:	414f      	adcs	r7, r1
100040e6:	4653      	mov	r3, sl
100040e8:	609e      	str	r6, [r3, #8]
100040ea:	60df      	str	r7, [r3, #12]
100040ec:	2200      	movs	r2, #0
100040ee:	5e9a      	ldrsh	r2, [r3, r2]
100040f0:	2a00      	cmp	r2, #0
100040f2:	da00      	bge.n	100040f6 <alarm_pool_irq_handler+0x12e>
100040f4:	e786      	b.n	10004004 <alarm_pool_irq_handler+0x3c>
100040f6:	0053      	lsls	r3, r2, #1
100040f8:	1899      	adds	r1, r3, r2
100040fa:	6960      	ldr	r0, [r4, #20]
100040fc:	00c9      	lsls	r1, r1, #3
100040fe:	1841      	adds	r1, r0, r1
10004100:	9302      	str	r3, [sp, #8]
10004102:	688b      	ldr	r3, [r1, #8]
10004104:	68c9      	ldr	r1, [r1, #12]
10004106:	469b      	mov	fp, r3
10004108:	42b9      	cmp	r1, r7
1000410a:	dd00      	ble.n	1000410e <alarm_pool_irq_handler+0x146>
1000410c:	e77a      	b.n	10004004 <alarm_pool_irq_handler+0x3c>
1000410e:	d102      	bne.n	10004116 <alarm_pool_irq_handler+0x14e>
10004110:	42b3      	cmp	r3, r6
10004112:	d900      	bls.n	10004116 <alarm_pool_irq_handler+0x14e>
10004114:	e776      	b.n	10004004 <alarm_pool_irq_handler+0x3c>
10004116:	2308      	movs	r3, #8
10004118:	469c      	mov	ip, r3
1000411a:	44a4      	add	ip, r4
1000411c:	9505      	str	r5, [sp, #20]
1000411e:	4665      	mov	r5, ip
10004120:	8122      	strh	r2, [r4, #8]
10004122:	46a4      	mov	ip, r4
10004124:	9b02      	ldr	r3, [sp, #8]
10004126:	002c      	movs	r4, r5
10004128:	e006      	b.n	10004138 <alarm_pool_irq_handler+0x170>
1000412a:	0053      	lsls	r3, r2, #1
1000412c:	1899      	adds	r1, r3, r2
1000412e:	00c9      	lsls	r1, r1, #3
10004130:	1841      	adds	r1, r0, r1
10004132:	688d      	ldr	r5, [r1, #8]
10004134:	68c9      	ldr	r1, [r1, #12]
10004136:	46ab      	mov	fp, r5
10004138:	189b      	adds	r3, r3, r2
1000413a:	00db      	lsls	r3, r3, #3
1000413c:	18c3      	adds	r3, r0, r3
1000413e:	42b9      	cmp	r1, r7
10004140:	dc06      	bgt.n	10004150 <alarm_pool_irq_handler+0x188>
10004142:	d100      	bne.n	10004146 <alarm_pool_irq_handler+0x17e>
10004144:	e0af      	b.n	100042a6 <alarm_pool_irq_handler+0x2de>
10004146:	001c      	movs	r4, r3
10004148:	2300      	movs	r3, #0
1000414a:	5ee2      	ldrsh	r2, [r4, r3]
1000414c:	2a00      	cmp	r2, #0
1000414e:	daec      	bge.n	1000412a <alarm_pool_irq_handler+0x162>
10004150:	0023      	movs	r3, r4
10004152:	4664      	mov	r4, ip
10004154:	469c      	mov	ip, r3
10004156:	4653      	mov	r3, sl
10004158:	801a      	strh	r2, [r3, #0]
1000415a:	4663      	mov	r3, ip
1000415c:	9d05      	ldr	r5, [sp, #20]
1000415e:	801d      	strh	r5, [r3, #0]
10004160:	88a3      	ldrh	r3, [r4, #4]
10004162:	b21b      	sxth	r3, r3
10004164:	2b00      	cmp	r3, #0
10004166:	da00      	bge.n	1000416a <alarm_pool_irq_handler+0x1a2>
10004168:	e751      	b.n	1000400e <alarm_pool_irq_handler+0x46>
1000416a:	6922      	ldr	r2, [r4, #16]
1000416c:	f3ef 8110 	mrs	r1, PRIMASK
10004170:	b672      	cpsid	i
10004172:	6813      	ldr	r3, [r2, #0]
10004174:	2b00      	cmp	r3, #0
10004176:	d0fc      	beq.n	10004172 <alarm_pool_irq_handler+0x1aa>
10004178:	f3bf 8f5f 	dmb	sy
1000417c:	2301      	movs	r3, #1
1000417e:	88a7      	ldrh	r7, [r4, #4]
10004180:	425b      	negs	r3, r3
10004182:	80a3      	strh	r3, [r4, #4]
10004184:	b23f      	sxth	r7, r7
10004186:	6923      	ldr	r3, [r4, #16]
10004188:	f3bf 8f5f 	dmb	sy
1000418c:	2200      	movs	r2, #0
1000418e:	601a      	str	r2, [r3, #0]
10004190:	f381 8810 	msr	PRIMASK, r1
10004194:	2f00      	cmp	r7, #0
10004196:	da00      	bge.n	1000419a <alarm_pool_irq_handler+0x1d2>
10004198:	e739      	b.n	1000400e <alarm_pool_irq_handler+0x46>
1000419a:	0023      	movs	r3, r4
1000419c:	3308      	adds	r3, #8
1000419e:	0022      	movs	r2, r4
100041a0:	469a      	mov	sl, r3
100041a2:	6966      	ldr	r6, [r4, #20]
100041a4:	007b      	lsls	r3, r7, #1
100041a6:	19db      	adds	r3, r3, r7
100041a8:	00db      	lsls	r3, r3, #3
100041aa:	18f3      	adds	r3, r6, r3
100041ac:	6899      	ldr	r1, [r3, #8]
100041ae:	4650      	mov	r0, sl
100041b0:	468c      	mov	ip, r1
100041b2:	2408      	movs	r4, #8
100041b4:	5f11      	ldrsh	r1, [r2, r4]
100041b6:	68dd      	ldr	r5, [r3, #12]
100041b8:	2900      	cmp	r1, #0
100041ba:	db10      	blt.n	100041de <alarm_pool_irq_handler+0x216>
100041bc:	9302      	str	r3, [sp, #8]
100041be:	e006      	b.n	100041ce <alarm_pool_irq_handler+0x206>
100041c0:	42ab      	cmp	r3, r5
100041c2:	d040      	beq.n	10004246 <alarm_pool_irq_handler+0x27e>
100041c4:	2300      	movs	r3, #0
100041c6:	5ee1      	ldrsh	r1, [r4, r3]
100041c8:	0020      	movs	r0, r4
100041ca:	2900      	cmp	r1, #0
100041cc:	db06      	blt.n	100041dc <alarm_pool_irq_handler+0x214>
100041ce:	004c      	lsls	r4, r1, #1
100041d0:	1864      	adds	r4, r4, r1
100041d2:	00e4      	lsls	r4, r4, #3
100041d4:	1934      	adds	r4, r6, r4
100041d6:	68e3      	ldr	r3, [r4, #12]
100041d8:	42ab      	cmp	r3, r5
100041da:	ddf1      	ble.n	100041c0 <alarm_pool_irq_handler+0x1f8>
100041dc:	9b02      	ldr	r3, [sp, #8]
100041de:	8007      	strh	r7, [r0, #0]
100041e0:	2000      	movs	r0, #0
100041e2:	5e1f      	ldrsh	r7, [r3, r0]
100041e4:	8019      	strh	r1, [r3, #0]
100041e6:	2f00      	cmp	r7, #0
100041e8:	dadc      	bge.n	100041a4 <alarm_pool_irq_handler+0x1dc>
100041ea:	0014      	movs	r4, r2
100041ec:	79a3      	ldrb	r3, [r4, #6]
100041ee:	2b00      	cmp	r3, #0
100041f0:	d100      	bne.n	100041f4 <alarm_pool_irq_handler+0x22c>
100041f2:	e710      	b.n	10004016 <alarm_pool_irq_handler+0x4e>
100041f4:	2300      	movs	r3, #0
100041f6:	71a3      	strb	r3, [r4, #6]
100041f8:	0026      	movs	r6, r4
100041fa:	2308      	movs	r3, #8
100041fc:	5ee1      	ldrsh	r1, [r4, r3]
100041fe:	3608      	adds	r6, #8
10004200:	1c4b      	adds	r3, r1, #1
10004202:	d100      	bne.n	10004206 <alarm_pool_irq_handler+0x23e>
10004204:	e72c      	b.n	10004060 <alarm_pool_irq_handler+0x98>
10004206:	46b4      	mov	ip, r6
10004208:	6965      	ldr	r5, [r4, #20]
1000420a:	e003      	b.n	10004214 <alarm_pool_irq_handler+0x24c>
1000420c:	4684      	mov	ip, r0
1000420e:	1c4b      	adds	r3, r1, #1
10004210:	d100      	bne.n	10004214 <alarm_pool_irq_handler+0x24c>
10004212:	e700      	b.n	10004016 <alarm_pool_irq_handler+0x4e>
10004214:	004b      	lsls	r3, r1, #1
10004216:	185b      	adds	r3, r3, r1
10004218:	00db      	lsls	r3, r3, #3
1000421a:	18e8      	adds	r0, r5, r3
1000421c:	000a      	movs	r2, r1
1000421e:	5ee9      	ldrsh	r1, [r5, r3]
10004220:	8843      	ldrh	r3, [r0, #2]
10004222:	b21b      	sxth	r3, r3
10004224:	2b00      	cmp	r3, #0
10004226:	daf1      	bge.n	1000420c <alarm_pool_irq_handler+0x244>
10004228:	2601      	movs	r6, #1
1000422a:	4276      	negs	r6, r6
1000422c:	17f7      	asrs	r7, r6, #31
1000422e:	6086      	str	r6, [r0, #8]
10004230:	60c7      	str	r7, [r0, #12]
10004232:	2608      	movs	r6, #8
10004234:	5fa3      	ldrsh	r3, [r4, r6]
10004236:	4293      	cmp	r3, r2
10004238:	d0e9      	beq.n	1000420e <alarm_pool_irq_handler+0x246>
1000423a:	4663      	mov	r3, ip
1000423c:	8019      	strh	r1, [r3, #0]
1000423e:	8923      	ldrh	r3, [r4, #8]
10004240:	8003      	strh	r3, [r0, #0]
10004242:	8122      	strh	r2, [r4, #8]
10004244:	e7e3      	b.n	1000420e <alarm_pool_irq_handler+0x246>
10004246:	68a3      	ldr	r3, [r4, #8]
10004248:	4563      	cmp	r3, ip
1000424a:	d9bb      	bls.n	100041c4 <alarm_pool_irq_handler+0x1fc>
1000424c:	e7c6      	b.n	100041dc <alarm_pool_irq_handler+0x214>
1000424e:	1c6b      	adds	r3, r5, #1
10004250:	d000      	beq.n	10004254 <alarm_pool_irq_handler+0x28c>
10004252:	e6ee      	b.n	10004032 <alarm_pool_irq_handler+0x6a>
10004254:	e6fc      	b.n	10004050 <alarm_pool_irq_handler+0x88>
10004256:	465b      	mov	r3, fp
10004258:	4658      	mov	r0, fp
1000425a:	691b      	ldr	r3, [r3, #16]
1000425c:	4798      	blx	r3
1000425e:	2800      	cmp	r0, #0
10004260:	d11b      	bne.n	1000429a <alarm_pool_irq_handler+0x2d2>
10004262:	4653      	mov	r3, sl
10004264:	881b      	ldrh	r3, [r3, #0]
10004266:	6922      	ldr	r2, [r4, #16]
10004268:	8123      	strh	r3, [r4, #8]
1000426a:	f3ef 8310 	mrs	r3, PRIMASK
1000426e:	b672      	cpsid	i
10004270:	6811      	ldr	r1, [r2, #0]
10004272:	2900      	cmp	r1, #0
10004274:	d0fc      	beq.n	10004270 <alarm_pool_irq_handler+0x2a8>
10004276:	f3bf 8f5f 	dmb	sy
1000427a:	4651      	mov	r1, sl
1000427c:	8862      	ldrh	r2, [r4, #2]
1000427e:	800a      	strh	r2, [r1, #0]
10004280:	6922      	ldr	r2, [r4, #16]
10004282:	8065      	strh	r5, [r4, #2]
10004284:	f3bf 8f5f 	dmb	sy
10004288:	2100      	movs	r1, #0
1000428a:	6011      	str	r1, [r2, #0]
1000428c:	f383 8810 	msr	PRIMASK, r3
10004290:	e6b8      	b.n	10004004 <alarm_pool_irq_handler+0x3c>
10004292:	4286      	cmp	r6, r0
10004294:	d800      	bhi.n	10004298 <alarm_pool_irq_handler+0x2d0>
10004296:	e6fc      	b.n	10004092 <alarm_pool_irq_handler+0xca>
10004298:	e6b4      	b.n	10004004 <alarm_pool_irq_handler+0x3c>
1000429a:	465b      	mov	r3, fp
1000429c:	681a      	ldr	r2, [r3, #0]
1000429e:	685b      	ldr	r3, [r3, #4]
100042a0:	9200      	str	r2, [sp, #0]
100042a2:	9301      	str	r3, [sp, #4]
100042a4:	e70b      	b.n	100040be <alarm_pool_irq_handler+0xf6>
100042a6:	45b3      	cmp	fp, r6
100042a8:	d800      	bhi.n	100042ac <alarm_pool_irq_handler+0x2e4>
100042aa:	e74c      	b.n	10004146 <alarm_pool_irq_handler+0x17e>
100042ac:	e750      	b.n	10004150 <alarm_pool_irq_handler+0x188>
100042ae:	46c0      	nop			@ (mov r8, r8)
100042b0:	20002220 	.word	0x20002220
100042b4:	4005703c 	.word	0x4005703c
100042b8:	10003fc9 	.word	0x10003fc9
100042bc:	40054000 	.word	0x40054000

100042c0 <runtime_init_default_alarm_pool>:
100042c0:	b570      	push	{r4, r5, r6, lr}
100042c2:	4c2e      	ldr	r4, [pc, #184]	@ (1000437c <runtime_init_default_alarm_pool+0xbc>)
100042c4:	6925      	ldr	r5, [r4, #16]
100042c6:	2d00      	cmp	r5, #0
100042c8:	d004      	beq.n	100042d4 <runtime_init_default_alarm_pool+0x14>
100042ca:	210a      	movs	r1, #10
100042cc:	482c      	ldr	r0, [pc, #176]	@ (10004380 <runtime_init_default_alarm_pool+0xc0>)
100042ce:	f7ff fe0d 	bl	10003eec <lock_init>
100042d2:	bd70      	pop	{r4, r5, r6, pc}
100042d4:	4e2b      	ldr	r6, [pc, #172]	@ (10004384 <runtime_init_default_alarm_pool+0xc4>)
100042d6:	2103      	movs	r1, #3
100042d8:	0030      	movs	r0, r6
100042da:	f000 fa63 	bl	100047a4 <timer_hardware_alarm_claim>
100042de:	60e6      	str	r6, [r4, #12]
100042e0:	f7ff fbfa 	bl	10003ad8 <next_striped_spin_lock_num>
100042e4:	4b28      	ldr	r3, [pc, #160]	@ (10004388 <runtime_init_default_alarm_pool+0xc8>)
100042e6:	2203      	movs	r2, #3
100042e8:	469c      	mov	ip, r3
100042ea:	23d0      	movs	r3, #208	@ 0xd0
100042ec:	7022      	strb	r2, [r4, #0]
100042ee:	061b      	lsls	r3, r3, #24
100042f0:	681b      	ldr	r3, [r3, #0]
100042f2:	2101      	movs	r1, #1
100042f4:	7063      	strb	r3, [r4, #1]
100042f6:	4b25      	ldr	r3, [pc, #148]	@ (1000438c <runtime_init_default_alarm_pool+0xcc>)
100042f8:	4460      	add	r0, ip
100042fa:	60a3      	str	r3, [r4, #8]
100042fc:	230f      	movs	r3, #15
100042fe:	0080      	lsls	r0, r0, #2
10004300:	6120      	str	r0, [r4, #16]
10004302:	2002      	movs	r0, #2
10004304:	8063      	strh	r3, [r4, #2]
10004306:	6963      	ldr	r3, [r4, #20]
10004308:	4249      	negs	r1, r1
1000430a:	80a1      	strh	r1, [r4, #4]
1000430c:	8019      	strh	r1, [r3, #0]
1000430e:	3102      	adds	r1, #2
10004310:	8619      	strh	r1, [r3, #48]	@ 0x30
10004312:	3147      	adds	r1, #71	@ 0x47
10004314:	831d      	strh	r5, [r3, #24]
10004316:	5258      	strh	r0, [r3, r1]
10004318:	3118      	adds	r1, #24
1000431a:	525a      	strh	r2, [r3, r1]
1000431c:	3275      	adds	r2, #117	@ 0x75
1000431e:	395c      	subs	r1, #92	@ 0x5c
10004320:	5299      	strh	r1, [r3, r2]
10004322:	3218      	adds	r2, #24
10004324:	3101      	adds	r1, #1
10004326:	5299      	strh	r1, [r3, r2]
10004328:	3218      	adds	r2, #24
1000432a:	3101      	adds	r1, #1
1000432c:	5299      	strh	r1, [r3, r2]
1000432e:	3218      	adds	r2, #24
10004330:	3101      	adds	r1, #1
10004332:	5299      	strh	r1, [r3, r2]
10004334:	3508      	adds	r5, #8
10004336:	3218      	adds	r2, #24
10004338:	529d      	strh	r5, [r3, r2]
1000433a:	3102      	adds	r1, #2
1000433c:	3218      	adds	r2, #24
1000433e:	5299      	strh	r1, [r3, r2]
10004340:	3218      	adds	r2, #24
10004342:	3101      	adds	r1, #1
10004344:	5299      	strh	r1, [r3, r2]
10004346:	3218      	adds	r2, #24
10004348:	3101      	adds	r1, #1
1000434a:	5299      	strh	r1, [r3, r2]
1000434c:	3218      	adds	r2, #24
1000434e:	3101      	adds	r1, #1
10004350:	5299      	strh	r1, [r3, r2]
10004352:	3218      	adds	r2, #24
10004354:	3101      	adds	r1, #1
10004356:	5299      	strh	r1, [r3, r2]
10004358:	3218      	adds	r2, #24
1000435a:	3101      	adds	r1, #1
1000435c:	5299      	strh	r1, [r3, r2]
1000435e:	4b0c      	ldr	r3, [pc, #48]	@ (10004390 <runtime_init_default_alarm_pool+0xd0>)
10004360:	490c      	ldr	r1, [pc, #48]	@ (10004394 <runtime_init_default_alarm_pool+0xd4>)
10004362:	60dc      	str	r4, [r3, #12]
10004364:	3001      	adds	r0, #1
10004366:	6235      	str	r5, [r6, #32]
10004368:	f7ff fc2c 	bl	10003bc4 <irq_set_exclusive_handler>
1000436c:	2101      	movs	r1, #1
1000436e:	2003      	movs	r0, #3
10004370:	f7ff fbf0 	bl	10003b54 <irq_set_enabled>
10004374:	4b08      	ldr	r3, [pc, #32]	@ (10004398 <runtime_init_default_alarm_pool+0xd8>)
10004376:	601d      	str	r5, [r3, #0]
10004378:	e7a7      	b.n	100042ca <runtime_init_default_alarm_pool+0xa>
1000437a:	46c0      	nop			@ (mov r8, r8)
1000437c:	200012e8 	.word	0x200012e8
10004380:	2000223c 	.word	0x2000223c
10004384:	40054000 	.word	0x40054000
10004388:	34000040 	.word	0x34000040
1000438c:	0010ffff 	.word	0x0010ffff
10004390:	20002220 	.word	0x20002220
10004394:	10003fc9 	.word	0x10003fc9
10004398:	40056038 	.word	0x40056038

1000439c <alarm_pool_get_default>:
1000439c:	4800      	ldr	r0, [pc, #0]	@ (100043a0 <alarm_pool_get_default+0x4>)
1000439e:	4770      	bx	lr
100043a0:	200012e8 	.word	0x200012e8

100043a4 <alarm_pool_add_alarm_at>:
100043a4:	b5f8      	push	{r3, r4, r5, r6, r7, lr}
100043a6:	001f      	movs	r7, r3
100043a8:	ab08      	add	r3, sp, #32
100043aa:	781b      	ldrb	r3, [r3, #0]
100043ac:	0004      	movs	r4, r0
100043ae:	0016      	movs	r6, r2
100043b0:	2b00      	cmp	r3, #0
100043b2:	d108      	bne.n	100043c6 <alarm_pool_add_alarm_at+0x22>
100043b4:	f000 fa08 	bl	100047c8 <time_us_64>
100043b8:	0032      	movs	r2, r6
100043ba:	003b      	movs	r3, r7
100043bc:	1a12      	subs	r2, r2, r0
100043be:	418b      	sbcs	r3, r1
100043c0:	2b00      	cmp	r3, #0
100043c2:	da00      	bge.n	100043c6 <alarm_pool_add_alarm_at+0x22>
100043c4:	e052      	b.n	1000446c <alarm_pool_add_alarm_at+0xc8>
100043c6:	6922      	ldr	r2, [r4, #16]
100043c8:	f3ef 8010 	mrs	r0, PRIMASK
100043cc:	b672      	cpsid	i
100043ce:	6813      	ldr	r3, [r2, #0]
100043d0:	2b00      	cmp	r3, #0
100043d2:	d0fc      	beq.n	100043ce <alarm_pool_add_alarm_at+0x2a>
100043d4:	f3bf 8f5f 	dmb	sy
100043d8:	2302      	movs	r3, #2
100043da:	5ee1      	ldrsh	r1, [r4, r3]
100043dc:	6963      	ldr	r3, [r4, #20]
100043de:	004a      	lsls	r2, r1, #1
100043e0:	1852      	adds	r2, r2, r1
100043e2:	00d2      	lsls	r2, r2, #3
100043e4:	189b      	adds	r3, r3, r2
100043e6:	6922      	ldr	r2, [r4, #16]
100043e8:	2900      	cmp	r1, #0
100043ea:	db36      	blt.n	1000445a <alarm_pool_add_alarm_at+0xb6>
100043ec:	881d      	ldrh	r5, [r3, #0]
100043ee:	8065      	strh	r5, [r4, #2]
100043f0:	f3bf 8f5f 	dmb	sy
100043f4:	2500      	movs	r5, #0
100043f6:	6015      	str	r5, [r2, #0]
100043f8:	f380 8810 	msr	PRIMASK, r0
100043fc:	9a06      	ldr	r2, [sp, #24]
100043fe:	609e      	str	r6, [r3, #8]
10004400:	60df      	str	r7, [r3, #12]
10004402:	611a      	str	r2, [r3, #16]
10004404:	9a07      	ldr	r2, [sp, #28]
10004406:	615a      	str	r2, [r3, #20]
10004408:	885a      	ldrh	r2, [r3, #2]
1000440a:	3201      	adds	r2, #1
1000440c:	0452      	lsls	r2, r2, #17
1000440e:	0c52      	lsrs	r2, r2, #17
10004410:	1c10      	adds	r0, r2, #0
10004412:	2a00      	cmp	r2, #0
10004414:	d01f      	beq.n	10004456 <alarm_pool_add_alarm_at+0xb2>
10004416:	b282      	uxth	r2, r0
10004418:	8058      	strh	r0, [r3, #2]
1000441a:	0408      	lsls	r0, r1, #16
1000441c:	4310      	orrs	r0, r2
1000441e:	6926      	ldr	r6, [r4, #16]
10004420:	f3ef 8710 	mrs	r7, PRIMASK
10004424:	b672      	cpsid	i
10004426:	6832      	ldr	r2, [r6, #0]
10004428:	2a00      	cmp	r2, #0
1000442a:	d0fc      	beq.n	10004426 <alarm_pool_add_alarm_at+0x82>
1000442c:	f3bf 8f5f 	dmb	sy
10004430:	88a2      	ldrh	r2, [r4, #4]
10004432:	801a      	strh	r2, [r3, #0]
10004434:	80a1      	strh	r1, [r4, #4]
10004436:	6923      	ldr	r3, [r4, #16]
10004438:	f3bf 8f5f 	dmb	sy
1000443c:	2200      	movs	r2, #0
1000443e:	601a      	str	r2, [r3, #0]
10004440:	f387 8810 	msr	PRIMASK, r7
10004444:	490a      	ldr	r1, [pc, #40]	@ (10004470 <alarm_pool_add_alarm_at+0xcc>)
10004446:	7823      	ldrb	r3, [r4, #0]
10004448:	468c      	mov	ip, r1
1000444a:	3201      	adds	r2, #1
1000444c:	409a      	lsls	r2, r3
1000444e:	68e3      	ldr	r3, [r4, #12]
10004450:	4463      	add	r3, ip
10004452:	601a      	str	r2, [r3, #0]
10004454:	bdf8      	pop	{r3, r4, r5, r6, r7, pc}
10004456:	2001      	movs	r0, #1
10004458:	e7dd      	b.n	10004416 <alarm_pool_add_alarm_at+0x72>
1000445a:	f3bf 8f5f 	dmb	sy
1000445e:	2300      	movs	r3, #0
10004460:	6013      	str	r3, [r2, #0]
10004462:	f380 8810 	msr	PRIMASK, r0
10004466:	2001      	movs	r0, #1
10004468:	4240      	negs	r0, r0
1000446a:	e7f3      	b.n	10004454 <alarm_pool_add_alarm_at+0xb0>
1000446c:	2000      	movs	r0, #0
1000446e:	e7f1      	b.n	10004454 <alarm_pool_add_alarm_at+0xb0>
10004470:	0000203c 	.word	0x0000203c

10004474 <alarm_pool_add_alarm_at_force_in_context>:
10004474:	b570      	push	{r4, r5, r6, lr}
10004476:	0001      	movs	r1, r0
10004478:	6904      	ldr	r4, [r0, #16]
1000447a:	f3ef 8c10 	mrs	ip, PRIMASK
1000447e:	b672      	cpsid	i
10004480:	6820      	ldr	r0, [r4, #0]
10004482:	2800      	cmp	r0, #0
10004484:	d0fc      	beq.n	10004480 <alarm_pool_add_alarm_at_force_in_context+0xc>
10004486:	f3bf 8f5f 	dmb	sy
1000448a:	2002      	movs	r0, #2
1000448c:	5e0d      	ldrsh	r5, [r1, r0]
1000448e:	694c      	ldr	r4, [r1, #20]
10004490:	0068      	lsls	r0, r5, #1
10004492:	1940      	adds	r0, r0, r5
10004494:	00c0      	lsls	r0, r0, #3
10004496:	1824      	adds	r4, r4, r0
10004498:	6908      	ldr	r0, [r1, #16]
1000449a:	2d00      	cmp	r5, #0
1000449c:	db36      	blt.n	1000450c <alarm_pool_add_alarm_at_force_in_context+0x98>
1000449e:	8826      	ldrh	r6, [r4, #0]
100044a0:	804e      	strh	r6, [r1, #2]
100044a2:	f3bf 8f5f 	dmb	sy
100044a6:	2600      	movs	r6, #0
100044a8:	6006      	str	r6, [r0, #0]
100044aa:	f38c 8810 	msr	PRIMASK, ip
100044ae:	60e3      	str	r3, [r4, #12]
100044b0:	8863      	ldrh	r3, [r4, #2]
100044b2:	9804      	ldr	r0, [sp, #16]
100044b4:	3301      	adds	r3, #1
100044b6:	6120      	str	r0, [r4, #16]
100044b8:	045b      	lsls	r3, r3, #17
100044ba:	9805      	ldr	r0, [sp, #20]
100044bc:	0c5b      	lsrs	r3, r3, #17
100044be:	60a2      	str	r2, [r4, #8]
100044c0:	6160      	str	r0, [r4, #20]
100044c2:	1c1a      	adds	r2, r3, #0
100044c4:	2b00      	cmp	r3, #0
100044c6:	d01f      	beq.n	10004508 <alarm_pool_add_alarm_at_force_in_context+0x94>
100044c8:	b293      	uxth	r3, r2
100044ca:	0428      	lsls	r0, r5, #16
100044cc:	8062      	strh	r2, [r4, #2]
100044ce:	4318      	orrs	r0, r3
100044d0:	690a      	ldr	r2, [r1, #16]
100044d2:	f3ef 8c10 	mrs	ip, PRIMASK
100044d6:	b672      	cpsid	i
100044d8:	6813      	ldr	r3, [r2, #0]
100044da:	2b00      	cmp	r3, #0
100044dc:	d0fc      	beq.n	100044d8 <alarm_pool_add_alarm_at_force_in_context+0x64>
100044de:	f3bf 8f5f 	dmb	sy
100044e2:	888b      	ldrh	r3, [r1, #4]
100044e4:	8023      	strh	r3, [r4, #0]
100044e6:	808d      	strh	r5, [r1, #4]
100044e8:	690b      	ldr	r3, [r1, #16]
100044ea:	f3bf 8f5f 	dmb	sy
100044ee:	2200      	movs	r2, #0
100044f0:	601a      	str	r2, [r3, #0]
100044f2:	f38c 8810 	msr	PRIMASK, ip
100044f6:	780b      	ldrb	r3, [r1, #0]
100044f8:	3201      	adds	r2, #1
100044fa:	409a      	lsls	r2, r3
100044fc:	68cb      	ldr	r3, [r1, #12]
100044fe:	4908      	ldr	r1, [pc, #32]	@ (10004520 <alarm_pool_add_alarm_at_force_in_context+0xac>)
10004500:	468c      	mov	ip, r1
10004502:	4463      	add	r3, ip
10004504:	601a      	str	r2, [r3, #0]
10004506:	bd70      	pop	{r4, r5, r6, pc}
10004508:	2201      	movs	r2, #1
1000450a:	e7dd      	b.n	100044c8 <alarm_pool_add_alarm_at_force_in_context+0x54>
1000450c:	f3bf 8f5f 	dmb	sy
10004510:	2300      	movs	r3, #0
10004512:	6003      	str	r3, [r0, #0]
10004514:	f38c 8810 	msr	PRIMASK, ip
10004518:	2001      	movs	r0, #1
1000451a:	4240      	negs	r0, r0
1000451c:	e7f3      	b.n	10004506 <alarm_pool_add_alarm_at_force_in_context+0x92>
1000451e:	46c0      	nop			@ (mov r8, r8)
10004520:	0000203c 	.word	0x0000203c

10004524 <alarm_pool_cancel_alarm>:
10004524:	b510      	push	{r4, lr}
10004526:	8943      	ldrh	r3, [r0, #10]
10004528:	140a      	asrs	r2, r1, #16
1000452a:	4293      	cmp	r3, r2
1000452c:	dd1a      	ble.n	10004564 <alarm_pool_cancel_alarm+0x40>
1000452e:	0053      	lsls	r3, r2, #1
10004530:	189b      	adds	r3, r3, r2
10004532:	6942      	ldr	r2, [r0, #20]
10004534:	00db      	lsls	r3, r3, #3
10004536:	18d3      	adds	r3, r2, r3
10004538:	6904      	ldr	r4, [r0, #16]
1000453a:	f3ef 8c10 	mrs	ip, PRIMASK
1000453e:	b672      	cpsid	i
10004540:	6822      	ldr	r2, [r4, #0]
10004542:	2a00      	cmp	r2, #0
10004544:	d0fc      	beq.n	10004540 <alarm_pool_cancel_alarm+0x1c>
10004546:	f3bf 8f5f 	dmb	sy
1000454a:	885a      	ldrh	r2, [r3, #2]
1000454c:	0409      	lsls	r1, r1, #16
1000454e:	b294      	uxth	r4, r2
10004550:	0c09      	lsrs	r1, r1, #16
10004552:	428a      	cmp	r2, r1
10004554:	d008      	beq.n	10004568 <alarm_pool_cancel_alarm+0x44>
10004556:	6903      	ldr	r3, [r0, #16]
10004558:	f3bf 8f5f 	dmb	sy
1000455c:	2200      	movs	r2, #0
1000455e:	601a      	str	r2, [r3, #0]
10004560:	f38c 8810 	msr	PRIMASK, ip
10004564:	2000      	movs	r0, #0
10004566:	bd10      	pop	{r4, pc}
10004568:	2280      	movs	r2, #128	@ 0x80
1000456a:	0212      	lsls	r2, r2, #8
1000456c:	4314      	orrs	r4, r2
1000456e:	805c      	strh	r4, [r3, #2]
10004570:	2301      	movs	r3, #1
10004572:	6902      	ldr	r2, [r0, #16]
10004574:	7183      	strb	r3, [r0, #6]
10004576:	f3bf 8f5f 	dmb	sy
1000457a:	2100      	movs	r1, #0
1000457c:	6011      	str	r1, [r2, #0]
1000457e:	f38c 8810 	msr	PRIMASK, ip
10004582:	4904      	ldr	r1, [pc, #16]	@ (10004594 <alarm_pool_cancel_alarm+0x70>)
10004584:	7802      	ldrb	r2, [r0, #0]
10004586:	468c      	mov	ip, r1
10004588:	4093      	lsls	r3, r2
1000458a:	68c2      	ldr	r2, [r0, #12]
1000458c:	2001      	movs	r0, #1
1000458e:	4462      	add	r2, ip
10004590:	6013      	str	r3, [r2, #0]
10004592:	e7e8      	b.n	10004566 <alarm_pool_cancel_alarm+0x42>
10004594:	0000203c 	.word	0x0000203c

10004598 <alarm_pool_core_num>:
10004598:	7840      	ldrb	r0, [r0, #1]
1000459a:	4770      	bx	lr

1000459c <sleep_ms>:
1000459c:	b5f0      	push	{r4, r5, r6, r7, lr}
1000459e:	46c6      	mov	lr, r8
100045a0:	b500      	push	{lr}
100045a2:	b082      	sub	sp, #8
100045a4:	0004      	movs	r4, r0
100045a6:	f000 f90f 	bl	100047c8 <time_us_64>
100045aa:	22fa      	movs	r2, #250	@ 0xfa
100045ac:	0006      	movs	r6, r0
100045ae:	000f      	movs	r7, r1
100045b0:	0020      	movs	r0, r4
100045b2:	2300      	movs	r3, #0
100045b4:	2100      	movs	r1, #0
100045b6:	0092      	lsls	r2, r2, #2
100045b8:	f001 fac0 	bl	10005b3c <__wrap___aeabi_lmul>
100045bc:	1980      	adds	r0, r0, r6
100045be:	4179      	adcs	r1, r7
100045c0:	0004      	movs	r4, r0
100045c2:	1e0d      	subs	r5, r1, #0
100045c4:	da02      	bge.n	100045cc <sleep_ms+0x30>
100045c6:	2401      	movs	r4, #1
100045c8:	4d2e      	ldr	r5, [pc, #184]	@ (10004684 <sleep_ms+0xe8>)
100045ca:	4264      	negs	r4, r4
100045cc:	2606      	movs	r6, #6
100045ce:	4276      	negs	r6, r6
100045d0:	17f7      	asrs	r7, r6, #31
100045d2:	1936      	adds	r6, r6, r4
100045d4:	416f      	adcs	r7, r5
100045d6:	42af      	cmp	r7, r5
100045d8:	d814      	bhi.n	10004604 <sleep_ms+0x68>
100045da:	d011      	beq.n	10004600 <sleep_ms+0x64>
100045dc:	f000 f8f4 	bl	100047c8 <time_us_64>
100045e0:	0032      	movs	r2, r6
100045e2:	003b      	movs	r3, r7
100045e4:	1a12      	subs	r2, r2, r0
100045e6:	418b      	sbcs	r3, r1
100045e8:	2b00      	cmp	r3, #0
100045ea:	dc15      	bgt.n	10004618 <sleep_ms+0x7c>
100045ec:	2b00      	cmp	r3, #0
100045ee:	d046      	beq.n	1000467e <sleep_ms+0xe2>
100045f0:	0020      	movs	r0, r4
100045f2:	0029      	movs	r1, r5
100045f4:	f000 f926 	bl	10004844 <busy_wait_until>
100045f8:	b002      	add	sp, #8
100045fa:	bc80      	pop	{r7}
100045fc:	46b8      	mov	r8, r7
100045fe:	bdf0      	pop	{r4, r5, r6, r7, pc}
10004600:	42a6      	cmp	r6, r4
10004602:	d9eb      	bls.n	100045dc <sleep_ms+0x40>
10004604:	2600      	movs	r6, #0
10004606:	2700      	movs	r7, #0
10004608:	f000 f8de 	bl	100047c8 <time_us_64>
1000460c:	0032      	movs	r2, r6
1000460e:	003b      	movs	r3, r7
10004610:	1a12      	subs	r2, r2, r0
10004612:	418b      	sbcs	r3, r1
10004614:	2b00      	cmp	r3, #0
10004616:	dde9      	ble.n	100045ec <sleep_ms+0x50>
10004618:	f000 f8d6 	bl	100047c8 <time_us_64>
1000461c:	0032      	movs	r2, r6
1000461e:	003b      	movs	r3, r7
10004620:	1a12      	subs	r2, r2, r0
10004622:	418b      	sbcs	r3, r1
10004624:	2b00      	cmp	r3, #0
10004626:	db0a      	blt.n	1000463e <sleep_ms+0xa2>
10004628:	2300      	movs	r3, #0
1000462a:	9301      	str	r3, [sp, #4]
1000462c:	4b16      	ldr	r3, [pc, #88]	@ (10004688 <sleep_ms+0xec>)
1000462e:	0032      	movs	r2, r6
10004630:	9300      	str	r3, [sp, #0]
10004632:	4816      	ldr	r0, [pc, #88]	@ (1000468c <sleep_ms+0xf0>)
10004634:	003b      	movs	r3, r7
10004636:	f7ff ff1d 	bl	10004474 <alarm_pool_add_alarm_at_force_in_context>
1000463a:	3001      	adds	r0, #1
1000463c:	d0d8      	beq.n	100045f0 <sleep_ms+0x54>
1000463e:	2300      	movs	r3, #0
10004640:	0039      	movs	r1, r7
10004642:	46b0      	mov	r8, r6
10004644:	469c      	mov	ip, r3
10004646:	4a12      	ldr	r2, [pc, #72]	@ (10004690 <sleep_ms+0xf4>)
10004648:	4812      	ldr	r0, [pc, #72]	@ (10004694 <sleep_ms+0xf8>)
1000464a:	6a53      	ldr	r3, [r2, #36]	@ 0x24
1000464c:	4299      	cmp	r1, r3
1000464e:	d804      	bhi.n	1000465a <sleep_ms+0xbe>
10004650:	6a96      	ldr	r6, [r2, #40]	@ 0x28
10004652:	4546      	cmp	r6, r8
10004654:	d2cc      	bcs.n	100045f0 <sleep_ms+0x54>
10004656:	4299      	cmp	r1, r3
10004658:	d1ca      	bne.n	100045f0 <sleep_ms+0x54>
1000465a:	6806      	ldr	r6, [r0, #0]
1000465c:	f3ef 8710 	mrs	r7, PRIMASK
10004660:	b672      	cpsid	i
10004662:	6833      	ldr	r3, [r6, #0]
10004664:	2b00      	cmp	r3, #0
10004666:	d0fc      	beq.n	10004662 <sleep_ms+0xc6>
10004668:	f3bf 8f5f 	dmb	sy
1000466c:	6803      	ldr	r3, [r0, #0]
1000466e:	f3bf 8f5f 	dmb	sy
10004672:	4666      	mov	r6, ip
10004674:	601e      	str	r6, [r3, #0]
10004676:	f387 8810 	msr	PRIMASK, r7
1000467a:	bf20      	wfe
1000467c:	e7e5      	b.n	1000464a <sleep_ms+0xae>
1000467e:	2a00      	cmp	r2, #0
10004680:	d0b6      	beq.n	100045f0 <sleep_ms+0x54>
10004682:	e7c9      	b.n	10004618 <sleep_ms+0x7c>
10004684:	7fffffff 	.word	0x7fffffff
10004688:	10003f99 	.word	0x10003f99
1000468c:	200012e8 	.word	0x200012e8
10004690:	40054000 	.word	0x40054000
10004694:	2000223c 	.word	0x2000223c

10004698 <best_effort_wfe_or_timeout>:
10004698:	b5f0      	push	{r4, r5, r6, r7, lr}
1000469a:	4657      	mov	r7, sl
1000469c:	464e      	mov	r6, r9
1000469e:	46de      	mov	lr, fp
100046a0:	4645      	mov	r5, r8
100046a2:	b5e0      	push	{r5, r6, r7, lr}
100046a4:	0006      	movs	r6, r0
100046a6:	000f      	movs	r7, r1
100046a8:	b085      	sub	sp, #20
100046aa:	f3ef 8305 	mrs	r3, IPSR
100046ae:	4699      	mov	r9, r3
100046b0:	468b      	mov	fp, r1
100046b2:	2b00      	cmp	r3, #0
100046b4:	d012      	beq.n	100046dc <best_effort_wfe_or_timeout+0x44>
100046b6:	4938      	ldr	r1, [pc, #224]	@ (10004798 <best_effort_wfe_or_timeout+0x100>)
100046b8:	2000      	movs	r0, #0
100046ba:	6a4b      	ldr	r3, [r1, #36]	@ 0x24
100046bc:	42bb      	cmp	r3, r7
100046be:	d306      	bcc.n	100046ce <best_effort_wfe_or_timeout+0x36>
100046c0:	6a8a      	ldr	r2, [r1, #40]	@ 0x28
100046c2:	1bdb      	subs	r3, r3, r7
100046c4:	1e59      	subs	r1, r3, #1
100046c6:	418b      	sbcs	r3, r1
100046c8:	42b2      	cmp	r2, r6
100046ca:	4140      	adcs	r0, r0
100046cc:	4318      	orrs	r0, r3
100046ce:	b005      	add	sp, #20
100046d0:	bcf0      	pop	{r4, r5, r6, r7}
100046d2:	46bb      	mov	fp, r7
100046d4:	46b2      	mov	sl, r6
100046d6:	46a9      	mov	r9, r5
100046d8:	46a0      	mov	r8, r4
100046da:	bdf0      	pop	{r4, r5, r6, r7, pc}
100046dc:	4b2f      	ldr	r3, [pc, #188]	@ (1000479c <best_effort_wfe_or_timeout+0x104>)
100046de:	469a      	mov	sl, r3
100046e0:	68db      	ldr	r3, [r3, #12]
100046e2:	4698      	mov	r8, r3
100046e4:	4653      	mov	r3, sl
100046e6:	781b      	ldrb	r3, [r3, #0]
100046e8:	4640      	mov	r0, r8
100046ea:	9303      	str	r3, [sp, #12]
100046ec:	f000 f864 	bl	100047b8 <timer_time_us_64>
100046f0:	4642      	mov	r2, r8
100046f2:	9b03      	ldr	r3, [sp, #12]
100046f4:	0004      	movs	r4, r0
100046f6:	3304      	adds	r3, #4
100046f8:	009b      	lsls	r3, r3, #2
100046fa:	589b      	ldr	r3, [r3, r2]
100046fc:	000d      	movs	r5, r1
100046fe:	1a1b      	subs	r3, r3, r0
10004700:	0039      	movs	r1, r7
10004702:	0030      	movs	r0, r6
10004704:	1b00      	subs	r0, r0, r4
10004706:	41a9      	sbcs	r1, r5
10004708:	4589      	cmp	r9, r1
1000470a:	dc10      	bgt.n	1000472e <best_effort_wfe_or_timeout+0x96>
1000470c:	d00d      	beq.n	1000472a <best_effort_wfe_or_timeout+0x92>
1000470e:	bf20      	wfe
10004710:	4a21      	ldr	r2, [pc, #132]	@ (10004798 <best_effort_wfe_or_timeout+0x100>)
10004712:	2000      	movs	r0, #0
10004714:	6a53      	ldr	r3, [r2, #36]	@ 0x24
10004716:	455b      	cmp	r3, fp
10004718:	d3d9      	bcc.n	100046ce <best_effort_wfe_or_timeout+0x36>
1000471a:	6a92      	ldr	r2, [r2, #40]	@ 0x28
1000471c:	1bdb      	subs	r3, r3, r7
1000471e:	1e59      	subs	r1, r3, #1
10004720:	418b      	sbcs	r3, r1
10004722:	42b2      	cmp	r2, r6
10004724:	4140      	adcs	r0, r0
10004726:	4318      	orrs	r0, r3
10004728:	e7d1      	b.n	100046ce <best_effort_wfe_or_timeout+0x36>
1000472a:	4283      	cmp	r3, r0
1000472c:	d9ef      	bls.n	1000470e <best_effort_wfe_or_timeout+0x76>
1000472e:	f000 f84b 	bl	100047c8 <time_us_64>
10004732:	0032      	movs	r2, r6
10004734:	003b      	movs	r3, r7
10004736:	1a12      	subs	r2, r2, r0
10004738:	418b      	sbcs	r3, r1
1000473a:	2b00      	cmp	r3, #0
1000473c:	db1a      	blt.n	10004774 <best_effort_wfe_or_timeout+0xdc>
1000473e:	2300      	movs	r3, #0
10004740:	9301      	str	r3, [sp, #4]
10004742:	4b17      	ldr	r3, [pc, #92]	@ (100047a0 <best_effort_wfe_or_timeout+0x108>)
10004744:	0032      	movs	r2, r6
10004746:	9300      	str	r3, [sp, #0]
10004748:	4650      	mov	r0, sl
1000474a:	003b      	movs	r3, r7
1000474c:	f7ff fe92 	bl	10004474 <alarm_pool_add_alarm_at_force_in_context>
10004750:	1e01      	subs	r1, r0, #0
10004752:	dd0f      	ble.n	10004774 <best_effort_wfe_or_timeout+0xdc>
10004754:	4b10      	ldr	r3, [pc, #64]	@ (10004798 <best_effort_wfe_or_timeout+0x100>)
10004756:	6a5a      	ldr	r2, [r3, #36]	@ 0x24
10004758:	455a      	cmp	r2, fp
1000475a:	d31b      	bcc.n	10004794 <best_effort_wfe_or_timeout+0xfc>
1000475c:	6a9b      	ldr	r3, [r3, #40]	@ 0x28
1000475e:	42b3      	cmp	r3, r6
10004760:	d316      	bcc.n	10004790 <best_effort_wfe_or_timeout+0xf8>
10004762:	4650      	mov	r0, sl
10004764:	f7ff fede 	bl	10004524 <alarm_pool_cancel_alarm>
10004768:	4a0b      	ldr	r2, [pc, #44]	@ (10004798 <best_effort_wfe_or_timeout+0x100>)
1000476a:	2000      	movs	r0, #0
1000476c:	6a53      	ldr	r3, [r2, #36]	@ 0x24
1000476e:	455b      	cmp	r3, fp
10004770:	d3ad      	bcc.n	100046ce <best_effort_wfe_or_timeout+0x36>
10004772:	e7d2      	b.n	1000471a <best_effort_wfe_or_timeout+0x82>
10004774:	4a08      	ldr	r2, [pc, #32]	@ (10004798 <best_effort_wfe_or_timeout+0x100>)
10004776:	2000      	movs	r0, #0
10004778:	6a53      	ldr	r3, [r2, #36]	@ 0x24
1000477a:	455b      	cmp	r3, fp
1000477c:	d3a7      	bcc.n	100046ce <best_effort_wfe_or_timeout+0x36>
1000477e:	2000      	movs	r0, #0
10004780:	6a92      	ldr	r2, [r2, #40]	@ 0x28
10004782:	1bdb      	subs	r3, r3, r7
10004784:	42b2      	cmp	r2, r6
10004786:	4140      	adcs	r0, r0
10004788:	1e5a      	subs	r2, r3, #1
1000478a:	4193      	sbcs	r3, r2
1000478c:	4318      	orrs	r0, r3
1000478e:	e79e      	b.n	100046ce <best_effort_wfe_or_timeout+0x36>
10004790:	455a      	cmp	r2, fp
10004792:	d1e6      	bne.n	10004762 <best_effort_wfe_or_timeout+0xca>
10004794:	bf20      	wfe
10004796:	e7e4      	b.n	10004762 <best_effort_wfe_or_timeout+0xca>
10004798:	40054000 	.word	0x40054000
1000479c:	200012e8 	.word	0x200012e8
100047a0:	10003f99 	.word	0x10003f99

100047a4 <timer_hardware_alarm_claim>:
100047a4:	b510      	push	{r4, lr}
100047a6:	4a02      	ldr	r2, [pc, #8]	@ (100047b0 <timer_hardware_alarm_claim+0xc>)
100047a8:	4802      	ldr	r0, [pc, #8]	@ (100047b4 <timer_hardware_alarm_claim+0x10>)
100047aa:	f7ff f92f 	bl	10003a0c <hw_claim_or_assert>
100047ae:	bd10      	pop	{r4, pc}
100047b0:	1000a834 	.word	0x1000a834
100047b4:	20001d94 	.word	0x20001d94

100047b8 <timer_time_us_64>:
100047b8:	0003      	movs	r3, r0
100047ba:	6a41      	ldr	r1, [r0, #36]	@ 0x24
100047bc:	000a      	movs	r2, r1
100047be:	6a98      	ldr	r0, [r3, #40]	@ 0x28
100047c0:	6a59      	ldr	r1, [r3, #36]	@ 0x24
100047c2:	428a      	cmp	r2, r1
100047c4:	d1fa      	bne.n	100047bc <timer_time_us_64+0x4>
100047c6:	4770      	bx	lr

100047c8 <time_us_64>:
100047c8:	4b03      	ldr	r3, [pc, #12]	@ (100047d8 <time_us_64+0x10>)
100047ca:	6a59      	ldr	r1, [r3, #36]	@ 0x24
100047cc:	000a      	movs	r2, r1
100047ce:	6a98      	ldr	r0, [r3, #40]	@ 0x28
100047d0:	6a59      	ldr	r1, [r3, #36]	@ 0x24
100047d2:	4291      	cmp	r1, r2
100047d4:	d1fa      	bne.n	100047cc <time_us_64+0x4>
100047d6:	4770      	bx	lr
100047d8:	40054000 	.word	0x40054000

100047dc <busy_wait_us>:
100047dc:	b570      	push	{r4, r5, r6, lr}
100047de:	0004      	movs	r4, r0
100047e0:	000d      	movs	r5, r1
100047e2:	4a17      	ldr	r2, [pc, #92]	@ (10004840 <busy_wait_us+0x64>)
100047e4:	6a53      	ldr	r3, [r2, #36]	@ 0x24
100047e6:	0019      	movs	r1, r3
100047e8:	6a96      	ldr	r6, [r2, #40]	@ 0x28
100047ea:	6a53      	ldr	r3, [r2, #36]	@ 0x24
100047ec:	428b      	cmp	r3, r1
100047ee:	d1fa      	bne.n	100047e6 <busy_wait_us+0xa>
100047f0:	0030      	movs	r0, r6
100047f2:	0019      	movs	r1, r3
100047f4:	1824      	adds	r4, r4, r0
100047f6:	414d      	adcs	r5, r1
100047f8:	42ab      	cmp	r3, r5
100047fa:	d816      	bhi.n	1000482a <busy_wait_us+0x4e>
100047fc:	d013      	beq.n	10004826 <busy_wait_us+0x4a>
100047fe:	4b10      	ldr	r3, [pc, #64]	@ (10004840 <busy_wait_us+0x64>)
10004800:	002a      	movs	r2, r5
10004802:	6a5b      	ldr	r3, [r3, #36]	@ 0x24
10004804:	429d      	cmp	r5, r3
10004806:	d903      	bls.n	10004810 <busy_wait_us+0x34>
10004808:	490d      	ldr	r1, [pc, #52]	@ (10004840 <busy_wait_us+0x64>)
1000480a:	6a4b      	ldr	r3, [r1, #36]	@ 0x24
1000480c:	4293      	cmp	r3, r2
1000480e:	d3fc      	bcc.n	1000480a <busy_wait_us+0x2e>
10004810:	4293      	cmp	r3, r2
10004812:	d107      	bne.n	10004824 <busy_wait_us+0x48>
10004814:	4a0a      	ldr	r2, [pc, #40]	@ (10004840 <busy_wait_us+0x64>)
10004816:	e002      	b.n	1000481e <busy_wait_us+0x42>
10004818:	6a51      	ldr	r1, [r2, #36]	@ 0x24
1000481a:	4299      	cmp	r1, r3
1000481c:	d102      	bne.n	10004824 <busy_wait_us+0x48>
1000481e:	6a91      	ldr	r1, [r2, #40]	@ 0x28
10004820:	42a1      	cmp	r1, r4
10004822:	d3f9      	bcc.n	10004818 <busy_wait_us+0x3c>
10004824:	bd70      	pop	{r4, r5, r6, pc}
10004826:	42a6      	cmp	r6, r4
10004828:	d9e9      	bls.n	100047fe <busy_wait_us+0x22>
1000482a:	4b05      	ldr	r3, [pc, #20]	@ (10004840 <busy_wait_us+0x64>)
1000482c:	6a5b      	ldr	r3, [r3, #36]	@ 0x24
1000482e:	001c      	movs	r4, r3
10004830:	1c5a      	adds	r2, r3, #1
10004832:	d0ef      	beq.n	10004814 <busy_wait_us+0x38>
10004834:	2201      	movs	r2, #1
10004836:	2401      	movs	r4, #1
10004838:	4264      	negs	r4, r4
1000483a:	17e5      	asrs	r5, r4, #31
1000483c:	4252      	negs	r2, r2
1000483e:	e7e3      	b.n	10004808 <busy_wait_us+0x2c>
10004840:	40054000 	.word	0x40054000

10004844 <busy_wait_until>:
10004844:	4a06      	ldr	r2, [pc, #24]	@ (10004860 <busy_wait_until+0x1c>)
10004846:	6a53      	ldr	r3, [r2, #36]	@ 0x24
10004848:	4299      	cmp	r1, r3
1000484a:	d8fc      	bhi.n	10004846 <busy_wait_until+0x2>
1000484c:	d107      	bne.n	1000485e <busy_wait_until+0x1a>
1000484e:	4b04      	ldr	r3, [pc, #16]	@ (10004860 <busy_wait_until+0x1c>)
10004850:	e002      	b.n	10004858 <busy_wait_until+0x14>
10004852:	6a5a      	ldr	r2, [r3, #36]	@ 0x24
10004854:	4291      	cmp	r1, r2
10004856:	d102      	bne.n	1000485e <busy_wait_until+0x1a>
10004858:	6a9a      	ldr	r2, [r3, #40]	@ 0x28
1000485a:	4290      	cmp	r0, r2
1000485c:	d8f9      	bhi.n	10004852 <busy_wait_until+0xe>
1000485e:	4770      	bx	lr
10004860:	40054000 	.word	0x40054000

10004864 <clock_configure_int_divider>:
10004864:	b5f8      	push	{r3, r4, r5, r6, r7, lr}
10004866:	46de      	mov	lr, fp
10004868:	464e      	mov	r6, r9
1000486a:	4657      	mov	r7, sl
1000486c:	4645      	mov	r5, r8
1000486e:	b5e0      	push	{r5, r6, r7, lr}
10004870:	468b      	mov	fp, r1
10004872:	0005      	movs	r5, r0
10004874:	990a      	ldr	r1, [sp, #40]	@ 0x28
10004876:	0018      	movs	r0, r3
10004878:	0016      	movs	r6, r2
1000487a:	f000 fb3b 	bl	10004ef4 <__wrap___aeabi_uidiv>
1000487e:	9b0a      	ldr	r3, [sp, #40]	@ 0x28
10004880:	006c      	lsls	r4, r5, #1
10004882:	021f      	lsls	r7, r3, #8
10004884:	4b32      	ldr	r3, [pc, #200]	@ (10004950 <clock_configure_int_divider+0xec>)
10004886:	1964      	adds	r4, r4, r5
10004888:	469c      	mov	ip, r3
1000488a:	00a4      	lsls	r4, r4, #2
1000488c:	4464      	add	r4, ip
1000488e:	6863      	ldr	r3, [r4, #4]
10004890:	4681      	mov	r9, r0
10004892:	429f      	cmp	r7, r3
10004894:	d900      	bls.n	10004898 <clock_configure_int_divider+0x34>
10004896:	6067      	str	r7, [r4, #4]
10004898:	1f2b      	subs	r3, r5, #4
1000489a:	b2db      	uxtb	r3, r3
1000489c:	4698      	mov	r8, r3
1000489e:	2b01      	cmp	r3, #1
100048a0:	d930      	bls.n	10004904 <clock_configure_int_divider+0xa0>
100048a2:	23c0      	movs	r3, #192	@ 0xc0
100048a4:	2280      	movs	r2, #128	@ 0x80
100048a6:	019b      	lsls	r3, r3, #6
100048a8:	18e3      	adds	r3, r4, r3
100048aa:	0112      	lsls	r2, r2, #4
100048ac:	601a      	str	r2, [r3, #0]
100048ae:	4b29      	ldr	r3, [pc, #164]	@ (10004954 <clock_configure_int_divider+0xf0>)
100048b0:	00ad      	lsls	r5, r5, #2
100048b2:	5959      	ldr	r1, [r3, r5]
100048b4:	469a      	mov	sl, r3
100048b6:	2900      	cmp	r1, #0
100048b8:	d11b      	bne.n	100048f2 <clock_configure_int_divider+0x8e>
100048ba:	0173      	lsls	r3, r6, #5
100048bc:	26e0      	movs	r6, #224	@ 0xe0
100048be:	6822      	ldr	r2, [r4, #0]
100048c0:	4053      	eors	r3, r2
100048c2:	401e      	ands	r6, r3
100048c4:	2380      	movs	r3, #128	@ 0x80
100048c6:	4642      	mov	r2, r8
100048c8:	015b      	lsls	r3, r3, #5
100048ca:	18e3      	adds	r3, r4, r3
100048cc:	601e      	str	r6, [r3, #0]
100048ce:	2a01      	cmp	r2, #1
100048d0:	d930      	bls.n	10004934 <clock_configure_int_divider+0xd0>
100048d2:	2380      	movs	r3, #128	@ 0x80
100048d4:	2280      	movs	r2, #128	@ 0x80
100048d6:	019b      	lsls	r3, r3, #6
100048d8:	18e3      	adds	r3, r4, r3
100048da:	0112      	lsls	r2, r2, #4
100048dc:	601a      	str	r2, [r3, #0]
100048de:	4653      	mov	r3, sl
100048e0:	464a      	mov	r2, r9
100048e2:	6067      	str	r7, [r4, #4]
100048e4:	515a      	str	r2, [r3, r5]
100048e6:	bcf0      	pop	{r4, r5, r6, r7}
100048e8:	46bb      	mov	fp, r7
100048ea:	46b2      	mov	sl, r6
100048ec:	46a9      	mov	r9, r5
100048ee:	46a0      	mov	r8, r4
100048f0:	bdf8      	pop	{r3, r4, r5, r6, r7, pc}
100048f2:	6958      	ldr	r0, [r3, #20]
100048f4:	f000 fafe 	bl	10004ef4 <__wrap___aeabi_uidiv>
100048f8:	3001      	adds	r0, #1
100048fa:	0043      	lsls	r3, r0, #1
100048fc:	181b      	adds	r3, r3, r0
100048fe:	3b03      	subs	r3, #3
10004900:	d2fd      	bcs.n	100048fe <clock_configure_int_divider+0x9a>
10004902:	e7da      	b.n	100048ba <clock_configure_int_divider+0x56>
10004904:	465b      	mov	r3, fp
10004906:	2b01      	cmp	r3, #1
10004908:	d1cb      	bne.n	100048a2 <clock_configure_int_divider+0x3e>
1000490a:	23c0      	movs	r3, #192	@ 0xc0
1000490c:	2203      	movs	r2, #3
1000490e:	019b      	lsls	r3, r3, #6
10004910:	18e3      	adds	r3, r4, r3
10004912:	601a      	str	r2, [r3, #0]
10004914:	3a02      	subs	r2, #2
10004916:	68a3      	ldr	r3, [r4, #8]
10004918:	421a      	tst	r2, r3
1000491a:	d0fc      	beq.n	10004916 <clock_configure_int_divider+0xb2>
1000491c:	0173      	lsls	r3, r6, #5
1000491e:	26e0      	movs	r6, #224	@ 0xe0
10004920:	6822      	ldr	r2, [r4, #0]
10004922:	00ad      	lsls	r5, r5, #2
10004924:	4053      	eors	r3, r2
10004926:	401e      	ands	r6, r3
10004928:	2380      	movs	r3, #128	@ 0x80
1000492a:	4a0a      	ldr	r2, [pc, #40]	@ (10004954 <clock_configure_int_divider+0xf0>)
1000492c:	015b      	lsls	r3, r3, #5
1000492e:	4692      	mov	sl, r2
10004930:	18e3      	adds	r3, r4, r3
10004932:	601e      	str	r6, [r3, #0]
10004934:	465a      	mov	r2, fp
10004936:	6821      	ldr	r1, [r4, #0]
10004938:	4051      	eors	r1, r2
1000493a:	2203      	movs	r2, #3
1000493c:	400a      	ands	r2, r1
1000493e:	601a      	str	r2, [r3, #0]
10004940:	2201      	movs	r2, #1
10004942:	465b      	mov	r3, fp
10004944:	409a      	lsls	r2, r3
10004946:	68a3      	ldr	r3, [r4, #8]
10004948:	421a      	tst	r2, r3
1000494a:	d0fc      	beq.n	10004946 <clock_configure_int_divider+0xe2>
1000494c:	e7c1      	b.n	100048d2 <clock_configure_int_divider+0x6e>
1000494e:	46c0      	nop			@ (mov r8, r8)
10004950:	40008000 	.word	0x40008000
10004954:	20001d98 	.word	0x20001d98

10004958 <clock_configure_undivided>:
10004958:	b5f0      	push	{r4, r5, r6, r7, lr}
1000495a:	4646      	mov	r6, r8
1000495c:	464f      	mov	r7, r9
1000495e:	46d6      	mov	lr, sl
10004960:	b5c0      	push	{r6, r7, lr}
10004962:	001f      	movs	r7, r3
10004964:	4b34      	ldr	r3, [pc, #208]	@ (10004a38 <clock_configure_undivided+0xe0>)
10004966:	0044      	lsls	r4, r0, #1
10004968:	469c      	mov	ip, r3
1000496a:	1824      	adds	r4, r4, r0
1000496c:	00a4      	lsls	r4, r4, #2
1000496e:	4464      	add	r4, ip
10004970:	6863      	ldr	r3, [r4, #4]
10004972:	4688      	mov	r8, r1
10004974:	0016      	movs	r6, r2
10004976:	2bff      	cmp	r3, #255	@ 0xff
10004978:	d802      	bhi.n	10004980 <clock_configure_undivided+0x28>
1000497a:	2380      	movs	r3, #128	@ 0x80
1000497c:	005b      	lsls	r3, r3, #1
1000497e:	6063      	str	r3, [r4, #4]
10004980:	1f03      	subs	r3, r0, #4
10004982:	b2db      	uxtb	r3, r3
10004984:	469a      	mov	sl, r3
10004986:	2b01      	cmp	r3, #1
10004988:	d930      	bls.n	100049ec <clock_configure_undivided+0x94>
1000498a:	23c0      	movs	r3, #192	@ 0xc0
1000498c:	2280      	movs	r2, #128	@ 0x80
1000498e:	019b      	lsls	r3, r3, #6
10004990:	18e3      	adds	r3, r4, r3
10004992:	0112      	lsls	r2, r2, #4
10004994:	601a      	str	r2, [r3, #0]
10004996:	4b29      	ldr	r3, [pc, #164]	@ (10004a3c <clock_configure_undivided+0xe4>)
10004998:	0085      	lsls	r5, r0, #2
1000499a:	5959      	ldr	r1, [r3, r5]
1000499c:	4699      	mov	r9, r3
1000499e:	2900      	cmp	r1, #0
100049a0:	d11b      	bne.n	100049da <clock_configure_undivided+0x82>
100049a2:	0173      	lsls	r3, r6, #5
100049a4:	26e0      	movs	r6, #224	@ 0xe0
100049a6:	6822      	ldr	r2, [r4, #0]
100049a8:	4053      	eors	r3, r2
100049aa:	401e      	ands	r6, r3
100049ac:	2380      	movs	r3, #128	@ 0x80
100049ae:	4652      	mov	r2, sl
100049b0:	015b      	lsls	r3, r3, #5
100049b2:	18e3      	adds	r3, r4, r3
100049b4:	601e      	str	r6, [r3, #0]
100049b6:	2a01      	cmp	r2, #1
100049b8:	d930      	bls.n	10004a1c <clock_configure_undivided+0xc4>
100049ba:	2380      	movs	r3, #128	@ 0x80
100049bc:	2280      	movs	r2, #128	@ 0x80
100049be:	019b      	lsls	r3, r3, #6
100049c0:	18e3      	adds	r3, r4, r3
100049c2:	0112      	lsls	r2, r2, #4
100049c4:	601a      	str	r2, [r3, #0]
100049c6:	2380      	movs	r3, #128	@ 0x80
100049c8:	005b      	lsls	r3, r3, #1
100049ca:	6063      	str	r3, [r4, #4]
100049cc:	464b      	mov	r3, r9
100049ce:	515f      	str	r7, [r3, r5]
100049d0:	bce0      	pop	{r5, r6, r7}
100049d2:	46ba      	mov	sl, r7
100049d4:	46b1      	mov	r9, r6
100049d6:	46a8      	mov	r8, r5
100049d8:	bdf0      	pop	{r4, r5, r6, r7, pc}
100049da:	6958      	ldr	r0, [r3, #20]
100049dc:	f000 fa8a 	bl	10004ef4 <__wrap___aeabi_uidiv>
100049e0:	3001      	adds	r0, #1
100049e2:	0043      	lsls	r3, r0, #1
100049e4:	181b      	adds	r3, r3, r0
100049e6:	3b03      	subs	r3, #3
100049e8:	d2fd      	bcs.n	100049e6 <clock_configure_undivided+0x8e>
100049ea:	e7da      	b.n	100049a2 <clock_configure_undivided+0x4a>
100049ec:	4643      	mov	r3, r8
100049ee:	2b01      	cmp	r3, #1
100049f0:	d1cb      	bne.n	1000498a <clock_configure_undivided+0x32>
100049f2:	23c0      	movs	r3, #192	@ 0xc0
100049f4:	2203      	movs	r2, #3
100049f6:	019b      	lsls	r3, r3, #6
100049f8:	18e3      	adds	r3, r4, r3
100049fa:	601a      	str	r2, [r3, #0]
100049fc:	3a02      	subs	r2, #2
100049fe:	68a3      	ldr	r3, [r4, #8]
10004a00:	421a      	tst	r2, r3
10004a02:	d0fc      	beq.n	100049fe <clock_configure_undivided+0xa6>
10004a04:	0173      	lsls	r3, r6, #5
10004a06:	26e0      	movs	r6, #224	@ 0xe0
10004a08:	6822      	ldr	r2, [r4, #0]
10004a0a:	0085      	lsls	r5, r0, #2
10004a0c:	4053      	eors	r3, r2
10004a0e:	401e      	ands	r6, r3
10004a10:	2380      	movs	r3, #128	@ 0x80
10004a12:	4a0a      	ldr	r2, [pc, #40]	@ (10004a3c <clock_configure_undivided+0xe4>)
10004a14:	015b      	lsls	r3, r3, #5
10004a16:	4691      	mov	r9, r2
10004a18:	18e3      	adds	r3, r4, r3
10004a1a:	601e      	str	r6, [r3, #0]
10004a1c:	4642      	mov	r2, r8
10004a1e:	6821      	ldr	r1, [r4, #0]
10004a20:	4051      	eors	r1, r2
10004a22:	2203      	movs	r2, #3
10004a24:	400a      	ands	r2, r1
10004a26:	601a      	str	r2, [r3, #0]
10004a28:	2301      	movs	r3, #1
10004a2a:	4642      	mov	r2, r8
10004a2c:	4093      	lsls	r3, r2
10004a2e:	68a2      	ldr	r2, [r4, #8]
10004a30:	4213      	tst	r3, r2
10004a32:	d0fc      	beq.n	10004a2e <clock_configure_undivided+0xd6>
10004a34:	e7c1      	b.n	100049ba <clock_configure_undivided+0x62>
10004a36:	46c0      	nop			@ (mov r8, r8)
10004a38:	40008000 	.word	0x40008000
10004a3c:	20001d98 	.word	0x20001d98

10004a40 <clock_get_hz>:
10004a40:	4b01      	ldr	r3, [pc, #4]	@ (10004a48 <clock_get_hz+0x8>)
10004a42:	0080      	lsls	r0, r0, #2
10004a44:	58c0      	ldr	r0, [r0, r3]
10004a46:	4770      	bx	lr
10004a48:	20001d98 	.word	0x20001d98

10004a4c <pll_init>:
10004a4c:	b5f8      	push	{r3, r4, r5, r6, r7, lr}
10004a4e:	0004      	movs	r4, r0
10004a50:	4821      	ldr	r0, [pc, #132]	@ (10004ad8 <pll_init+0x8c>)
10004a52:	001e      	movs	r6, r3
10004a54:	0017      	movs	r7, r2
10004a56:	000d      	movs	r5, r1
10004a58:	f000 fa4c 	bl	10004ef4 <__wrap___aeabi_uidiv>
10004a5c:	0001      	movs	r1, r0
10004a5e:	0038      	movs	r0, r7
10004a60:	f000 fa48 	bl	10004ef4 <__wrap___aeabi_uidiv>
10004a64:	9b06      	ldr	r3, [sp, #24]
10004a66:	0436      	lsls	r6, r6, #16
10004a68:	031b      	lsls	r3, r3, #12
10004a6a:	431e      	orrs	r6, r3
10004a6c:	6823      	ldr	r3, [r4, #0]
10004a6e:	2b00      	cmp	r3, #0
10004a70:	db20      	blt.n	10004ab4 <pll_init+0x68>
10004a72:	4b1a      	ldr	r3, [pc, #104]	@ (10004adc <pll_init+0x90>)
10004a74:	491a      	ldr	r1, [pc, #104]	@ (10004ae0 <pll_init+0x94>)
10004a76:	18e3      	adds	r3, r4, r3
10004a78:	1e5a      	subs	r2, r3, #1
10004a7a:	4193      	sbcs	r3, r2
10004a7c:	2280      	movs	r2, #128	@ 0x80
10004a7e:	0192      	lsls	r2, r2, #6
10004a80:	4694      	mov	ip, r2
10004a82:	425b      	negs	r3, r3
10004a84:	0b1b      	lsrs	r3, r3, #12
10004a86:	4a17      	ldr	r2, [pc, #92]	@ (10004ae4 <pll_init+0x98>)
10004a88:	031b      	lsls	r3, r3, #12
10004a8a:	4463      	add	r3, ip
10004a8c:	6013      	str	r3, [r2, #0]
10004a8e:	4a16      	ldr	r2, [pc, #88]	@ (10004ae8 <pll_init+0x9c>)
10004a90:	6013      	str	r3, [r2, #0]
10004a92:	001f      	movs	r7, r3
10004a94:	680a      	ldr	r2, [r1, #0]
10004a96:	4397      	bics	r7, r2
10004a98:	d1fb      	bne.n	10004a92 <pll_init+0x46>
10004a9a:	4b14      	ldr	r3, [pc, #80]	@ (10004aec <pll_init+0xa0>)
10004a9c:	6025      	str	r5, [r4, #0]
10004a9e:	18e2      	adds	r2, r4, r3
10004aa0:	2321      	movs	r3, #33	@ 0x21
10004aa2:	60a0      	str	r0, [r4, #8]
10004aa4:	6013      	str	r3, [r2, #0]
10004aa6:	6823      	ldr	r3, [r4, #0]
10004aa8:	2b00      	cmp	r3, #0
10004aaa:	dafc      	bge.n	10004aa6 <pll_init+0x5a>
10004aac:	2308      	movs	r3, #8
10004aae:	60e6      	str	r6, [r4, #12]
10004ab0:	6013      	str	r3, [r2, #0]
10004ab2:	bdf8      	pop	{r3, r4, r5, r6, r7, pc}
10004ab4:	233f      	movs	r3, #63	@ 0x3f
10004ab6:	6822      	ldr	r2, [r4, #0]
10004ab8:	4013      	ands	r3, r2
10004aba:	42ab      	cmp	r3, r5
10004abc:	d1d9      	bne.n	10004a72 <pll_init+0x26>
10004abe:	68a3      	ldr	r3, [r4, #8]
10004ac0:	051b      	lsls	r3, r3, #20
10004ac2:	0d1b      	lsrs	r3, r3, #20
10004ac4:	4283      	cmp	r3, r0
10004ac6:	d1d4      	bne.n	10004a72 <pll_init+0x26>
10004ac8:	22ee      	movs	r2, #238	@ 0xee
10004aca:	68e3      	ldr	r3, [r4, #12]
10004acc:	02d2      	lsls	r2, r2, #11
10004ace:	4013      	ands	r3, r2
10004ad0:	42b3      	cmp	r3, r6
10004ad2:	d1ce      	bne.n	10004a72 <pll_init+0x26>
10004ad4:	e7ed      	b.n	10004ab2 <pll_init+0x66>
10004ad6:	46c0      	nop			@ (mov r8, r8)
10004ad8:	00b71b00 	.word	0x00b71b00
10004adc:	bffd4000 	.word	0xbffd4000
10004ae0:	4000c008 	.word	0x4000c008
10004ae4:	4000e000 	.word	0x4000e000
10004ae8:	4000f000 	.word	0x4000f000
10004aec:	00003004 	.word	0x00003004

10004af0 <watchdog_reboot>:
10004af0:	b510      	push	{r4, lr}
10004af2:	2480      	movs	r4, #128	@ 0x80
10004af4:	4b1c      	ldr	r3, [pc, #112]	@ (10004b68 <watchdog_reboot+0x78>)
10004af6:	05e4      	lsls	r4, r4, #23
10004af8:	601c      	str	r4, [r3, #0]
10004afa:	2800      	cmp	r0, #0
10004afc:	d01a      	beq.n	10004b34 <watchdog_reboot+0x44>
10004afe:	2301      	movs	r3, #1
10004b00:	4c1a      	ldr	r4, [pc, #104]	@ (10004b6c <watchdog_reboot+0x7c>)
10004b02:	4318      	orrs	r0, r3
10004b04:	4b1a      	ldr	r3, [pc, #104]	@ (10004b70 <watchdog_reboot+0x80>)
10004b06:	61dc      	str	r4, [r3, #28]
10004b08:	4c1a      	ldr	r4, [pc, #104]	@ (10004b74 <watchdog_reboot+0x84>)
10004b0a:	4044      	eors	r4, r0
10004b0c:	621c      	str	r4, [r3, #32]
10004b0e:	6259      	str	r1, [r3, #36]	@ 0x24
10004b10:	6298      	str	r0, [r3, #40]	@ 0x28
10004b12:	2180      	movs	r1, #128	@ 0x80
10004b14:	4b14      	ldr	r3, [pc, #80]	@ (10004b68 <watchdog_reboot+0x78>)
10004b16:	05c9      	lsls	r1, r1, #23
10004b18:	6019      	str	r1, [r3, #0]
10004b1a:	4817      	ldr	r0, [pc, #92]	@ (10004b78 <watchdog_reboot+0x88>)
10004b1c:	4917      	ldr	r1, [pc, #92]	@ (10004b7c <watchdog_reboot+0x8c>)
10004b1e:	6008      	str	r0, [r1, #0]
10004b20:	21e0      	movs	r1, #224	@ 0xe0
10004b22:	04c9      	lsls	r1, r1, #19
10004b24:	6019      	str	r1, [r3, #0]
10004b26:	2a00      	cmp	r2, #0
10004b28:	d107      	bne.n	10004b3a <watchdog_reboot+0x4a>
10004b2a:	2280      	movs	r2, #128	@ 0x80
10004b2c:	4b14      	ldr	r3, [pc, #80]	@ (10004b80 <watchdog_reboot+0x90>)
10004b2e:	0612      	lsls	r2, r2, #24
10004b30:	601a      	str	r2, [r3, #0]
10004b32:	bd10      	pop	{r4, pc}
10004b34:	4b0e      	ldr	r3, [pc, #56]	@ (10004b70 <watchdog_reboot+0x80>)
10004b36:	61d8      	str	r0, [r3, #28]
10004b38:	e7eb      	b.n	10004b12 <watchdog_reboot+0x22>
10004b3a:	0153      	lsls	r3, r2, #5
10004b3c:	1a9b      	subs	r3, r3, r2
10004b3e:	009b      	lsls	r3, r3, #2
10004b40:	189a      	adds	r2, r3, r2
10004b42:	2380      	movs	r3, #128	@ 0x80
10004b44:	0112      	lsls	r2, r2, #4
10004b46:	045b      	lsls	r3, r3, #17
10004b48:	429a      	cmp	r2, r3
10004b4a:	d209      	bcs.n	10004b60 <watchdog_reboot+0x70>
10004b4c:	0013      	movs	r3, r2
10004b4e:	490d      	ldr	r1, [pc, #52]	@ (10004b84 <watchdog_reboot+0x94>)
10004b50:	600b      	str	r3, [r1, #0]
10004b52:	4b07      	ldr	r3, [pc, #28]	@ (10004b70 <watchdog_reboot+0x80>)
10004b54:	605a      	str	r2, [r3, #4]
10004b56:	2280      	movs	r2, #128	@ 0x80
10004b58:	4b09      	ldr	r3, [pc, #36]	@ (10004b80 <watchdog_reboot+0x90>)
10004b5a:	05d2      	lsls	r2, r2, #23
10004b5c:	601a      	str	r2, [r3, #0]
10004b5e:	e7e8      	b.n	10004b32 <watchdog_reboot+0x42>
10004b60:	4b09      	ldr	r3, [pc, #36]	@ (10004b88 <watchdog_reboot+0x98>)
10004b62:	001a      	movs	r2, r3
10004b64:	e7f3      	b.n	10004b4e <watchdog_reboot+0x5e>
10004b66:	46c0      	nop			@ (mov r8, r8)
10004b68:	4005b000 	.word	0x4005b000
10004b6c:	b007c0d3 	.word	0xb007c0d3
10004b70:	40058000 	.word	0x40058000
10004b74:	4ff83f2d 	.word	0x4ff83f2d
10004b78:	0001fffc 	.word	0x0001fffc
10004b7c:	40012008 	.word	0x40012008
10004b80:	4005a000 	.word	0x4005a000
10004b84:	200021f8 	.word	0x200021f8
10004b88:	00ffffff 	.word	0x00ffffff

10004b8c <tick_start>:
10004b8c:	2380      	movs	r3, #128	@ 0x80
10004b8e:	4a02      	ldr	r2, [pc, #8]	@ (10004b98 <tick_start+0xc>)
10004b90:	009b      	lsls	r3, r3, #2
10004b92:	430b      	orrs	r3, r1
10004b94:	62d3      	str	r3, [r2, #44]	@ 0x2c
10004b96:	4770      	bx	lr
10004b98:	40058000 	.word	0x40058000

10004b9c <rom_func_lookup>:
10004b9c:	2300      	movs	r3, #0
10004b9e:	b510      	push	{r4, lr}
10004ba0:	0001      	movs	r1, r0
10004ba2:	8a98      	ldrh	r0, [r3, #20]
10004ba4:	8b1b      	ldrh	r3, [r3, #24]
10004ba6:	4798      	blx	r3
10004ba8:	bd10      	pop	{r4, pc}
10004baa:	46c0      	nop			@ (mov r8, r8)

10004bac <rom_data_lookup>:
10004bac:	2316      	movs	r3, #22
10004bae:	b510      	push	{r4, lr}
10004bb0:	0001      	movs	r1, r0
10004bb2:	8818      	ldrh	r0, [r3, #0]
10004bb4:	3302      	adds	r3, #2
10004bb6:	881b      	ldrh	r3, [r3, #0]
10004bb8:	4798      	blx	r3
10004bba:	bd10      	pop	{r4, pc}

10004bbc <rom_funcs_lookup>:
10004bbc:	b5f8      	push	{r3, r4, r5, r6, r7, lr}
10004bbe:	4647      	mov	r7, r8
10004bc0:	46ce      	mov	lr, r9
10004bc2:	b580      	push	{r7, lr}
10004bc4:	1e0f      	subs	r7, r1, #0
10004bc6:	d018      	beq.n	10004bfa <rom_funcs_lookup+0x3e>
10004bc8:	2314      	movs	r3, #20
10004bca:	4699      	mov	r9, r3
10004bcc:	3304      	adds	r3, #4
10004bce:	0004      	movs	r4, r0
10004bd0:	2500      	movs	r5, #0
10004bd2:	2601      	movs	r6, #1
10004bd4:	4698      	mov	r8, r3
10004bd6:	464b      	mov	r3, r9
10004bd8:	8818      	ldrh	r0, [r3, #0]
10004bda:	4643      	mov	r3, r8
10004bdc:	6821      	ldr	r1, [r4, #0]
10004bde:	881b      	ldrh	r3, [r3, #0]
10004be0:	4798      	blx	r3
10004be2:	c401      	stmia	r4!, {r0}
10004be4:	1e43      	subs	r3, r0, #1
10004be6:	4198      	sbcs	r0, r3
10004be8:	3501      	adds	r5, #1
10004bea:	4006      	ands	r6, r0
10004bec:	42af      	cmp	r7, r5
10004bee:	d1f2      	bne.n	10004bd6 <rom_funcs_lookup+0x1a>
10004bf0:	0030      	movs	r0, r6
10004bf2:	bcc0      	pop	{r6, r7}
10004bf4:	46b9      	mov	r9, r7
10004bf6:	46b0      	mov	r8, r6
10004bf8:	bdf8      	pop	{r3, r4, r5, r6, r7, pc}
10004bfa:	2601      	movs	r6, #1
10004bfc:	e7f8      	b.n	10004bf0 <rom_funcs_lookup+0x34>
10004bfe:	46c0      	nop			@ (mov r8, r8)

10004c00 <rom_reset_usb_boot_extra>:
10004c00:	2300      	movs	r3, #0
10004c02:	b570      	push	{r4, r5, r6, lr}
10004c04:	0004      	movs	r4, r0
10004c06:	000d      	movs	r5, r1
10004c08:	8a98      	ldrh	r0, [r3, #20]
10004c0a:	4905      	ldr	r1, [pc, #20]	@ (10004c20 <rom_reset_usb_boot_extra+0x20>)
10004c0c:	8b1b      	ldrh	r3, [r3, #24]
10004c0e:	4798      	blx	r3
10004c10:	0003      	movs	r3, r0
10004c12:	2000      	movs	r0, #0
10004c14:	2c00      	cmp	r4, #0
10004c16:	db01      	blt.n	10004c1c <rom_reset_usb_boot_extra+0x1c>
10004c18:	3001      	adds	r0, #1
10004c1a:	40a0      	lsls	r0, r4
10004c1c:	0029      	movs	r1, r5
10004c1e:	4798      	blx	r3
10004c20:	00004255 	.word	0x00004255

10004c24 <xosc_init>:
10004c24:	23aa      	movs	r3, #170	@ 0xaa
10004c26:	4a06      	ldr	r2, [pc, #24]	@ (10004c40 <xosc_init+0x1c>)
10004c28:	011b      	lsls	r3, r3, #4
10004c2a:	6013      	str	r3, [r2, #0]
10004c2c:	238d      	movs	r3, #141	@ 0x8d
10004c2e:	005b      	lsls	r3, r3, #1
10004c30:	60d3      	str	r3, [r2, #12]
10004c32:	4904      	ldr	r1, [pc, #16]	@ (10004c44 <xosc_init+0x20>)
10004c34:	4b04      	ldr	r3, [pc, #16]	@ (10004c48 <xosc_init+0x24>)
10004c36:	6019      	str	r1, [r3, #0]
10004c38:	6853      	ldr	r3, [r2, #4]
10004c3a:	2b00      	cmp	r3, #0
10004c3c:	dafc      	bge.n	10004c38 <xosc_init+0x14>
10004c3e:	4770      	bx	lr
10004c40:	40024000 	.word	0x40024000
10004c44:	00fab000 	.word	0x00fab000
10004c48:	40026000 	.word	0x40026000

10004c4c <first_per_core_initializer>:
10004c4c:	4770      	bx	lr
10004c4e:	46c0      	nop			@ (mov r8, r8)

10004c50 <hard_assertion_failure>:
10004c50:	b510      	push	{r4, lr}
10004c52:	4801      	ldr	r0, [pc, #4]	@ (10004c58 <hard_assertion_failure+0x8>)
10004c54:	f7fe fec2 	bl	100039dc <panic>
10004c58:	1000a858 	.word	0x1000a858

10004c5c <runtime_run_initializers>:
10004c5c:	b570      	push	{r4, r5, r6, lr}
10004c5e:	4d07      	ldr	r5, [pc, #28]	@ (10004c7c <runtime_run_initializers+0x20>)
10004c60:	4e07      	ldr	r6, [pc, #28]	@ (10004c80 <runtime_run_initializers+0x24>)
10004c62:	42b5      	cmp	r5, r6
10004c64:	d209      	bcs.n	10004c7a <runtime_run_initializers+0x1e>
10004c66:	2400      	movs	r4, #0
10004c68:	3e01      	subs	r6, #1
10004c6a:	1b76      	subs	r6, r6, r5
10004c6c:	08b6      	lsrs	r6, r6, #2
10004c6e:	cd08      	ldmia	r5!, {r3}
10004c70:	4798      	blx	r3
10004c72:	0023      	movs	r3, r4
10004c74:	3401      	adds	r4, #1
10004c76:	42b3      	cmp	r3, r6
10004c78:	d1f9      	bne.n	10004c6e <runtime_run_initializers+0x12>
10004c7a:	bd70      	pop	{r4, r5, r6, pc}
10004c7c:	1000a670 	.word	0x1000a670
10004c80:	1000a6ac 	.word	0x1000a6ac

10004c84 <runtime_init_early_resets>:
10004c84:	4b05      	ldr	r3, [pc, #20]	@ (10004c9c <runtime_init_early_resets+0x18>)
10004c86:	4a06      	ldr	r2, [pc, #24]	@ (10004ca0 <runtime_init_early_resets+0x1c>)
10004c88:	4906      	ldr	r1, [pc, #24]	@ (10004ca4 <runtime_init_early_resets+0x20>)
10004c8a:	601a      	str	r2, [r3, #0]
10004c8c:	4a06      	ldr	r2, [pc, #24]	@ (10004ca8 <runtime_init_early_resets+0x24>)
10004c8e:	4b07      	ldr	r3, [pc, #28]	@ (10004cac <runtime_init_early_resets+0x28>)
10004c90:	601a      	str	r2, [r3, #0]
10004c92:	0010      	movs	r0, r2
10004c94:	680b      	ldr	r3, [r1, #0]
10004c96:	4398      	bics	r0, r3
10004c98:	d1fb      	bne.n	10004c92 <runtime_init_early_resets+0xe>
10004c9a:	4770      	bx	lr
10004c9c:	4000e000 	.word	0x4000e000
10004ca0:	fefbcdbf 	.word	0xfefbcdbf
10004ca4:	4000c008 	.word	0x4000c008
10004ca8:	003c7ffe 	.word	0x003c7ffe
10004cac:	4000f000 	.word	0x4000f000

10004cb0 <runtime_init_usb_power_down>:
10004cb0:	4b04      	ldr	r3, [pc, #16]	@ (10004cc4 <runtime_init_usb_power_down+0x14>)
10004cb2:	6cdb      	ldr	r3, [r3, #76]	@ 0x4c
10004cb4:	2b00      	cmp	r3, #0
10004cb6:	d103      	bne.n	10004cc0 <runtime_init_usb_power_down+0x10>
10004cb8:	2280      	movs	r2, #128	@ 0x80
10004cba:	4b03      	ldr	r3, [pc, #12]	@ (10004cc8 <runtime_init_usb_power_down+0x18>)
10004cbc:	02d2      	lsls	r2, r2, #11
10004cbe:	601a      	str	r2, [r3, #0]
10004cc0:	4770      	bx	lr
10004cc2:	46c0      	nop			@ (mov r8, r8)
10004cc4:	50110000 	.word	0x50110000
10004cc8:	5011204c 	.word	0x5011204c

10004ccc <runtime_init_post_clock_resets>:
10004ccc:	4a04      	ldr	r2, [pc, #16]	@ (10004ce0 <runtime_init_post_clock_resets+0x14>)
10004cce:	4b05      	ldr	r3, [pc, #20]	@ (10004ce4 <runtime_init_post_clock_resets+0x18>)
10004cd0:	601a      	str	r2, [r3, #0]
10004cd2:	4a05      	ldr	r2, [pc, #20]	@ (10004ce8 <runtime_init_post_clock_resets+0x1c>)
10004cd4:	6813      	ldr	r3, [r2, #0]
10004cd6:	01db      	lsls	r3, r3, #7
10004cd8:	3380      	adds	r3, #128	@ 0x80
10004cda:	d1fb      	bne.n	10004cd4 <runtime_init_post_clock_resets+0x8>
10004cdc:	4770      	bx	lr
10004cde:	46c0      	nop			@ (mov r8, r8)
10004ce0:	01ffffff 	.word	0x01ffffff
10004ce4:	4000f000 	.word	0x4000f000
10004ce8:	4000c008 	.word	0x4000c008

10004cec <runtime_init_rp2040_gpio_ie_disable>:
10004cec:	2240      	movs	r2, #64	@ 0x40
10004cee:	4b03      	ldr	r3, [pc, #12]	@ (10004cfc <runtime_init_rp2040_gpio_ie_disable+0x10>)
10004cf0:	679a      	str	r2, [r3, #120]	@ 0x78
10004cf2:	675a      	str	r2, [r3, #116]	@ 0x74
10004cf4:	671a      	str	r2, [r3, #112]	@ 0x70
10004cf6:	66da      	str	r2, [r3, #108]	@ 0x6c
10004cf8:	4770      	bx	lr
10004cfa:	46c0      	nop			@ (mov r8, r8)
10004cfc:	4001f000 	.word	0x4001f000

10004d00 <runtime_init_spin_locks_reset>:
10004d00:	b510      	push	{r4, lr}
10004d02:	f7fe ff07 	bl	10003b14 <spin_locks_reset>
10004d06:	bd10      	pop	{r4, pc}

10004d08 <runtime_init_install_ram_vector_table>:
10004d08:	b5f8      	push	{r3, r4, r5, r6, r7, lr}
10004d0a:	4927      	ldr	r1, [pc, #156]	@ (10004da8 <runtime_init_install_ram_vector_table+0xa0>)
10004d0c:	4c27      	ldr	r4, [pc, #156]	@ (10004dac <runtime_init_install_ram_vector_table+0xa4>)
10004d0e:	4d28      	ldr	r5, [pc, #160]	@ (10004db0 <runtime_init_install_ram_vector_table+0xa8>)
10004d10:	1a64      	subs	r4, r4, r1
10004d12:	10a6      	asrs	r6, r4, #2
10004d14:	0032      	movs	r2, r6
10004d16:	2e30      	cmp	r6, #48	@ 0x30
10004d18:	d900      	bls.n	10004d1c <runtime_init_install_ram_vector_table+0x14>
10004d1a:	2230      	movs	r2, #48	@ 0x30
10004d1c:	0028      	movs	r0, r5
10004d1e:	0092      	lsls	r2, r2, #2
10004d20:	f000 ff7c 	bl	10005c1c <__wrap___aeabi_memcpy>
10004d24:	2cbc      	cmp	r4, #188	@ 0xbc
10004d26:	d83b      	bhi.n	10004da0 <runtime_init_install_ram_vector_table+0x98>
10004d28:	2030      	movs	r0, #48	@ 0x30
10004d2a:	232f      	movs	r3, #47	@ 0x2f
10004d2c:	192c      	adds	r4, r5, r4
10004d2e:	0764      	lsls	r4, r4, #29
10004d30:	4a20      	ldr	r2, [pc, #128]	@ (10004db4 <runtime_init_install_ram_vector_table+0xac>)
10004d32:	1b80      	subs	r0, r0, r6
10004d34:	0fe4      	lsrs	r4, r4, #31
10004d36:	1b9b      	subs	r3, r3, r6
10004d38:	2b05      	cmp	r3, #5
10004d3a:	d916      	bls.n	10004d6a <runtime_init_install_ram_vector_table+0x62>
10004d3c:	0037      	movs	r7, r6
10004d3e:	2c00      	cmp	r4, #0
10004d40:	d002      	beq.n	10004d48 <runtime_init_install_ram_vector_table+0x40>
10004d42:	00b3      	lsls	r3, r6, #2
10004d44:	1c77      	adds	r7, r6, #1
10004d46:	50ea      	str	r2, [r5, r3]
10004d48:	1b00      	subs	r0, r0, r4
10004d4a:	1933      	adds	r3, r6, r4
10004d4c:	009b      	lsls	r3, r3, #2
10004d4e:	0841      	lsrs	r1, r0, #1
10004d50:	18eb      	adds	r3, r5, r3
10004d52:	00c9      	lsls	r1, r1, #3
10004d54:	18c9      	adds	r1, r1, r3
10004d56:	601a      	str	r2, [r3, #0]
10004d58:	605a      	str	r2, [r3, #4]
10004d5a:	3308      	adds	r3, #8
10004d5c:	4299      	cmp	r1, r3
10004d5e:	d1fa      	bne.n	10004d56 <runtime_init_install_ram_vector_table+0x4e>
10004d60:	2301      	movs	r3, #1
10004d62:	4203      	tst	r3, r0
10004d64:	d01c      	beq.n	10004da0 <runtime_init_install_ram_vector_table+0x98>
10004d66:	4398      	bics	r0, r3
10004d68:	19c6      	adds	r6, r0, r7
10004d6a:	00b3      	lsls	r3, r6, #2
10004d6c:	50ea      	str	r2, [r5, r3]
10004d6e:	1c73      	adds	r3, r6, #1
10004d70:	2e2f      	cmp	r6, #47	@ 0x2f
10004d72:	d015      	beq.n	10004da0 <runtime_init_install_ram_vector_table+0x98>
10004d74:	009b      	lsls	r3, r3, #2
10004d76:	50ea      	str	r2, [r5, r3]
10004d78:	1cb3      	adds	r3, r6, #2
10004d7a:	2e2e      	cmp	r6, #46	@ 0x2e
10004d7c:	d010      	beq.n	10004da0 <runtime_init_install_ram_vector_table+0x98>
10004d7e:	009b      	lsls	r3, r3, #2
10004d80:	50ea      	str	r2, [r5, r3]
10004d82:	1cf3      	adds	r3, r6, #3
10004d84:	2e2d      	cmp	r6, #45	@ 0x2d
10004d86:	d00b      	beq.n	10004da0 <runtime_init_install_ram_vector_table+0x98>
10004d88:	009b      	lsls	r3, r3, #2
10004d8a:	50ea      	str	r2, [r5, r3]
10004d8c:	1d33      	adds	r3, r6, #4
10004d8e:	2e2c      	cmp	r6, #44	@ 0x2c
10004d90:	d006      	beq.n	10004da0 <runtime_init_install_ram_vector_table+0x98>
10004d92:	009b      	lsls	r3, r3, #2
10004d94:	50ea      	str	r2, [r5, r3]
10004d96:	1d73      	adds	r3, r6, #5
10004d98:	2e2b      	cmp	r6, #43	@ 0x2b
10004d9a:	d001      	beq.n	10004da0 <runtime_init_install_ram_vector_table+0x98>
10004d9c:	009b      	lsls	r3, r3, #2
10004d9e:	50ea      	str	r2, [r5, r3]
10004da0:	4b05      	ldr	r3, [pc, #20]	@ (10004db8 <runtime_init_install_ram_vector_table+0xb0>)
10004da2:	609d      	str	r5, [r3, #8]
10004da4:	bdf8      	pop	{r3, r4, r5, r6, r7, pc}
10004da6:	46c0      	nop			@ (mov r8, r8)
10004da8:	10000100 	.word	0x10000100
10004dac:	100001c0 	.word	0x100001c0
10004db0:	20000000 	.word	0x20000000
10004db4:	100001c1 	.word	0x100001c1
10004db8:	e000ed00 	.word	0xe000ed00

10004dbc <runtime_init_clocks>:
10004dbc:	2300      	movs	r3, #0
10004dbe:	b510      	push	{r4, lr}
10004dc0:	4c29      	ldr	r4, [pc, #164]	@ (10004e68 <runtime_init_clocks+0xac>)
10004dc2:	b082      	sub	sp, #8
10004dc4:	67a3      	str	r3, [r4, #120]	@ 0x78
10004dc6:	f7ff ff2d 	bl	10004c24 <xosc_init>
10004dca:	2201      	movs	r2, #1
10004dcc:	4b27      	ldr	r3, [pc, #156]	@ (10004e6c <runtime_init_clocks+0xb0>)
10004dce:	601a      	str	r2, [r3, #0]
10004dd0:	6c63      	ldr	r3, [r4, #68]	@ 0x44
10004dd2:	2b01      	cmp	r3, #1
10004dd4:	d1fc      	bne.n	10004dd0 <runtime_init_clocks+0x14>
10004dd6:	2203      	movs	r2, #3
10004dd8:	4b25      	ldr	r3, [pc, #148]	@ (10004e70 <runtime_init_clocks+0xb4>)
10004dda:	601a      	str	r2, [r3, #0]
10004ddc:	4a22      	ldr	r2, [pc, #136]	@ (10004e68 <runtime_init_clocks+0xac>)
10004dde:	6b93      	ldr	r3, [r2, #56]	@ 0x38
10004de0:	2b01      	cmp	r3, #1
10004de2:	d1fc      	bne.n	10004dde <runtime_init_clocks+0x22>
10004de4:	3301      	adds	r3, #1
10004de6:	9300      	str	r3, [sp, #0]
10004de8:	2101      	movs	r1, #1
10004dea:	4a22      	ldr	r2, [pc, #136]	@ (10004e74 <runtime_init_clocks+0xb8>)
10004dec:	4822      	ldr	r0, [pc, #136]	@ (10004e78 <runtime_init_clocks+0xbc>)
10004dee:	3304      	adds	r3, #4
10004df0:	f7ff fe2c 	bl	10004a4c <pll_init>
10004df4:	2305      	movs	r3, #5
10004df6:	2101      	movs	r1, #1
10004df8:	9300      	str	r3, [sp, #0]
10004dfa:	4a20      	ldr	r2, [pc, #128]	@ (10004e7c <runtime_init_clocks+0xc0>)
10004dfc:	4820      	ldr	r0, [pc, #128]	@ (10004e80 <runtime_init_clocks+0xc4>)
10004dfe:	f7ff fe25 	bl	10004a4c <pll_init>
10004e02:	2200      	movs	r2, #0
10004e04:	2102      	movs	r1, #2
10004e06:	2004      	movs	r0, #4
10004e08:	4b1e      	ldr	r3, [pc, #120]	@ (10004e84 <runtime_init_clocks+0xc8>)
10004e0a:	f7ff fda5 	bl	10004958 <clock_configure_undivided>
10004e0e:	2200      	movs	r2, #0
10004e10:	2101      	movs	r1, #1
10004e12:	2005      	movs	r0, #5
10004e14:	4b1c      	ldr	r3, [pc, #112]	@ (10004e88 <runtime_init_clocks+0xcc>)
10004e16:	f7ff fd9f 	bl	10004958 <clock_configure_undivided>
10004e1a:	2200      	movs	r2, #0
10004e1c:	2100      	movs	r1, #0
10004e1e:	2007      	movs	r0, #7
10004e20:	4b1a      	ldr	r3, [pc, #104]	@ (10004e8c <runtime_init_clocks+0xd0>)
10004e22:	f7ff fd99 	bl	10004958 <clock_configure_undivided>
10004e26:	2200      	movs	r2, #0
10004e28:	2100      	movs	r1, #0
10004e2a:	2008      	movs	r0, #8
10004e2c:	4b17      	ldr	r3, [pc, #92]	@ (10004e8c <runtime_init_clocks+0xd0>)
10004e2e:	f7ff fd93 	bl	10004958 <clock_configure_undivided>
10004e32:	2380      	movs	r3, #128	@ 0x80
10004e34:	00db      	lsls	r3, r3, #3
10004e36:	9300      	str	r3, [sp, #0]
10004e38:	2200      	movs	r2, #0
10004e3a:	2100      	movs	r1, #0
10004e3c:	2009      	movs	r0, #9
10004e3e:	4b13      	ldr	r3, [pc, #76]	@ (10004e8c <runtime_init_clocks+0xd0>)
10004e40:	f7ff fd10 	bl	10004864 <clock_configure_int_divider>
10004e44:	2200      	movs	r2, #0
10004e46:	4b10      	ldr	r3, [pc, #64]	@ (10004e88 <runtime_init_clocks+0xcc>)
10004e48:	2100      	movs	r1, #0
10004e4a:	2006      	movs	r0, #6
10004e4c:	f7ff fd84 	bl	10004958 <clock_configure_undivided>
10004e50:	2004      	movs	r0, #4
10004e52:	f7ff fdf5 	bl	10004a40 <clock_get_hz>
10004e56:	490e      	ldr	r1, [pc, #56]	@ (10004e90 <runtime_init_clocks+0xd4>)
10004e58:	f000 f84c 	bl	10004ef4 <__wrap___aeabi_uidiv>
10004e5c:	0001      	movs	r1, r0
10004e5e:	2000      	movs	r0, #0
10004e60:	f7ff fe94 	bl	10004b8c <tick_start>
10004e64:	b002      	add	sp, #8
10004e66:	bd10      	pop	{r4, pc}
10004e68:	40008000 	.word	0x40008000
10004e6c:	4000b03c 	.word	0x4000b03c
10004e70:	4000b030 	.word	0x4000b030
10004e74:	59682f00 	.word	0x59682f00
10004e78:	40028000 	.word	0x40028000
10004e7c:	47868c00 	.word	0x47868c00
10004e80:	4002c000 	.word	0x4002c000
10004e84:	00b71b00 	.word	0x00b71b00
10004e88:	07735940 	.word	0x07735940
10004e8c:	02dc6c00 	.word	0x02dc6c00
10004e90:	000f4240 	.word	0x000f4240

10004e94 <__aeabi_bits_init>:
10004e94:	4801      	ldr	r0, [pc, #4]	@ (10004e9c <__aeabi_bits_init+0x8>)
10004e96:	2104      	movs	r1, #4
10004e98:	4b01      	ldr	r3, [pc, #4]	@ (10004ea0 <__aeabi_bits_init+0xc>)
10004e9a:	4718      	bx	r3
10004e9c:	20001300 	.word	0x20001300
10004ea0:	10004bbd 	.word	0x10004bbd

10004ea4 <__wrap___aeabi_idiv>:
10004ea4:	4a12      	ldr	r2, [pc, #72]	@ (10004ef0 <divmod_s32s32_savestate+0x18>)
10004ea6:	6f93      	ldr	r3, [r2, #120]	@ 0x78
10004ea8:	089b      	lsrs	r3, r3, #2
10004eaa:	d215      	bcs.n	10004ed8 <divmod_s32s32_savestate>

10004eac <divmod_s32s32_unsafe>:
10004eac:	6690      	str	r0, [r2, #104]	@ 0x68
10004eae:	66d1      	str	r1, [r2, #108]	@ 0x6c
10004eb0:	2900      	cmp	r1, #0
10004eb2:	d005      	beq.n	10004ec0 <divmod_s32s32_unsafe+0x14>
10004eb4:	e7ff      	b.n	10004eb6 <divmod_s32s32_unsafe+0xa>
10004eb6:	e7ff      	b.n	10004eb8 <divmod_s32s32_unsafe+0xc>
10004eb8:	e7ff      	b.n	10004eba <divmod_s32s32_unsafe+0xe>
10004eba:	6f51      	ldr	r1, [r2, #116]	@ 0x74
10004ebc:	6f10      	ldr	r0, [r2, #112]	@ 0x70
10004ebe:	4770      	bx	lr
10004ec0:	b504      	push	{r2, lr}
10004ec2:	2180      	movs	r1, #128	@ 0x80
10004ec4:	0609      	lsls	r1, r1, #24
10004ec6:	17c2      	asrs	r2, r0, #31
10004ec8:	4051      	eors	r1, r2
10004eca:	2800      	cmp	r0, #0
10004ecc:	d000      	beq.n	10004ed0 <divmod_s32s32_unsafe+0x24>
10004ece:	43c8      	mvns	r0, r1
10004ed0:	f005 fb9e 	bl	1000a610 <____aeabi_idiv0_veneer>
10004ed4:	2100      	movs	r1, #0
10004ed6:	bd04      	pop	{r2, pc}

10004ed8 <divmod_s32s32_savestate>:
10004ed8:	b5f0      	push	{r4, r5, r6, r7, lr}
10004eda:	6e14      	ldr	r4, [r2, #96]	@ 0x60
10004edc:	6e55      	ldr	r5, [r2, #100]	@ 0x64
10004ede:	6f57      	ldr	r7, [r2, #116]	@ 0x74
10004ee0:	6f16      	ldr	r6, [r2, #112]	@ 0x70
10004ee2:	f7ff ffe3 	bl	10004eac <divmod_s32s32_unsafe>
10004ee6:	6614      	str	r4, [r2, #96]	@ 0x60
10004ee8:	6655      	str	r5, [r2, #100]	@ 0x64
10004eea:	6757      	str	r7, [r2, #116]	@ 0x74
10004eec:	6716      	str	r6, [r2, #112]	@ 0x70
10004eee:	bdf0      	pop	{r4, r5, r6, r7, pc}
10004ef0:	d0000000 	.word	0xd0000000

10004ef4 <__wrap___aeabi_uidiv>:
10004ef4:	4a11      	ldr	r2, [pc, #68]	@ (10004f3c <divmod_u32u32_savestate+0x18>)
10004ef6:	6f93      	ldr	r3, [r2, #120]	@ 0x78
10004ef8:	089b      	lsrs	r3, r3, #2
10004efa:	d213      	bcs.n	10004f24 <divmod_u32u32_savestate>

10004efc <divmod_u32u32_unsafe>:
10004efc:	6610      	str	r0, [r2, #96]	@ 0x60
10004efe:	6651      	str	r1, [r2, #100]	@ 0x64
10004f00:	2900      	cmp	r1, #0
10004f02:	d005      	beq.n	10004f10 <divmod_u32u32_unsafe+0x14>
10004f04:	e7ff      	b.n	10004f06 <divmod_u32u32_unsafe+0xa>
10004f06:	e7ff      	b.n	10004f08 <divmod_u32u32_unsafe+0xc>
10004f08:	e7ff      	b.n	10004f0a <divmod_u32u32_unsafe+0xe>
10004f0a:	6f51      	ldr	r1, [r2, #116]	@ 0x74
10004f0c:	6f10      	ldr	r0, [r2, #112]	@ 0x70
10004f0e:	4770      	bx	lr
10004f10:	b504      	push	{r2, lr}
10004f12:	2800      	cmp	r0, #0
10004f14:	d001      	beq.n	10004f1a <divmod_u32u32_unsafe+0x1e>
10004f16:	2000      	movs	r0, #0
10004f18:	43c0      	mvns	r0, r0
10004f1a:	f005 fb79 	bl	1000a610 <____aeabi_idiv0_veneer>
10004f1e:	2100      	movs	r1, #0
10004f20:	bd04      	pop	{r2, pc}
10004f22:	46c0      	nop			@ (mov r8, r8)

10004f24 <divmod_u32u32_savestate>:
10004f24:	b5f0      	push	{r4, r5, r6, r7, lr}
10004f26:	6e14      	ldr	r4, [r2, #96]	@ 0x60
10004f28:	6e55      	ldr	r5, [r2, #100]	@ 0x64
10004f2a:	6f57      	ldr	r7, [r2, #116]	@ 0x74
10004f2c:	6f16      	ldr	r6, [r2, #112]	@ 0x70
10004f2e:	f7ff ffe5 	bl	10004efc <divmod_u32u32_unsafe>
10004f32:	6614      	str	r4, [r2, #96]	@ 0x60
10004f34:	6655      	str	r5, [r2, #100]	@ 0x64
10004f36:	6757      	str	r7, [r2, #116]	@ 0x74
10004f38:	6716      	str	r6, [r2, #112]	@ 0x70
10004f3a:	bdf0      	pop	{r4, r5, r6, r7, pc}
10004f3c:	d0000000 	.word	0xd0000000

10004f40 <__wrap___aeabi_ldivmod>:
10004f40:	4694      	mov	ip, r2
10004f42:	4a4a      	ldr	r2, [pc, #296]	@ (1000506c <udiv0+0x1a>)
10004f44:	6f92      	ldr	r2, [r2, #120]	@ 0x78
10004f46:	0892      	lsrs	r2, r2, #2
10004f48:	4662      	mov	r2, ip
10004f4a:	d201      	bcs.n	10004f50 <divmod_s64s64_savestate>
10004f4c:	e028      	b.n	10004fa0 <divmod_s64s64_unsafe>
10004f4e:	46c0      	nop			@ (mov r8, r8)

10004f50 <divmod_s64s64_savestate>:
10004f50:	b5f0      	push	{r4, r5, r6, r7, lr}
10004f52:	4e46      	ldr	r6, [pc, #280]	@ (1000506c <udiv0+0x1a>)
10004f54:	6e34      	ldr	r4, [r6, #96]	@ 0x60
10004f56:	6e75      	ldr	r5, [r6, #100]	@ 0x64
10004f58:	6f77      	ldr	r7, [r6, #116]	@ 0x74
10004f5a:	6f36      	ldr	r6, [r6, #112]	@ 0x70
10004f5c:	f000 f820 	bl	10004fa0 <divmod_s64s64_unsafe>
10004f60:	4694      	mov	ip, r2
10004f62:	4a42      	ldr	r2, [pc, #264]	@ (1000506c <udiv0+0x1a>)
10004f64:	6614      	str	r4, [r2, #96]	@ 0x60
10004f66:	6655      	str	r5, [r2, #100]	@ 0x64
10004f68:	6757      	str	r7, [r2, #116]	@ 0x74
10004f6a:	6716      	str	r6, [r2, #112]	@ 0x70
10004f6c:	4662      	mov	r2, ip
10004f6e:	bdf0      	pop	{r4, r5, r6, r7, pc}

10004f70 <__wrap___aeabi_uldivmod>:
10004f70:	4694      	mov	ip, r2
10004f72:	4a3e      	ldr	r2, [pc, #248]	@ (1000506c <udiv0+0x1a>)
10004f74:	6f92      	ldr	r2, [r2, #120]	@ 0x78
10004f76:	0892      	lsrs	r2, r2, #2
10004f78:	4662      	mov	r2, ip
10004f7a:	d201      	bcs.n	10004f80 <divmod_u64u64_savestate>
10004f7c:	e054      	b.n	10005028 <divmod_u64u64_unsafe>
10004f7e:	46c0      	nop			@ (mov r8, r8)

10004f80 <divmod_u64u64_savestate>:
10004f80:	b5f0      	push	{r4, r5, r6, r7, lr}
10004f82:	4e3a      	ldr	r6, [pc, #232]	@ (1000506c <udiv0+0x1a>)
10004f84:	6e34      	ldr	r4, [r6, #96]	@ 0x60
10004f86:	6e75      	ldr	r5, [r6, #100]	@ 0x64
10004f88:	6f77      	ldr	r7, [r6, #116]	@ 0x74
10004f8a:	6f36      	ldr	r6, [r6, #112]	@ 0x70
10004f8c:	f000 f84c 	bl	10005028 <divmod_u64u64_unsafe>
10004f90:	4694      	mov	ip, r2
10004f92:	4a36      	ldr	r2, [pc, #216]	@ (1000506c <udiv0+0x1a>)
10004f94:	6614      	str	r4, [r2, #96]	@ 0x60
10004f96:	6655      	str	r5, [r2, #100]	@ 0x64
10004f98:	6757      	str	r7, [r2, #116]	@ 0x74
10004f9a:	6716      	str	r6, [r2, #112]	@ 0x70
10004f9c:	4662      	mov	r2, ip
10004f9e:	bdf0      	pop	{r4, r5, r6, r7, pc}

10004fa0 <divmod_s64s64_unsafe>:
10004fa0:	2b00      	cmp	r3, #0
10004fa2:	db24      	blt.n	10004fee <l42_1+0x26>
10004fa4:	d011      	beq.n	10004fca <l42_1+0x2>
10004fa6:	2900      	cmp	r1, #0
10004fa8:	da3e      	bge.n	10005028 <divmod_u64u64_unsafe>
10004faa:	b500      	push	{lr}
10004fac:	43c9      	mvns	r1, r1
10004fae:	4240      	negs	r0, r0
10004fb0:	d100      	bne.n	10004fb4 <l40_1>
10004fb2:	3101      	adds	r1, #1

10004fb4 <l40_1>:
10004fb4:	f000 f838 	bl	10005028 <divmod_u64u64_unsafe>
10004fb8:	43c9      	mvns	r1, r1
10004fba:	4240      	negs	r0, r0
10004fbc:	d100      	bne.n	10004fc0 <l41_1>
10004fbe:	3101      	adds	r1, #1

10004fc0 <l41_1>:
10004fc0:	43db      	mvns	r3, r3
10004fc2:	4252      	negs	r2, r2
10004fc4:	d100      	bne.n	10004fc8 <l42_1>
10004fc6:	3301      	adds	r3, #1

10004fc8 <l42_1>:
10004fc8:	bd00      	pop	{pc}
10004fca:	2a00      	cmp	r2, #0
10004fcc:	d1eb      	bne.n	10004fa6 <divmod_s64s64_unsafe+0x6>
10004fce:	2800      	cmp	r0, #0
10004fd0:	d101      	bne.n	10004fd6 <l42_1+0xe>
10004fd2:	2900      	cmp	r1, #0
10004fd4:	d005      	beq.n	10004fe2 <l42_1+0x1a>
10004fd6:	2000      	movs	r0, #0
10004fd8:	0fc9      	lsrs	r1, r1, #31
10004fda:	07c9      	lsls	r1, r1, #31
10004fdc:	d101      	bne.n	10004fe2 <l42_1+0x1a>
10004fde:	43c0      	mvns	r0, r0
10004fe0:	0841      	lsrs	r1, r0, #1
10004fe2:	b500      	push	{lr}
10004fe4:	f005 fb04 	bl	1000a5f0 <____aeabi_ldiv0_veneer>
10004fe8:	2200      	movs	r2, #0
10004fea:	2300      	movs	r3, #0
10004fec:	bd00      	pop	{pc}
10004fee:	b500      	push	{lr}
10004ff0:	2900      	cmp	r1, #0
10004ff2:	db0a      	blt.n	1000500a <l44_1+0x2>
10004ff4:	43db      	mvns	r3, r3
10004ff6:	4252      	negs	r2, r2
10004ff8:	d100      	bne.n	10004ffc <l43_1>
10004ffa:	3301      	adds	r3, #1

10004ffc <l43_1>:
10004ffc:	f000 f814 	bl	10005028 <divmod_u64u64_unsafe>
10005000:	43c9      	mvns	r1, r1
10005002:	4240      	negs	r0, r0
10005004:	d100      	bne.n	10005008 <l44_1>
10005006:	3101      	adds	r1, #1

10005008 <l44_1>:
10005008:	bd00      	pop	{pc}
1000500a:	43c9      	mvns	r1, r1
1000500c:	4240      	negs	r0, r0
1000500e:	d100      	bne.n	10005012 <l45_1>
10005010:	3101      	adds	r1, #1

10005012 <l45_1>:
10005012:	43db      	mvns	r3, r3
10005014:	4252      	negs	r2, r2
10005016:	d100      	bne.n	1000501a <l46_1>
10005018:	3301      	adds	r3, #1

1000501a <l46_1>:
1000501a:	f000 f805 	bl	10005028 <divmod_u64u64_unsafe>
1000501e:	43db      	mvns	r3, r3
10005020:	4252      	negs	r2, r2
10005022:	d100      	bne.n	10005026 <l47_1>
10005024:	3301      	adds	r3, #1

10005026 <l47_1>:
10005026:	bd00      	pop	{pc}

10005028 <divmod_u64u64_unsafe>:
10005028:	2900      	cmp	r1, #0
1000502a:	d123      	bne.n	10005074 <y64>
1000502c:	2b00      	cmp	r3, #0
1000502e:	d118      	bne.n	10005062 <udiv0+0x10>
10005030:	2a00      	cmp	r2, #0
10005032:	d00c      	beq.n	1000504e <divmod_u64u64_unsafe+0x26>
10005034:	46bc      	mov	ip, r7
10005036:	4f0d      	ldr	r7, [pc, #52]	@ (1000506c <udiv0+0x1a>)
10005038:	6638      	str	r0, [r7, #96]	@ 0x60
1000503a:	667a      	str	r2, [r7, #100]	@ 0x64
1000503c:	2100      	movs	r1, #0
1000503e:	2300      	movs	r3, #0
10005040:	e7ff      	b.n	10005042 <divmod_u64u64_unsafe+0x1a>
10005042:	e7ff      	b.n	10005044 <divmod_u64u64_unsafe+0x1c>
10005044:	e7ff      	b.n	10005046 <divmod_u64u64_unsafe+0x1e>
10005046:	6f7a      	ldr	r2, [r7, #116]	@ 0x74
10005048:	6f38      	ldr	r0, [r7, #112]	@ 0x70
1000504a:	4667      	mov	r7, ip
1000504c:	4770      	bx	lr
1000504e:	2800      	cmp	r0, #0
10005050:	d001      	beq.n	10005056 <udiv0+0x4>

10005052 <udiv0>:
10005052:	4807      	ldr	r0, [pc, #28]	@ (10005070 <udiv0+0x1e>)
10005054:	0001      	movs	r1, r0
10005056:	b500      	push	{lr}
10005058:	f005 faca 	bl	1000a5f0 <____aeabi_ldiv0_veneer>
1000505c:	2200      	movs	r2, #0
1000505e:	2300      	movs	r3, #0
10005060:	bd00      	pop	{pc}
10005062:	0002      	movs	r2, r0
10005064:	000b      	movs	r3, r1
10005066:	2000      	movs	r0, #0
10005068:	2100      	movs	r1, #0
1000506a:	4770      	bx	lr
1000506c:	d0000000 	.word	0xd0000000
10005070:	ffffffff 	.word	0xffffffff

10005074 <y64>:
10005074:	2b00      	cmp	r3, #0
10005076:	d000      	beq.n	1000507a <y64+0x6>
10005078:	e0bf      	b.n	100051fa <y64_x48>
1000507a:	0c13      	lsrs	r3, r2, #16
1000507c:	d128      	bne.n	100050d0 <y64_x32>
1000507e:	2a00      	cmp	r2, #0
10005080:	d0e7      	beq.n	10005052 <udiv0>
10005082:	b480      	push	{r7}
10005084:	4f11      	ldr	r7, [pc, #68]	@ (100050cc <y64+0x58>)
10005086:	6639      	str	r1, [r7, #96]	@ 0x60
10005088:	667a      	str	r2, [r7, #100]	@ 0x64
1000508a:	e7ff      	b.n	1000508c <y64+0x18>
1000508c:	e7ff      	b.n	1000508e <y64+0x1a>
1000508e:	b430      	push	{r4, r5}
10005090:	0c04      	lsrs	r4, r0, #16
10005092:	6f7b      	ldr	r3, [r7, #116]	@ 0x74
10005094:	6f39      	ldr	r1, [r7, #112]	@ 0x70
10005096:	041b      	lsls	r3, r3, #16
10005098:	4323      	orrs	r3, r4
1000509a:	663b      	str	r3, [r7, #96]	@ 0x60
1000509c:	667a      	str	r2, [r7, #100]	@ 0x64
1000509e:	e7ff      	b.n	100050a0 <y64+0x2c>
100050a0:	e7ff      	b.n	100050a2 <y64+0x2e>
100050a2:	e7ff      	b.n	100050a4 <y64+0x30>
100050a4:	46c0      	nop			@ (mov r8, r8)
100050a6:	b284      	uxth	r4, r0
100050a8:	6f7b      	ldr	r3, [r7, #116]	@ 0x74
100050aa:	6f3d      	ldr	r5, [r7, #112]	@ 0x70
100050ac:	041b      	lsls	r3, r3, #16
100050ae:	4323      	orrs	r3, r4
100050b0:	663b      	str	r3, [r7, #96]	@ 0x60
100050b2:	667a      	str	r2, [r7, #100]	@ 0x64
100050b4:	e7ff      	b.n	100050b6 <y64+0x42>
100050b6:	e7ff      	b.n	100050b8 <y64+0x44>
100050b8:	46c0      	nop			@ (mov r8, r8)
100050ba:	2300      	movs	r3, #0
100050bc:	042c      	lsls	r4, r5, #16
100050be:	0c2d      	lsrs	r5, r5, #16
100050c0:	6f7a      	ldr	r2, [r7, #116]	@ 0x74
100050c2:	6f38      	ldr	r0, [r7, #112]	@ 0x70
100050c4:	1900      	adds	r0, r0, r4
100050c6:	4169      	adcs	r1, r5
100050c8:	bcb0      	pop	{r4, r5, r7}
100050ca:	4770      	bx	lr
100050cc:	d0000000 	.word	0xd0000000

100050d0 <y64_x32>:
100050d0:	b5f0      	push	{r4, r5, r6, r7, lr}
100050d2:	4694      	mov	ip, r2
100050d4:	2500      	movs	r5, #0
100050d6:	0e14      	lsrs	r4, r2, #24
100050d8:	d101      	bne.n	100050de <y64_x32+0xe>
100050da:	0212      	lsls	r2, r2, #8
100050dc:	3508      	adds	r5, #8
100050de:	0f14      	lsrs	r4, r2, #28
100050e0:	d101      	bne.n	100050e6 <y64_x32+0x16>
100050e2:	0112      	lsls	r2, r2, #4
100050e4:	3504      	adds	r5, #4
100050e6:	0f94      	lsrs	r4, r2, #30
100050e8:	d101      	bne.n	100050ee <y64_x32+0x1e>
100050ea:	0092      	lsls	r2, r2, #2
100050ec:	3502      	adds	r5, #2
100050ee:	0fd4      	lsrs	r4, r2, #31
100050f0:	d101      	bne.n	100050f6 <y64_x32+0x26>
100050f2:	0052      	lsls	r2, r2, #1
100050f4:	3501      	adds	r5, #1
100050f6:	0bd4      	lsrs	r4, r2, #15
100050f8:	3401      	adds	r4, #1
100050fa:	4f25      	ldr	r7, [pc, #148]	@ (10005190 <y64_x32+0xc0>)
100050fc:	667c      	str	r4, [r7, #100]	@ 0x64
100050fe:	4c25      	ldr	r4, [pc, #148]	@ (10005194 <y64_x32+0xc4>)
10005100:	663c      	str	r4, [r7, #96]	@ 0x60
10005102:	0c0e      	lsrs	r6, r1, #16
10005104:	b293      	uxth	r3, r2
10005106:	e7ff      	b.n	10005108 <y64_x32+0x38>
10005108:	e7ff      	b.n	1000510a <y64_x32+0x3a>
1000510a:	e7ff      	b.n	1000510c <y64_x32+0x3c>
1000510c:	6f3c      	ldr	r4, [r7, #112]	@ 0x70
1000510e:	4366      	muls	r6, r4
10005110:	0c36      	lsrs	r6, r6, #16
10005112:	0377      	lsls	r7, r6, #13
10005114:	46be      	mov	lr, r7
10005116:	4373      	muls	r3, r6
10005118:	0bdf      	lsrs	r7, r3, #15
1000511a:	045b      	lsls	r3, r3, #17
1000511c:	1ac0      	subs	r0, r0, r3
1000511e:	41b9      	sbcs	r1, r7
10005120:	0c13      	lsrs	r3, r2, #16
10005122:	4373      	muls	r3, r6
10005124:	18db      	adds	r3, r3, r3
10005126:	1ac9      	subs	r1, r1, r3
10005128:	08ce      	lsrs	r6, r1, #3
1000512a:	4366      	muls	r6, r4
1000512c:	0c36      	lsrs	r6, r6, #16
1000512e:	44b6      	add	lr, r6
10005130:	b293      	uxth	r3, r2
10005132:	4373      	muls	r3, r6
10005134:	0f1f      	lsrs	r7, r3, #28
10005136:	011b      	lsls	r3, r3, #4
10005138:	1ac0      	subs	r0, r0, r3
1000513a:	41b9      	sbcs	r1, r7
1000513c:	0c13      	lsrs	r3, r2, #16
1000513e:	4373      	muls	r3, r6
10005140:	0b1f      	lsrs	r7, r3, #12
10005142:	051b      	lsls	r3, r3, #20
10005144:	1ac0      	subs	r0, r0, r3
10005146:	41b9      	sbcs	r1, r7
10005148:	0d86      	lsrs	r6, r0, #22
1000514a:	028f      	lsls	r7, r1, #10
1000514c:	433e      	orrs	r6, r7
1000514e:	4366      	muls	r6, r4
10005150:	0c36      	lsrs	r6, r6, #16
10005152:	2d09      	cmp	r5, #9
10005154:	db24      	blt.n	100051a0 <last0>
10005156:	0a52      	lsrs	r2, r2, #9
10005158:	4372      	muls	r2, r6
1000515a:	1a80      	subs	r0, r0, r2
1000515c:	0377      	lsls	r7, r6, #13
1000515e:	0a46      	lsrs	r6, r0, #9
10005160:	4366      	muls	r6, r4
10005162:	0c36      	lsrs	r6, r6, #16
10005164:	2316      	movs	r3, #22
10005166:	1b5b      	subs	r3, r3, r5
10005168:	40de      	lsrs	r6, r3
1000516a:	40df      	lsrs	r7, r3
1000516c:	19bf      	adds	r7, r7, r6
1000516e:	4664      	mov	r4, ip
10005170:	4366      	muls	r6, r4
10005172:	1b82      	subs	r2, r0, r6
10005174:	4670      	mov	r0, lr
10005176:	3504      	adds	r5, #4
10005178:	3306      	adds	r3, #6
1000517a:	0001      	movs	r1, r0
1000517c:	40d9      	lsrs	r1, r3
1000517e:	40a8      	lsls	r0, r5
10005180:	19c0      	adds	r0, r0, r7
10005182:	d300      	bcc.n	10005186 <y64_x32+0xb6>
10005184:	3101      	adds	r1, #1
10005186:	42a2      	cmp	r2, r4
10005188:	d206      	bcs.n	10005198 <y64_x32+0xc8>
1000518a:	2300      	movs	r3, #0
1000518c:	bdf0      	pop	{r4, r5, r6, r7, pc}
1000518e:	0000      	.short	0x0000
10005190:	d0000000 	.word	0xd0000000
10005194:	ffffffff 	.word	0xffffffff
10005198:	1b12      	subs	r2, r2, r4
1000519a:	3001      	adds	r0, #1
1000519c:	d3f3      	bcc.n	10005186 <y64_x32+0xb6>
1000519e:	e7f1      	b.n	10005184 <y64_x32+0xb4>

100051a0 <last0>:
100051a0:	2709      	movs	r7, #9
100051a2:	1b7f      	subs	r7, r7, r5
100051a4:	40fe      	lsrs	r6, r7
100051a6:	4664      	mov	r4, ip
100051a8:	b2a2      	uxth	r2, r4
100051aa:	4372      	muls	r2, r6
100051ac:	1a80      	subs	r0, r0, r2
100051ae:	d200      	bcs.n	100051b2 <last0+0x12>
100051b0:	3901      	subs	r1, #1
100051b2:	0c22      	lsrs	r2, r4, #16
100051b4:	4372      	muls	r2, r6
100051b6:	0c13      	lsrs	r3, r2, #16
100051b8:	0412      	lsls	r2, r2, #16
100051ba:	1a82      	subs	r2, r0, r2
100051bc:	4199      	sbcs	r1, r3
100051be:	000b      	movs	r3, r1
100051c0:	4670      	mov	r0, lr
100051c2:	3504      	adds	r5, #4
100051c4:	3713      	adds	r7, #19
100051c6:	0001      	movs	r1, r0
100051c8:	40f9      	lsrs	r1, r7
100051ca:	40a8      	lsls	r0, r5
100051cc:	1980      	adds	r0, r0, r6
100051ce:	d300      	bcc.n	100051d2 <last0+0x32>
100051d0:	3101      	adds	r1, #1
100051d2:	2b00      	cmp	r3, #0
100051d4:	d102      	bne.n	100051dc <last0+0x3c>
100051d6:	42a2      	cmp	r2, r4
100051d8:	d20a      	bcs.n	100051f0 <last0+0x50>
100051da:	bdf0      	pop	{r4, r5, r6, r7, pc}
100051dc:	3001      	adds	r0, #1
100051de:	d300      	bcc.n	100051e2 <last0+0x42>
100051e0:	3101      	adds	r1, #1
100051e2:	1b12      	subs	r2, r2, r4
100051e4:	d2fa      	bcs.n	100051dc <last0+0x3c>
100051e6:	3b01      	subs	r3, #1
100051e8:	d1f8      	bne.n	100051dc <last0+0x3c>
100051ea:	42a2      	cmp	r2, r4
100051ec:	d200      	bcs.n	100051f0 <last0+0x50>
100051ee:	bdf0      	pop	{r4, r5, r6, r7, pc}
100051f0:	3001      	adds	r0, #1
100051f2:	d300      	bcc.n	100051f6 <last0+0x56>
100051f4:	3101      	adds	r1, #1
100051f6:	1b12      	subs	r2, r2, r4
100051f8:	e7f7      	b.n	100051ea <last0+0x4a>

100051fa <y64_x48>:
100051fa:	b5f0      	push	{r4, r5, r6, r7, lr}
100051fc:	0c1c      	lsrs	r4, r3, #16
100051fe:	d000      	beq.n	10005202 <y64_x48+0x8>
10005200:	e080      	b.n	10005304 <y64_x64>
10005202:	b40c      	push	{r2, r3}
10005204:	2500      	movs	r5, #0
10005206:	0a1c      	lsrs	r4, r3, #8
10005208:	d104      	bne.n	10005214 <y64_x48+0x1a>
1000520a:	021b      	lsls	r3, r3, #8
1000520c:	0e16      	lsrs	r6, r2, #24
1000520e:	4333      	orrs	r3, r6
10005210:	0212      	lsls	r2, r2, #8
10005212:	3508      	adds	r5, #8
10005214:	0b1c      	lsrs	r4, r3, #12
10005216:	d104      	bne.n	10005222 <y64_x48+0x28>
10005218:	011b      	lsls	r3, r3, #4
1000521a:	0f16      	lsrs	r6, r2, #28
1000521c:	4333      	orrs	r3, r6
1000521e:	0112      	lsls	r2, r2, #4
10005220:	3504      	adds	r5, #4
10005222:	0b9c      	lsrs	r4, r3, #14
10005224:	d104      	bne.n	10005230 <y64_x48+0x36>
10005226:	009b      	lsls	r3, r3, #2
10005228:	0f96      	lsrs	r6, r2, #30
1000522a:	4333      	orrs	r3, r6
1000522c:	0092      	lsls	r2, r2, #2
1000522e:	3502      	adds	r5, #2
10005230:	0bdc      	lsrs	r4, r3, #15
10005232:	d102      	bne.n	1000523a <y64_x48+0x40>
10005234:	1892      	adds	r2, r2, r2
10005236:	415b      	adcs	r3, r3
10005238:	3501      	adds	r5, #1
1000523a:	001c      	movs	r4, r3
1000523c:	1897      	adds	r7, r2, r2
1000523e:	4164      	adcs	r4, r4
10005240:	3401      	adds	r4, #1
10005242:	4f46      	ldr	r7, [pc, #280]	@ (1000535c <y64_x64+0x58>)
10005244:	667c      	str	r4, [r7, #100]	@ 0x64
10005246:	4c46      	ldr	r4, [pc, #280]	@ (10005360 <y64_x64+0x5c>)
10005248:	663c      	str	r4, [r7, #96]	@ 0x60
1000524a:	0c0e      	lsrs	r6, r1, #16
1000524c:	e7ff      	b.n	1000524e <y64_x48+0x54>
1000524e:	e7ff      	b.n	10005250 <y64_x48+0x56>
10005250:	e7ff      	b.n	10005252 <y64_x48+0x58>
10005252:	46c0      	nop			@ (mov r8, r8)
10005254:	6f3c      	ldr	r4, [r7, #112]	@ 0x70
10005256:	4366      	muls	r6, r4
10005258:	0c36      	lsrs	r6, r6, #16
1000525a:	0377      	lsls	r7, r6, #13
1000525c:	46be      	mov	lr, r7
1000525e:	b297      	uxth	r7, r2
10005260:	4377      	muls	r7, r6
10005262:	1bc0      	subs	r0, r0, r7
10005264:	d200      	bcs.n	10005268 <y64_x48+0x6e>
10005266:	3901      	subs	r1, #1
10005268:	1bc0      	subs	r0, r0, r7
1000526a:	d200      	bcs.n	1000526e <y64_x48+0x74>
1000526c:	3901      	subs	r1, #1
1000526e:	b29f      	uxth	r7, r3
10005270:	4377      	muls	r7, r6
10005272:	1bc9      	subs	r1, r1, r7
10005274:	1bc9      	subs	r1, r1, r7
10005276:	0c17      	lsrs	r7, r2, #16
10005278:	4377      	muls	r7, r6
1000527a:	047e      	lsls	r6, r7, #17
1000527c:	0bff      	lsrs	r7, r7, #15
1000527e:	1b80      	subs	r0, r0, r6
10005280:	41b9      	sbcs	r1, r7
10005282:	08ce      	lsrs	r6, r1, #3
10005284:	4366      	muls	r6, r4
10005286:	0c36      	lsrs	r6, r6, #16
10005288:	2d0c      	cmp	r5, #12
1000528a:	db33      	blt.n	100052f4 <last1>
1000528c:	44b6      	add	lr, r6
1000528e:	0b12      	lsrs	r2, r2, #12
10005290:	051f      	lsls	r7, r3, #20
10005292:	433a      	orrs	r2, r7
10005294:	0b1b      	lsrs	r3, r3, #12
10005296:	b297      	uxth	r7, r2
10005298:	4377      	muls	r7, r6
1000529a:	1bc0      	subs	r0, r0, r7
1000529c:	d200      	bcs.n	100052a0 <y64_x48+0xa6>
1000529e:	3901      	subs	r1, #1
100052a0:	b29f      	uxth	r7, r3
100052a2:	4377      	muls	r7, r6
100052a4:	1bc9      	subs	r1, r1, r7
100052a6:	0c17      	lsrs	r7, r2, #16
100052a8:	4377      	muls	r7, r6
100052aa:	043e      	lsls	r6, r7, #16
100052ac:	0c3f      	lsrs	r7, r7, #16
100052ae:	1b80      	subs	r0, r0, r6
100052b0:	41b9      	sbcs	r1, r7
100052b2:	0d86      	lsrs	r6, r0, #22
100052b4:	028f      	lsls	r7, r1, #10
100052b6:	433e      	orrs	r6, r7
100052b8:	4366      	muls	r6, r4
100052ba:	2729      	movs	r7, #41	@ 0x29
100052bc:	1b7f      	subs	r7, r7, r5
100052be:	40fe      	lsrs	r6, r7
100052c0:	3d0c      	subs	r5, #12
100052c2:	4677      	mov	r7, lr
100052c4:	40af      	lsls	r7, r5
100052c6:	19bf      	adds	r7, r7, r6
100052c8:	bc30      	pop	{r4, r5}
100052ca:	b2a2      	uxth	r2, r4
100052cc:	b2ab      	uxth	r3, r5
100052ce:	4372      	muls	r2, r6
100052d0:	4373      	muls	r3, r6
100052d2:	1a80      	subs	r0, r0, r2
100052d4:	4199      	sbcs	r1, r3
100052d6:	0c22      	lsrs	r2, r4, #16
100052d8:	4372      	muls	r2, r6
100052da:	0c13      	lsrs	r3, r2, #16
100052dc:	0412      	lsls	r2, r2, #16
100052de:	1a80      	subs	r0, r0, r2
100052e0:	4199      	sbcs	r1, r3
100052e2:	0002      	movs	r2, r0
100052e4:	000b      	movs	r3, r1
100052e6:	3701      	adds	r7, #1
100052e8:	1b00      	subs	r0, r0, r4
100052ea:	41a9      	sbcs	r1, r5
100052ec:	d2f9      	bcs.n	100052e2 <y64_x48+0xe8>
100052ee:	1e78      	subs	r0, r7, #1
100052f0:	2100      	movs	r1, #0
100052f2:	bdf0      	pop	{r4, r5, r6, r7, pc}

100052f4 <last1>:
100052f4:	270c      	movs	r7, #12
100052f6:	1b7f      	subs	r7, r7, r5
100052f8:	40fe      	lsrs	r6, r7
100052fa:	4677      	mov	r7, lr
100052fc:	0b7f      	lsrs	r7, r7, #13
100052fe:	40af      	lsls	r7, r5
10005300:	19ff      	adds	r7, r7, r7
10005302:	e7e0      	b.n	100052c6 <y64_x48+0xcc>

10005304 <y64_x64>:
10005304:	2400      	movs	r4, #0
10005306:	1c5d      	adds	r5, r3, #1
10005308:	d007      	beq.n	1000531a <y64_x64+0x16>
1000530a:	4f14      	ldr	r7, [pc, #80]	@ (1000535c <y64_x64+0x58>)
1000530c:	667d      	str	r5, [r7, #100]	@ 0x64
1000530e:	6639      	str	r1, [r7, #96]	@ 0x60
10005310:	e7ff      	b.n	10005312 <y64_x64+0xe>
10005312:	e7ff      	b.n	10005314 <y64_x64+0x10>
10005314:	e7ff      	b.n	10005316 <y64_x64+0x12>
10005316:	e7ff      	b.n	10005318 <y64_x64+0x14>
10005318:	6f3c      	ldr	r4, [r7, #112]	@ 0x70
1000531a:	b295      	uxth	r5, r2
1000531c:	b29e      	uxth	r6, r3
1000531e:	4365      	muls	r5, r4
10005320:	4366      	muls	r6, r4
10005322:	1b40      	subs	r0, r0, r5
10005324:	41b1      	sbcs	r1, r6
10005326:	0c15      	lsrs	r5, r2, #16
10005328:	0c1e      	lsrs	r6, r3, #16
1000532a:	4365      	muls	r5, r4
1000532c:	4366      	muls	r6, r4
1000532e:	0436      	lsls	r6, r6, #16
10005330:	0c2f      	lsrs	r7, r5, #16
10005332:	433e      	orrs	r6, r7
10005334:	042d      	lsls	r5, r5, #16
10005336:	1b40      	subs	r0, r0, r5
10005338:	41b1      	sbcs	r1, r6
1000533a:	4299      	cmp	r1, r3
1000533c:	d204      	bcs.n	10005348 <y64_x64+0x44>
1000533e:	0002      	movs	r2, r0
10005340:	000b      	movs	r3, r1
10005342:	0020      	movs	r0, r4
10005344:	2100      	movs	r1, #0
10005346:	bdf0      	pop	{r4, r5, r6, r7, pc}
10005348:	d101      	bne.n	1000534e <y64_x64+0x4a>
1000534a:	4290      	cmp	r0, r2
1000534c:	d3f7      	bcc.n	1000533e <y64_x64+0x3a>
1000534e:	1a80      	subs	r0, r0, r2
10005350:	4199      	sbcs	r1, r3
10005352:	3401      	adds	r4, #1
10005354:	4299      	cmp	r1, r3
10005356:	d3f2      	bcc.n	1000533e <y64_x64+0x3a>
10005358:	e7f6      	b.n	10005348 <y64_x64+0x44>
1000535a:	0000      	.short	0x0000
1000535c:	d0000000 	.word	0xd0000000
10005360:	ffffffff 	.word	0xffffffff

10005364 <__wrap___aeabi_drsub>:
10005364:	4048      	eors	r0, r1
10005366:	4041      	eors	r1, r0
10005368:	4048      	eors	r0, r1

1000536a <__wrap___aeabi_dsub>:
1000536a:	b418      	push	{r3, r4}
1000536c:	4b1b      	ldr	r3, [pc, #108]	@ (100053dc <__wrap___aeabi_dmul+0x12>)
1000536e:	685b      	ldr	r3, [r3, #4]
10005370:	46fc      	mov	ip, pc
10005372:	9301      	str	r3, [sp, #4]
10005374:	bd08      	pop	{r3, pc}
10005376:	df04      	.short	0xdf04
10005378:	1000560f 	.word	0x1000560f

1000537c <__wrap___aeabi_dadd>:
1000537c:	b418      	push	{r3, r4}
1000537e:	4b17      	ldr	r3, [pc, #92]	@ (100053dc <__wrap___aeabi_dmul+0x12>)
10005380:	681b      	ldr	r3, [r3, #0]
10005382:	46fc      	mov	ip, pc
10005384:	9301      	str	r3, [sp, #4]
10005386:	bd08      	pop	{r3, pc}
10005388:	5619df00 	.word	0x5619df00
1000538c:	1000      	.short	0x1000

1000538e <__wrap___aeabi_ddiv>:
1000538e:	4694      	mov	ip, r2
10005390:	4a13      	ldr	r2, [pc, #76]	@ (100053e0 <__wrap___aeabi_dmul+0x16>)
10005392:	6f92      	ldr	r2, [r2, #120]	@ 0x78
10005394:	0892      	lsrs	r2, r2, #2
10005396:	d209      	bcs.n	100053ac <ddiv_save_state>
10005398:	4662      	mov	r2, ip

1000539a <ddiv_shim_call>:
1000539a:	b418      	push	{r3, r4}
1000539c:	4b0f      	ldr	r3, [pc, #60]	@ (100053dc <__wrap___aeabi_dmul+0x12>)
1000539e:	68db      	ldr	r3, [r3, #12]
100053a0:	46fc      	mov	ip, pc
100053a2:	9301      	str	r3, [sp, #4]
100053a4:	bd08      	pop	{r3, pc}
100053a6:	df0c      	.short	0xdf0c
100053a8:	100058d1 	.word	0x100058d1

100053ac <ddiv_save_state>:
100053ac:	4a0c      	ldr	r2, [pc, #48]	@ (100053e0 <__wrap___aeabi_dmul+0x16>)
100053ae:	b5f0      	push	{r4, r5, r6, r7, lr}
100053b0:	6e14      	ldr	r4, [r2, #96]	@ 0x60
100053b2:	6e55      	ldr	r5, [r2, #100]	@ 0x64
100053b4:	6f57      	ldr	r7, [r2, #116]	@ 0x74
100053b6:	6f16      	ldr	r6, [r2, #112]	@ 0x70
100053b8:	4662      	mov	r2, ip
100053ba:	f7ff ffee 	bl	1000539a <ddiv_shim_call>
100053be:	4a08      	ldr	r2, [pc, #32]	@ (100053e0 <__wrap___aeabi_dmul+0x16>)
100053c0:	6614      	str	r4, [r2, #96]	@ 0x60
100053c2:	6655      	str	r5, [r2, #100]	@ 0x64
100053c4:	6757      	str	r7, [r2, #116]	@ 0x74
100053c6:	6716      	str	r6, [r2, #112]	@ 0x70
100053c8:	bdf0      	pop	{r4, r5, r6, r7, pc}

100053ca <__wrap___aeabi_dmul>:
100053ca:	b418      	push	{r3, r4}
100053cc:	4b03      	ldr	r3, [pc, #12]	@ (100053dc <__wrap___aeabi_dmul+0x12>)
100053ce:	689b      	ldr	r3, [r3, #8]
100053d0:	46fc      	mov	ip, pc
100053d2:	9301      	str	r3, [sp, #4]
100053d4:	bd08      	pop	{r3, pc}
100053d6:	df08      	.short	0xdf08
100053d8:	10005775 	.word	0x10005775
100053dc:	200014f0 	.word	0x200014f0
100053e0:	d0000000 	.word	0xd0000000

100053e4 <__wrap___aeabi_cdrcmple>:
100053e4:	b5ff      	push	{r0, r1, r2, r3, r4, r5, r6, r7, lr}
100053e6:	4050      	eors	r0, r2
100053e8:	4042      	eors	r2, r0
100053ea:	4050      	eors	r0, r2
100053ec:	4059      	eors	r1, r3
100053ee:	404b      	eors	r3, r1
100053f0:	4059      	eors	r1, r3
100053f2:	e000      	b.n	100053f6 <__aeabi_dfcmple_guts>

100053f4 <__wrap___aeabi_cdcmpeq>:
100053f4:	b5ff      	push	{r0, r1, r2, r3, r4, r5, r6, r7, lr}

100053f6 <__aeabi_dfcmple_guts>:
100053f6:	4f15      	ldr	r7, [pc, #84]	@ (1000544c <__aeabi_dfcmple_guts+0x56>)
100053f8:	004c      	lsls	r4, r1, #1
100053fa:	0d64      	lsrs	r4, r4, #21
100053fc:	d003      	beq.n	10005406 <__aeabi_dfcmple_guts+0x10>
100053fe:	42bc      	cmp	r4, r7
10005400:	d104      	bne.n	1000540c <__aeabi_dfcmple_guts+0x16>
10005402:	030c      	lsls	r4, r1, #12
10005404:	d814      	bhi.n	10005430 <__aeabi_dfcmple_guts+0x3a>
10005406:	2000      	movs	r0, #0
10005408:	0d09      	lsrs	r1, r1, #20
1000540a:	0509      	lsls	r1, r1, #20
1000540c:	005c      	lsls	r4, r3, #1
1000540e:	0d64      	lsrs	r4, r4, #21
10005410:	d003      	beq.n	1000541a <__aeabi_dfcmple_guts+0x24>
10005412:	42bc      	cmp	r4, r7
10005414:	d104      	bne.n	10005420 <__aeabi_dfcmple_guts+0x2a>
10005416:	031c      	lsls	r4, r3, #12
10005418:	d80a      	bhi.n	10005430 <__aeabi_dfcmple_guts+0x3a>
1000541a:	2200      	movs	r2, #0
1000541c:	0d1b      	lsrs	r3, r3, #20
1000541e:	051b      	lsls	r3, r3, #20
10005420:	2601      	movs	r6, #1
10005422:	404b      	eors	r3, r1
10005424:	d409      	bmi.n	1000543a <__aeabi_dfcmple_guts+0x44>
10005426:	404b      	eors	r3, r1
10005428:	d503      	bpl.n	10005432 <__aeabi_dfcmple_guts+0x3c>
1000542a:	428b      	cmp	r3, r1
1000542c:	d100      	bne.n	10005430 <__aeabi_dfcmple_guts+0x3a>
1000542e:	4282      	cmp	r2, r0
10005430:	bdff      	pop	{r0, r1, r2, r3, r4, r5, r6, r7, pc}
10005432:	4299      	cmp	r1, r3
10005434:	d1fc      	bne.n	10005430 <__aeabi_dfcmple_guts+0x3a>
10005436:	4290      	cmp	r0, r2
10005438:	bdff      	pop	{r0, r1, r2, r3, r4, r5, r6, r7, pc}
1000543a:	430b      	orrs	r3, r1
1000543c:	18db      	adds	r3, r3, r3
1000543e:	4303      	orrs	r3, r0
10005440:	4313      	orrs	r3, r2
10005442:	d0f5      	beq.n	10005430 <__aeabi_dfcmple_guts+0x3a>
10005444:	43c9      	mvns	r1, r1
10005446:	1849      	adds	r1, r1, r1
10005448:	bdff      	pop	{r0, r1, r2, r3, r4, r5, r6, r7, pc}
1000544a:	0000      	.short	0x0000
1000544c:	000007ff 	.word	0x000007ff

10005450 <__wrap___aeabi_dcmplt>:
10005450:	b500      	push	{lr}
10005452:	f7ff ffcf 	bl	100053f4 <__wrap___aeabi_cdcmpeq>
10005456:	4180      	sbcs	r0, r0
10005458:	bd00      	pop	{pc}
1000545a:	46c0      	nop			@ (mov r8, r8)

1000545c <__wrap___aeabi_dcmple>:
1000545c:	b500      	push	{lr}
1000545e:	f7ff ffc9 	bl	100053f4 <__wrap___aeabi_cdcmpeq>
10005462:	d901      	bls.n	10005468 <__wrap___aeabi_dcmple+0xc>
10005464:	2000      	movs	r0, #0
10005466:	bd00      	pop	{pc}
10005468:	2001      	movs	r0, #1
1000546a:	bd00      	pop	{pc}

1000546c <__wrap___aeabi_dcmpge>:
1000546c:	b500      	push	{lr}
1000546e:	f7ff ffb9 	bl	100053e4 <__wrap___aeabi_cdrcmple>
10005472:	d901      	bls.n	10005478 <__wrap___aeabi_dcmpge+0xc>
10005474:	2000      	movs	r0, #0
10005476:	bd00      	pop	{pc}
10005478:	2001      	movs	r0, #1
1000547a:	bd00      	pop	{pc}

1000547c <__wrap___aeabi_dcmpgt>:
1000547c:	b500      	push	{lr}
1000547e:	f7ff ffb1 	bl	100053e4 <__wrap___aeabi_cdrcmple>
10005482:	4180      	sbcs	r0, r0
10005484:	bd00      	pop	{pc}

10005486 <__wrap___aeabi_dcmpun>:
10005486:	2001      	movs	r0, #1
10005488:	0540      	lsls	r0, r0, #21
1000548a:	004a      	lsls	r2, r1, #1
1000548c:	1812      	adds	r2, r2, r0
1000548e:	d804      	bhi.n	1000549a <__wrap___aeabi_dcmpun+0x14>
10005490:	005a      	lsls	r2, r3, #1
10005492:	1812      	adds	r2, r2, r0
10005494:	d801      	bhi.n	1000549a <__wrap___aeabi_dcmpun+0x14>
10005496:	2000      	movs	r0, #0
10005498:	4770      	bx	lr
1000549a:	2001      	movs	r0, #1
1000549c:	4770      	bx	lr
	...

100054a0 <__wrap___aeabi_ui2d>:
100054a0:	2100      	movs	r1, #0
100054a2:	2800      	cmp	r0, #0
100054a4:	d105      	bne.n	100054b2 <__wrap___aeabi_i2d+0xa>
100054a6:	4770      	bx	lr

100054a8 <__wrap___aeabi_i2d>:
100054a8:	17c1      	asrs	r1, r0, #31
100054aa:	4048      	eors	r0, r1
100054ac:	1a40      	subs	r0, r0, r1
100054ae:	d0fa      	beq.n	100054a6 <__wrap___aeabi_ui2d+0x6>
100054b0:	07c9      	lsls	r1, r1, #31
100054b2:	b513      	push	{r0, r1, r4, lr}
100054b4:	4b06      	ldr	r3, [pc, #24]	@ (100054d0 <__wrap___aeabi_i2d+0x28>)
100054b6:	681b      	ldr	r3, [r3, #0]
100054b8:	4798      	blx	r3
100054ba:	bc0c      	pop	{r2, r3}
100054bc:	1c44      	adds	r4, r0, #1
100054be:	40a2      	lsls	r2, r4
100054c0:	0510      	lsls	r0, r2, #20
100054c2:	0b12      	lsrs	r2, r2, #12
100054c4:	4903      	ldr	r1, [pc, #12]	@ (100054d4 <__wrap___aeabi_i2d+0x2c>)
100054c6:	1b09      	subs	r1, r1, r4
100054c8:	0509      	lsls	r1, r1, #20
100054ca:	4319      	orrs	r1, r3
100054cc:	4311      	orrs	r1, r2
100054ce:	bd10      	pop	{r4, pc}
100054d0:	20002238 	.word	0x20002238
100054d4:	0000041f 	.word	0x0000041f

100054d8 <__wrap___aeabi_d2iz>:
100054d8:	b510      	push	{r4, lr}
100054da:	004c      	lsls	r4, r1, #1
100054dc:	0d62      	lsrs	r2, r4, #21
100054de:	2380      	movs	r3, #128	@ 0x80
100054e0:	18d2      	adds	r2, r2, r3
100054e2:	00db      	lsls	r3, r3, #3
100054e4:	1ad2      	subs	r2, r2, r3
100054e6:	055b      	lsls	r3, r3, #21
100054e8:	2a7e      	cmp	r2, #126	@ 0x7e
100054ea:	dd10      	ble.n	1000550e <__wrap___aeabi_d2iz+0x36>
100054ec:	3a9e      	subs	r2, #158	@ 0x9e
100054ee:	da13      	bge.n	10005518 <__wrap___aeabi_d2iz+0x40>
100054f0:	17cc      	asrs	r4, r1, #31
100054f2:	0309      	lsls	r1, r1, #12
100054f4:	0849      	lsrs	r1, r1, #1
100054f6:	4319      	orrs	r1, r3
100054f8:	4252      	negs	r2, r2
100054fa:	40d1      	lsrs	r1, r2
100054fc:	0064      	lsls	r4, r4, #1
100054fe:	3401      	adds	r4, #1
10005500:	3215      	adds	r2, #21
10005502:	2a20      	cmp	r2, #32
10005504:	da05      	bge.n	10005512 <__wrap___aeabi_d2iz+0x3a>
10005506:	40d0      	lsrs	r0, r2
10005508:	4308      	orrs	r0, r1
1000550a:	4360      	muls	r0, r4
1000550c:	bd10      	pop	{r4, pc}
1000550e:	2000      	movs	r0, #0
10005510:	bd10      	pop	{r4, pc}
10005512:	4608      	mov	r0, r1
10005514:	4360      	muls	r0, r4
10005516:	bd10      	pop	{r4, pc}
10005518:	0fc8      	lsrs	r0, r1, #31
1000551a:	18c0      	adds	r0, r0, r3
1000551c:	3801      	subs	r0, #1
1000551e:	bd10      	pop	{r4, pc}

10005520 <__wrap___aeabi_d2uiz>:
10005520:	b418      	push	{r3, r4}
10005522:	4b04      	ldr	r3, [pc, #16]	@ (10005534 <__wrap___aeabi_d2uiz+0x14>)
10005524:	6a5b      	ldr	r3, [r3, #36]	@ 0x24
10005526:	46fc      	mov	ip, pc
10005528:	9301      	str	r3, [sp, #4]
1000552a:	bd08      	pop	{r3, pc}
1000552c:	5a81df24 	.word	0x5a81df24
10005530:	00001000 	.word	0x00001000
10005534:	200014f0 	.word	0x200014f0

10005538 <__aeabi_double_init>:
10005538:	2313      	movs	r3, #19
1000553a:	b570      	push	{r4, r5, r6, lr}
1000553c:	781d      	ldrb	r5, [r3, #0]
1000553e:	2d01      	cmp	r5, #1
10005540:	d019      	beq.n	10005576 <__aeabi_double_init+0x3e>
10005542:	dd14      	ble.n	1000556e <__aeabi_double_init+0x36>
10005544:	481f      	ldr	r0, [pc, #124]	@ (100055c4 <__aeabi_double_init+0x8c>)
10005546:	f7ff fb31 	bl	10004bac <rom_data_lookup>
1000554a:	0006      	movs	r6, r0
1000554c:	481e      	ldr	r0, [pc, #120]	@ (100055c8 <__aeabi_double_init+0x90>)
1000554e:	f7ff fb2d 	bl	10004bac <rom_data_lookup>
10005552:	4c1e      	ldr	r4, [pc, #120]	@ (100055cc <__aeabi_double_init+0x94>)
10005554:	2280      	movs	r2, #128	@ 0x80
10005556:	0031      	movs	r1, r6
10005558:	0020      	movs	r0, r4
1000555a:	f000 fb5f 	bl	10005c1c <__wrap___aeabi_memcpy>
1000555e:	2d02      	cmp	r5, #2
10005560:	d02d      	beq.n	100055be <__aeabi_double_init+0x86>
10005562:	481b      	ldr	r0, [pc, #108]	@ (100055d0 <__aeabi_double_init+0x98>)
10005564:	f7ff fb1a 	bl	10004b9c <rom_func_lookup>
10005568:	4b1a      	ldr	r3, [pc, #104]	@ (100055d4 <__aeabi_double_init+0x9c>)
1000556a:	6018      	str	r0, [r3, #0]
1000556c:	bd70      	pop	{r4, r5, r6, pc}
1000556e:	4b1a      	ldr	r3, [pc, #104]	@ (100055d8 <__aeabi_double_init+0xa0>)
10005570:	4c16      	ldr	r4, [pc, #88]	@ (100055cc <__aeabi_double_init+0x94>)
10005572:	64a3      	str	r3, [r4, #72]	@ 0x48
10005574:	e7f5      	b.n	10005562 <__aeabi_double_init+0x2a>
10005576:	4b18      	ldr	r3, [pc, #96]	@ (100055d8 <__aeabi_double_init+0xa0>)
10005578:	4c14      	ldr	r4, [pc, #80]	@ (100055cc <__aeabi_double_init+0x94>)
1000557a:	6023      	str	r3, [r4, #0]
1000557c:	6063      	str	r3, [r4, #4]
1000557e:	60a3      	str	r3, [r4, #8]
10005580:	60e3      	str	r3, [r4, #12]
10005582:	6123      	str	r3, [r4, #16]
10005584:	6163      	str	r3, [r4, #20]
10005586:	61a3      	str	r3, [r4, #24]
10005588:	61e3      	str	r3, [r4, #28]
1000558a:	6223      	str	r3, [r4, #32]
1000558c:	6263      	str	r3, [r4, #36]	@ 0x24
1000558e:	62a3      	str	r3, [r4, #40]	@ 0x28
10005590:	62e3      	str	r3, [r4, #44]	@ 0x2c
10005592:	6323      	str	r3, [r4, #48]	@ 0x30
10005594:	6363      	str	r3, [r4, #52]	@ 0x34
10005596:	63a3      	str	r3, [r4, #56]	@ 0x38
10005598:	63e3      	str	r3, [r4, #60]	@ 0x3c
1000559a:	6423      	str	r3, [r4, #64]	@ 0x40
1000559c:	6463      	str	r3, [r4, #68]	@ 0x44
1000559e:	64a3      	str	r3, [r4, #72]	@ 0x48
100055a0:	64e3      	str	r3, [r4, #76]	@ 0x4c
100055a2:	6523      	str	r3, [r4, #80]	@ 0x50
100055a4:	6563      	str	r3, [r4, #84]	@ 0x54
100055a6:	65a3      	str	r3, [r4, #88]	@ 0x58
100055a8:	65e3      	str	r3, [r4, #92]	@ 0x5c
100055aa:	6623      	str	r3, [r4, #96]	@ 0x60
100055ac:	6663      	str	r3, [r4, #100]	@ 0x64
100055ae:	66a3      	str	r3, [r4, #104]	@ 0x68
100055b0:	66e3      	str	r3, [r4, #108]	@ 0x6c
100055b2:	6723      	str	r3, [r4, #112]	@ 0x70
100055b4:	6763      	str	r3, [r4, #116]	@ 0x74
100055b6:	67a3      	str	r3, [r4, #120]	@ 0x78
100055b8:	67e3      	str	r3, [r4, #124]	@ 0x7c
100055ba:	64a3      	str	r3, [r4, #72]	@ 0x48
100055bc:	e7d1      	b.n	10005562 <__aeabi_double_init+0x2a>
100055be:	4b06      	ldr	r3, [pc, #24]	@ (100055d8 <__aeabi_double_init+0xa0>)
100055c0:	64a3      	str	r3, [r4, #72]	@ 0x48
100055c2:	e7ce      	b.n	10005562 <__aeabi_double_init+0x2a>
100055c4:	00004453 	.word	0x00004453
100055c8:	00004653 	.word	0x00004653
100055cc:	200014f0 	.word	0x200014f0
100055d0:	0000334c 	.word	0x0000334c
100055d4:	20002238 	.word	0x20002238
100055d8:	100055dd 	.word	0x100055dd

100055dc <double_table_shim_on_use_helper>:
100055dc:	b507      	push	{r0, r1, r2, lr}
100055de:	4660      	mov	r0, ip
100055e0:	8801      	ldrh	r1, [r0, #0]
100055e2:	0a0a      	lsrs	r2, r1, #8
100055e4:	3002      	adds	r0, #2
100055e6:	2adf      	cmp	r2, #223	@ 0xdf
100055e8:	d1fa      	bne.n	100055e0 <double_table_shim_on_use_helper+0x4>
100055ea:	b2c9      	uxtb	r1, r1
100055ec:	0882      	lsrs	r2, r0, #2
100055ee:	d304      	bcc.n	100055fa <double_table_shim_on_use_helper+0x1e>
100055f0:	8802      	ldrh	r2, [r0, #0]
100055f2:	8840      	ldrh	r0, [r0, #2]
100055f4:	0400      	lsls	r0, r0, #16
100055f6:	4310      	orrs	r0, r2
100055f8:	e000      	b.n	100055fc <double_table_shim_on_use_helper+0x20>
100055fa:	6800      	ldr	r0, [r0, #0]
100055fc:	4a01      	ldr	r2, [pc, #4]	@ (10005604 <double_table_shim_on_use_helper+0x28>)
100055fe:	5050      	str	r0, [r2, r1]
10005600:	9003      	str	r0, [sp, #12]
10005602:	bd07      	pop	{r0, r1, r2, pc}
10005604:	200014f0 	.word	0x200014f0

10005608 <drsub_shim>:
10005608:	b40f      	push	{r0, r1, r2, r3}
1000560a:	bc03      	pop	{r0, r1}
1000560c:	bc0c      	pop	{r2, r3}

1000560e <dsub_shim>:
1000560e:	b5f0      	push	{r4, r5, r6, r7, lr}
10005610:	2401      	movs	r4, #1
10005612:	07e4      	lsls	r4, r4, #31
10005614:	4063      	eors	r3, r4
10005616:	e000      	b.n	1000561a <da_entry>

10005618 <dadd_shim>:
10005618:	b5f0      	push	{r4, r5, r6, r7, lr}

1000561a <da_entry>:
1000561a:	0d0c      	lsrs	r4, r1, #20
1000561c:	0fcf      	lsrs	r7, r1, #31
1000561e:	1e66      	subs	r6, r4, #1
10005620:	0536      	lsls	r6, r6, #20
10005622:	1b89      	subs	r1, r1, r6
10005624:	0564      	lsls	r4, r4, #21
10005626:	d303      	bcc.n	10005630 <l8_1>
10005628:	43c9      	mvns	r1, r1
1000562a:	4240      	negs	r0, r0
1000562c:	d300      	bcc.n	10005630 <l8_1>
1000562e:	3101      	adds	r1, #1

10005630 <l8_1>:
10005630:	0d64      	lsrs	r4, r4, #21
10005632:	d003      	beq.n	1000563c <l8_2>
10005634:	1c66      	adds	r6, r4, #1
10005636:	0af6      	lsrs	r6, r6, #11
10005638:	d007      	beq.n	1000564a <l8_3>
1000563a:	1be4      	subs	r4, r4, r7

1000563c <l8_2>:
1000563c:	2000      	movs	r0, #0
1000563e:	007f      	lsls	r7, r7, #1
10005640:	1c79      	adds	r1, r7, #1
10005642:	0789      	lsls	r1, r1, #30
10005644:	1289      	asrs	r1, r1, #10
10005646:	3c80      	subs	r4, #128	@ 0x80
10005648:	0324      	lsls	r4, r4, #12

1000564a <l8_3>:
1000564a:	0d1d      	lsrs	r5, r3, #20
1000564c:	0fdf      	lsrs	r7, r3, #31
1000564e:	1e6e      	subs	r6, r5, #1
10005650:	0536      	lsls	r6, r6, #20
10005652:	1b9b      	subs	r3, r3, r6
10005654:	056d      	lsls	r5, r5, #21
10005656:	d303      	bcc.n	10005660 <l9_1>
10005658:	43db      	mvns	r3, r3
1000565a:	4252      	negs	r2, r2
1000565c:	d300      	bcc.n	10005660 <l9_1>
1000565e:	3301      	adds	r3, #1

10005660 <l9_1>:
10005660:	0d6d      	lsrs	r5, r5, #21
10005662:	d003      	beq.n	1000566c <l9_2>
10005664:	1c6e      	adds	r6, r5, #1
10005666:	0af6      	lsrs	r6, r6, #11
10005668:	d007      	beq.n	1000567a <l9_3>
1000566a:	1bed      	subs	r5, r5, r7

1000566c <l9_2>:
1000566c:	2200      	movs	r2, #0
1000566e:	007f      	lsls	r7, r7, #1
10005670:	1c7b      	adds	r3, r7, #1
10005672:	079b      	lsls	r3, r3, #30
10005674:	129b      	asrs	r3, r3, #10
10005676:	3d80      	subs	r5, #128	@ 0x80
10005678:	032d      	lsls	r5, r5, #12

1000567a <l9_3>:
1000567a:	1b2f      	subs	r7, r5, r4
1000567c:	1b66      	subs	r6, r4, r5
1000567e:	d458      	bmi.n	10005732 <da_ygtx>
10005680:	46a4      	mov	ip, r4
10005682:	2e20      	cmp	r6, #32
10005684:	da46      	bge.n	10005714 <da_xrgty>
10005686:	3720      	adds	r7, #32
10005688:	0014      	movs	r4, r2
1000568a:	40bc      	lsls	r4, r7

1000568c <da_xgty0>:
1000568c:	001d      	movs	r5, r3
1000568e:	40bd      	lsls	r5, r7
10005690:	40f2      	lsrs	r2, r6
10005692:	4133      	asrs	r3, r6
10005694:	432a      	orrs	r2, r5

10005696 <da_add>:
10005696:	1880      	adds	r0, r0, r2
10005698:	4159      	adcs	r1, r3

1000569a <da_pack>:
1000569a:	0fcb      	lsrs	r3, r1, #31
1000569c:	d005      	beq.n	100056aa <da_pack+0x10>
1000569e:	43c9      	mvns	r1, r1
100056a0:	43c0      	mvns	r0, r0
100056a2:	2200      	movs	r2, #0
100056a4:	4264      	negs	r4, r4
100056a6:	4150      	adcs	r0, r2
100056a8:	4151      	adcs	r1, r2
100056aa:	4662      	mov	r2, ip
100056ac:	0d4d      	lsrs	r5, r1, #21
100056ae:	d128      	bne.n	10005702 <da_0>
100056b0:	0d0d      	lsrs	r5, r1, #20
100056b2:	d107      	bne.n	100056c4 <da_1>
100056b4:	2800      	cmp	r0, #0
100056b6:	d01f      	beq.n	100056f8 <da_5>

100056b8 <da_2>:
100056b8:	1924      	adds	r4, r4, r4
100056ba:	4140      	adcs	r0, r0
100056bc:	4149      	adcs	r1, r1
100056be:	3a01      	subs	r2, #1
100056c0:	0d0d      	lsrs	r5, r1, #20
100056c2:	d0f9      	beq.n	100056b8 <da_2>

100056c4 <da_1>:
100056c4:	0064      	lsls	r4, r4, #1
100056c6:	d306      	bcc.n	100056d6 <da_3>

100056c8 <da_4>:
100056c8:	3001      	adds	r0, #1
100056ca:	d300      	bcc.n	100056ce <da_4+0x6>
100056cc:	3101      	adds	r1, #1
100056ce:	2c00      	cmp	r4, #0
100056d0:	d101      	bne.n	100056d6 <da_3>
100056d2:	0840      	lsrs	r0, r0, #1
100056d4:	0040      	lsls	r0, r0, #1

100056d6 <da_3>:
100056d6:	3a01      	subs	r2, #1
100056d8:	d40b      	bmi.n	100056f2 <da_6>
100056da:	1c94      	adds	r4, r2, #2
100056dc:	0ae4      	lsrs	r4, r4, #11
100056de:	d104      	bne.n	100056ea <da_7>
100056e0:	0512      	lsls	r2, r2, #20
100056e2:	4411      	add	r1, r2
100056e4:	07db      	lsls	r3, r3, #31
100056e6:	4419      	add	r1, r3
100056e8:	bdf0      	pop	{r4, r5, r6, r7, pc}

100056ea <da_7>:
100056ea:	07d9      	lsls	r1, r3, #31
100056ec:	4b20      	ldr	r3, [pc, #128]	@ (10005770 <da_xmgty+0x4>)
100056ee:	4319      	orrs	r1, r3
100056f0:	e000      	b.n	100056f4 <da_6+0x2>

100056f2 <da_6>:
100056f2:	07d9      	lsls	r1, r3, #31
100056f4:	2000      	movs	r0, #0
100056f6:	bdf0      	pop	{r4, r5, r6, r7, pc}

100056f8 <da_5>:
100056f8:	2900      	cmp	r1, #0
100056fa:	d1dd      	bne.n	100056b8 <da_2>
100056fc:	2c00      	cmp	r4, #0
100056fe:	d1db      	bne.n	100056b8 <da_2>
10005700:	bdf0      	pop	{r4, r5, r6, r7, pc}

10005702 <da_0>:
10005702:	3201      	adds	r2, #1
10005704:	07c6      	lsls	r6, r0, #31
10005706:	0840      	lsrs	r0, r0, #1
10005708:	07cd      	lsls	r5, r1, #31
1000570a:	4328      	orrs	r0, r5
1000570c:	0849      	lsrs	r1, r1, #1
1000570e:	2e00      	cmp	r6, #0
10005710:	d0e1      	beq.n	100056d6 <da_3>
10005712:	e7d9      	b.n	100056c8 <da_4>

10005714 <da_xrgty>:
10005714:	2e3c      	cmp	r6, #60	@ 0x3c
10005716:	da29      	bge.n	1000576c <da_xmgty>
10005718:	3e20      	subs	r6, #32
1000571a:	3740      	adds	r7, #64	@ 0x40
1000571c:	0014      	movs	r4, r2
1000571e:	40bc      	lsls	r4, r7
10005720:	d000      	beq.n	10005724 <da_xrgty+0x10>
10005722:	2401      	movs	r4, #1
10005724:	40f2      	lsrs	r2, r6
10005726:	4314      	orrs	r4, r2
10005728:	001a      	movs	r2, r3
1000572a:	40bb      	lsls	r3, r7
1000572c:	431c      	orrs	r4, r3
1000572e:	17d3      	asrs	r3, r2, #31
10005730:	e7ac      	b.n	1000568c <da_xgty0>

10005732 <da_ygtx>:
10005732:	46ac      	mov	ip, r5
10005734:	2f20      	cmp	r7, #32
10005736:	da08      	bge.n	1000574a <da_yrgtx>
10005738:	3620      	adds	r6, #32
1000573a:	0004      	movs	r4, r0
1000573c:	40b4      	lsls	r4, r6

1000573e <da_ygtx0>:
1000573e:	000d      	movs	r5, r1
10005740:	40b5      	lsls	r5, r6
10005742:	40f8      	lsrs	r0, r7
10005744:	4139      	asrs	r1, r7
10005746:	4328      	orrs	r0, r5
10005748:	e7a5      	b.n	10005696 <da_add>

1000574a <da_yrgtx>:
1000574a:	2f3c      	cmp	r7, #60	@ 0x3c
1000574c:	da0c      	bge.n	10005768 <da_ymgtx>
1000574e:	3f20      	subs	r7, #32
10005750:	3640      	adds	r6, #64	@ 0x40
10005752:	0004      	movs	r4, r0
10005754:	40b4      	lsls	r4, r6
10005756:	d000      	beq.n	1000575a <da_yrgtx+0x10>
10005758:	2401      	movs	r4, #1
1000575a:	40f8      	lsrs	r0, r7
1000575c:	4304      	orrs	r4, r0
1000575e:	0008      	movs	r0, r1
10005760:	40b1      	lsls	r1, r6
10005762:	430c      	orrs	r4, r1
10005764:	17c1      	asrs	r1, r0, #31
10005766:	e7ea      	b.n	1000573e <da_ygtx0>

10005768 <da_ymgtx>:
10005768:	0010      	movs	r0, r2
1000576a:	0019      	movs	r1, r3

1000576c <da_xmgty>:
1000576c:	2400      	movs	r4, #0
1000576e:	e794      	b.n	1000569a <da_pack>
10005770:	7ff00000 	.word	0x7ff00000

10005774 <dmul_shim>:
10005774:	b5f0      	push	{r4, r5, r6, r7, lr}
10005776:	0d0c      	lsrs	r4, r1, #20
10005778:	1e66      	subs	r6, r4, #1
1000577a:	0536      	lsls	r6, r6, #20
1000577c:	1b89      	subs	r1, r1, r6
1000577e:	0ae6      	lsrs	r6, r4, #11
10005780:	0564      	lsls	r4, r4, #21
10005782:	0d64      	lsrs	r4, r4, #21
10005784:	d002      	beq.n	1000578c <l12_1>
10005786:	1c65      	adds	r5, r4, #1
10005788:	0aed      	lsrs	r5, r5, #11
1000578a:	d004      	beq.n	10005796 <l12_2>

1000578c <l12_1>:
1000578c:	2000      	movs	r0, #0
1000578e:	2101      	movs	r1, #1
10005790:	0509      	lsls	r1, r1, #20
10005792:	3c80      	subs	r4, #128	@ 0x80
10005794:	0324      	lsls	r4, r4, #12

10005796 <l12_2>:
10005796:	46a4      	mov	ip, r4
10005798:	0d1c      	lsrs	r4, r3, #20
1000579a:	1e67      	subs	r7, r4, #1
1000579c:	053f      	lsls	r7, r7, #20
1000579e:	1bdb      	subs	r3, r3, r7
100057a0:	0ae7      	lsrs	r7, r4, #11
100057a2:	0564      	lsls	r4, r4, #21
100057a4:	0d64      	lsrs	r4, r4, #21
100057a6:	d002      	beq.n	100057ae <l13_1>
100057a8:	1c65      	adds	r5, r4, #1
100057aa:	0aed      	lsrs	r5, r5, #11
100057ac:	d004      	beq.n	100057b8 <l13_2>

100057ae <l13_1>:
100057ae:	2200      	movs	r2, #0
100057b0:	2301      	movs	r3, #1
100057b2:	051b      	lsls	r3, r3, #20
100057b4:	3c80      	subs	r4, #128	@ 0x80
100057b6:	0324      	lsls	r4, r4, #12

100057b8 <l13_2>:
100057b8:	4077      	eors	r7, r6
100057ba:	4464      	add	r4, ip
100057bc:	b497      	push	{r0, r1, r2, r4, r7}
100057be:	b284      	uxth	r4, r0
100057c0:	b296      	uxth	r6, r2
100057c2:	4374      	muls	r4, r6
100057c4:	0c07      	lsrs	r7, r0, #16
100057c6:	437e      	muls	r6, r7
100057c8:	0c15      	lsrs	r5, r2, #16
100057ca:	436f      	muls	r7, r5
100057cc:	b280      	uxth	r0, r0
100057ce:	4368      	muls	r0, r5
100057d0:	1836      	adds	r6, r6, r0
100057d2:	d302      	bcc.n	100057da <l14_1>
100057d4:	2001      	movs	r0, #1
100057d6:	0400      	lsls	r0, r0, #16
100057d8:	183f      	adds	r7, r7, r0

100057da <l14_1>:
100057da:	0430      	lsls	r0, r6, #16
100057dc:	0c35      	lsrs	r5, r6, #16
100057de:	1900      	adds	r0, r0, r4
100057e0:	417d      	adcs	r5, r7
100057e2:	4684      	mov	ip, r0
100057e4:	b288      	uxth	r0, r1
100057e6:	b29a      	uxth	r2, r3
100057e8:	4350      	muls	r0, r2
100057ea:	0c0c      	lsrs	r4, r1, #16
100057ec:	4362      	muls	r2, r4
100057ee:	0c1f      	lsrs	r7, r3, #16
100057f0:	437c      	muls	r4, r7
100057f2:	b28e      	uxth	r6, r1
100057f4:	437e      	muls	r6, r7
100057f6:	1992      	adds	r2, r2, r6
100057f8:	d302      	bcc.n	10005800 <l15_1>
100057fa:	2601      	movs	r6, #1
100057fc:	0436      	lsls	r6, r6, #16
100057fe:	19a4      	adds	r4, r4, r6

10005800 <l15_1>:
10005800:	0416      	lsls	r6, r2, #16
10005802:	0c17      	lsrs	r7, r2, #16
10005804:	1836      	adds	r6, r6, r0
10005806:	4167      	adcs	r7, r4
10005808:	bc01      	pop	{r0}
1000580a:	b281      	uxth	r1, r0
1000580c:	b29a      	uxth	r2, r3
1000580e:	4351      	muls	r1, r2
10005810:	0c04      	lsrs	r4, r0, #16
10005812:	4362      	muls	r2, r4
10005814:	0c1b      	lsrs	r3, r3, #16
10005816:	435c      	muls	r4, r3
10005818:	b280      	uxth	r0, r0
1000581a:	4358      	muls	r0, r3
1000581c:	1812      	adds	r2, r2, r0
1000581e:	d302      	bcc.n	10005826 <l16_1>
10005820:	2001      	movs	r0, #1
10005822:	0400      	lsls	r0, r0, #16
10005824:	1824      	adds	r4, r4, r0

10005826 <l16_1>:
10005826:	0410      	lsls	r0, r2, #16
10005828:	0c13      	lsrs	r3, r2, #16
1000582a:	1840      	adds	r0, r0, r1
1000582c:	4163      	adcs	r3, r4
1000582e:	182d      	adds	r5, r5, r0
10005830:	415e      	adcs	r6, r3
10005832:	2000      	movs	r0, #0
10005834:	4147      	adcs	r7, r0
10005836:	bc06      	pop	{r1, r2}
10005838:	b288      	uxth	r0, r1
1000583a:	b293      	uxth	r3, r2
1000583c:	4358      	muls	r0, r3
1000583e:	0c0c      	lsrs	r4, r1, #16
10005840:	4363      	muls	r3, r4
10005842:	0c12      	lsrs	r2, r2, #16
10005844:	4354      	muls	r4, r2
10005846:	b289      	uxth	r1, r1
10005848:	4351      	muls	r1, r2
1000584a:	185b      	adds	r3, r3, r1
1000584c:	d302      	bcc.n	10005854 <l17_1>
1000584e:	2101      	movs	r1, #1
10005850:	0409      	lsls	r1, r1, #16
10005852:	1864      	adds	r4, r4, r1

10005854 <l17_1>:
10005854:	0419      	lsls	r1, r3, #16
10005856:	0c1a      	lsrs	r2, r3, #16
10005858:	1809      	adds	r1, r1, r0
1000585a:	4162      	adcs	r2, r4
1000585c:	186d      	adds	r5, r5, r1
1000585e:	4156      	adcs	r6, r2
10005860:	2000      	movs	r0, #0
10005862:	4147      	adcs	r7, r0
10005864:	bc18      	pop	{r3, r4}
10005866:	02f9      	lsls	r1, r7, #11
10005868:	0d72      	lsrs	r2, r6, #21
1000586a:	4311      	orrs	r1, r2
1000586c:	02f0      	lsls	r0, r6, #11
1000586e:	0d6a      	lsrs	r2, r5, #21
10005870:	4310      	orrs	r0, r2
10005872:	02ed      	lsls	r5, r5, #11
10005874:	0d0a      	lsrs	r2, r1, #20
10005876:	d103      	bne.n	10005880 <l17_1+0x2c>
10005878:	196d      	adds	r5, r5, r5
1000587a:	4140      	adcs	r0, r0
1000587c:	4149      	adcs	r1, r1
1000587e:	3b01      	subs	r3, #1
10005880:	4e12      	ldr	r6, [pc, #72]	@ (100058cc <dm_1+0xa>)
10005882:	1b9b      	subs	r3, r3, r6
10005884:	0076      	lsls	r6, r6, #1
10005886:	42b3      	cmp	r3, r6
10005888:	d20e      	bcs.n	100058a8 <dm_0>
1000588a:	006d      	lsls	r5, r5, #1
1000588c:	d307      	bcc.n	1000589e <l17_1+0x4a>
1000588e:	3001      	adds	r0, #1
10005890:	2600      	movs	r6, #0
10005892:	4171      	adcs	r1, r6
10005894:	4666      	mov	r6, ip
10005896:	4335      	orrs	r5, r6
10005898:	d101      	bne.n	1000589e <l17_1+0x4a>
1000589a:	0840      	lsrs	r0, r0, #1
1000589c:	0040      	lsls	r0, r0, #1
1000589e:	051b      	lsls	r3, r3, #20
100058a0:	18c9      	adds	r1, r1, r3

100058a2 <dm_2>:
100058a2:	07e4      	lsls	r4, r4, #31
100058a4:	4421      	add	r1, r4
100058a6:	bdf0      	pop	{r4, r5, r6, r7, pc}

100058a8 <dm_0>:
100058a8:	da0b      	bge.n	100058c2 <dm_1>
100058aa:	3301      	adds	r3, #1
100058ac:	d106      	bne.n	100058bc <dm_0+0x14>
100058ae:	3001      	adds	r0, #1
100058b0:	d104      	bne.n	100058bc <dm_0+0x14>
100058b2:	3101      	adds	r1, #1
100058b4:	0d4f      	lsrs	r7, r1, #21
100058b6:	d001      	beq.n	100058bc <dm_0+0x14>
100058b8:	0849      	lsrs	r1, r1, #1
100058ba:	e7f2      	b.n	100058a2 <dm_2>
100058bc:	07e1      	lsls	r1, r4, #31
100058be:	2000      	movs	r0, #0
100058c0:	bdf0      	pop	{r4, r5, r6, r7, pc}

100058c2 <dm_1>:
100058c2:	3601      	adds	r6, #1
100058c4:	0531      	lsls	r1, r6, #20
100058c6:	2000      	movs	r0, #0
100058c8:	e7eb      	b.n	100058a2 <dm_2>
100058ca:	0000      	.short	0x0000
100058cc:	000003ff 	.word	0x000003ff

100058d0 <ddiv_shim>:
100058d0:	b5f0      	push	{r4, r5, r6, r7, lr}

100058d2 <ddiv0>:
100058d2:	0d1c      	lsrs	r4, r3, #20
100058d4:	1e67      	subs	r7, r4, #1
100058d6:	053f      	lsls	r7, r7, #20
100058d8:	1bdb      	subs	r3, r3, r7
100058da:	0ae7      	lsrs	r7, r4, #11
100058dc:	0564      	lsls	r4, r4, #21
100058de:	0d64      	lsrs	r4, r4, #21
100058e0:	d002      	beq.n	100058e8 <l20_1>
100058e2:	1c66      	adds	r6, r4, #1
100058e4:	0af6      	lsrs	r6, r6, #11
100058e6:	d004      	beq.n	100058f2 <l20_2>

100058e8 <l20_1>:
100058e8:	2200      	movs	r2, #0
100058ea:	2301      	movs	r3, #1
100058ec:	051b      	lsls	r3, r3, #20
100058ee:	3c80      	subs	r4, #128	@ 0x80
100058f0:	0324      	lsls	r4, r4, #12

100058f2 <l20_2>:
100058f2:	25d0      	movs	r5, #208	@ 0xd0
100058f4:	062d      	lsls	r5, r5, #24
100058f6:	2600      	movs	r6, #0
100058f8:	43f6      	mvns	r6, r6
100058fa:	662e      	str	r6, [r5, #96]	@ 0x60
100058fc:	091e      	lsrs	r6, r3, #4
100058fe:	666e      	str	r6, [r5, #100]	@ 0x64
10005900:	0fce      	lsrs	r6, r1, #31
10005902:	19f6      	adds	r6, r6, r7
10005904:	46b4      	mov	ip, r6
10005906:	0049      	lsls	r1, r1, #1
10005908:	0d4f      	lsrs	r7, r1, #21
1000590a:	d002      	beq.n	10005912 <l20_2+0x20>
1000590c:	1c7e      	adds	r6, r7, #1
1000590e:	0af6      	lsrs	r6, r6, #11
10005910:	d003      	beq.n	1000591a <l20_2+0x28>
10005912:	2000      	movs	r0, #0
10005914:	2100      	movs	r1, #0
10005916:	3f40      	subs	r7, #64	@ 0x40
10005918:	033f      	lsls	r7, r7, #12
1000591a:	1b3e      	subs	r6, r7, r4
1000591c:	00b6      	lsls	r6, r6, #2
1000591e:	44b4      	add	ip, r6
10005920:	3f01      	subs	r7, #1
10005922:	057f      	lsls	r7, r7, #21
10005924:	1bc9      	subs	r1, r1, r7
10005926:	0849      	lsrs	r1, r1, #1
10005928:	6f2e      	ldr	r6, [r5, #112]	@ 0x70
1000592a:	3601      	adds	r6, #1
1000592c:	0876      	lsrs	r6, r6, #1
1000592e:	029c      	lsls	r4, r3, #10
10005930:	0d95      	lsrs	r5, r2, #22
10005932:	4325      	orrs	r5, r4
10005934:	4375      	muls	r5, r6
10005936:	13ed      	asrs	r5, r5, #15
10005938:	4375      	muls	r5, r6
1000593a:	13ad      	asrs	r5, r5, #14
1000593c:	3501      	adds	r5, #1
1000593e:	106d      	asrs	r5, r5, #1
10005940:	03f6      	lsls	r6, r6, #15
10005942:	1b76      	subs	r6, r6, r5
10005944:	b40c      	push	{r2, r3}
10005946:	02cc      	lsls	r4, r1, #11
10005948:	0d45      	lsrs	r5, r0, #21
1000594a:	432c      	orrs	r4, r5
1000594c:	b2a2      	uxth	r2, r4
1000594e:	b2b3      	uxth	r3, r6
10005950:	435a      	muls	r2, r3
10005952:	0c27      	lsrs	r7, r4, #16
10005954:	437b      	muls	r3, r7
10005956:	0c35      	lsrs	r5, r6, #16
10005958:	436f      	muls	r7, r5
1000595a:	b2a4      	uxth	r4, r4
1000595c:	436c      	muls	r4, r5
1000595e:	191b      	adds	r3, r3, r4
10005960:	d302      	bcc.n	10005968 <l21_1>
10005962:	2401      	movs	r4, #1
10005964:	0424      	lsls	r4, r4, #16
10005966:	193f      	adds	r7, r7, r4

10005968 <l21_1>:
10005968:	041c      	lsls	r4, r3, #16
1000596a:	0c1d      	lsrs	r5, r3, #16
1000596c:	18a4      	adds	r4, r4, r2
1000596e:	417d      	adcs	r5, r7
10005970:	1924      	adds	r4, r4, r4
10005972:	416d      	adcs	r5, r5
10005974:	9a00      	ldr	r2, [sp, #0]
10005976:	b291      	uxth	r1, r2
10005978:	b2ac      	uxth	r4, r5
1000597a:	4361      	muls	r1, r4
1000597c:	0c17      	lsrs	r7, r2, #16
1000597e:	437c      	muls	r4, r7
10005980:	0c2b      	lsrs	r3, r5, #16
10005982:	435f      	muls	r7, r3
10005984:	b292      	uxth	r2, r2
10005986:	435a      	muls	r2, r3
10005988:	18a4      	adds	r4, r4, r2
1000598a:	d302      	bcc.n	10005992 <l22_1>
1000598c:	2201      	movs	r2, #1
1000598e:	0412      	lsls	r2, r2, #16
10005990:	18bf      	adds	r7, r7, r2

10005992 <l22_1>:
10005992:	0422      	lsls	r2, r4, #16
10005994:	0c23      	lsrs	r3, r4, #16
10005996:	1852      	adds	r2, r2, r1
10005998:	417b      	adcs	r3, r7
1000599a:	9c01      	ldr	r4, [sp, #4]
1000599c:	436c      	muls	r4, r5
1000599e:	191b      	adds	r3, r3, r4
100059a0:	0e52      	lsrs	r2, r2, #25
100059a2:	01d9      	lsls	r1, r3, #7
100059a4:	430a      	orrs	r2, r1
100059a6:	0144      	lsls	r4, r0, #5
100059a8:	1aa0      	subs	r0, r4, r2
100059aa:	b281      	uxth	r1, r0
100059ac:	b2b2      	uxth	r2, r6
100059ae:	4351      	muls	r1, r2
100059b0:	1403      	asrs	r3, r0, #16
100059b2:	435a      	muls	r2, r3
100059b4:	0c36      	lsrs	r6, r6, #16
100059b6:	4373      	muls	r3, r6
100059b8:	b287      	uxth	r7, r0
100059ba:	4377      	muls	r7, r6
100059bc:	17d6      	asrs	r6, r2, #31
100059be:	19d2      	adds	r2, r2, r7
100059c0:	2700      	movs	r7, #0
100059c2:	417e      	adcs	r6, r7
100059c4:	0436      	lsls	r6, r6, #16
100059c6:	199b      	adds	r3, r3, r6
100059c8:	0417      	lsls	r7, r2, #16
100059ca:	0c16      	lsrs	r6, r2, #16
100059cc:	187f      	adds	r7, r7, r1
100059ce:	415e      	adcs	r6, r3
100059d0:	1673      	asrs	r3, r6, #25
100059d2:	18ed      	adds	r5, r5, r3
100059d4:	01f3      	lsls	r3, r6, #7
100059d6:	2600      	movs	r6, #0
100059d8:	3380      	adds	r3, #128	@ 0x80
100059da:	4175      	adcs	r5, r6
100059dc:	0fa9      	lsrs	r1, r5, #30
100059de:	d106      	bne.n	100059ee <dd_0>
100059e0:	0064      	lsls	r4, r4, #1
100059e2:	0a69      	lsrs	r1, r5, #9
100059e4:	05e8      	lsls	r0, r5, #23
100059e6:	0a5b      	lsrs	r3, r3, #9
100059e8:	4318      	orrs	r0, r3
100059ea:	d209      	bcs.n	10005a00 <dd_1>
100059ec:	e02f      	b.n	10005a4e <dd_2>

100059ee <dd_0>:
100059ee:	2204      	movs	r2, #4
100059f0:	4494      	add	ip, r2
100059f2:	3380      	adds	r3, #128	@ 0x80
100059f4:	4175      	adcs	r5, r6
100059f6:	0aa9      	lsrs	r1, r5, #10
100059f8:	05a8      	lsls	r0, r5, #22
100059fa:	0a9b      	lsrs	r3, r3, #10
100059fc:	4318      	orrs	r0, r3
100059fe:	d326      	bcc.n	10005a4e <dd_2>

10005a00 <dd_1>:
10005a00:	4140      	adcs	r0, r0
10005a02:	4149      	adcs	r1, r1
10005a04:	0424      	lsls	r4, r4, #16
10005a06:	9a00      	ldr	r2, [sp, #0]
10005a08:	9b01      	ldr	r3, [sp, #4]
10005a0a:	000d      	movs	r5, r1
10005a0c:	4355      	muls	r5, r2
10005a0e:	1b64      	subs	r4, r4, r5
10005a10:	4343      	muls	r3, r0
10005a12:	1ae4      	subs	r4, r4, r3
10005a14:	b295      	uxth	r5, r2
10005a16:	b286      	uxth	r6, r0
10005a18:	4375      	muls	r5, r6
10005a1a:	0c17      	lsrs	r7, r2, #16
10005a1c:	437e      	muls	r6, r7
10005a1e:	0c03      	lsrs	r3, r0, #16
10005a20:	435f      	muls	r7, r3
10005a22:	b292      	uxth	r2, r2
10005a24:	435a      	muls	r2, r3
10005a26:	18b6      	adds	r6, r6, r2
10005a28:	d302      	bcc.n	10005a30 <l24_1>
10005a2a:	2201      	movs	r2, #1
10005a2c:	0412      	lsls	r2, r2, #16
10005a2e:	18bf      	adds	r7, r7, r2

10005a30 <l24_1>:
10005a30:	0432      	lsls	r2, r6, #16
10005a32:	0c33      	lsrs	r3, r6, #16
10005a34:	1952      	adds	r2, r2, r5
10005a36:	417b      	adcs	r3, r7
10005a38:	4252      	negs	r2, r2
10005a3a:	419c      	sbcs	r4, r3
10005a3c:	2c00      	cmp	r4, #0
10005a3e:	d402      	bmi.n	10005a46 <l24_1+0x16>
10005a40:	2200      	movs	r2, #0
10005a42:	3001      	adds	r0, #1
10005a44:	4151      	adcs	r1, r2
10005a46:	0840      	lsrs	r0, r0, #1
10005a48:	07ca      	lsls	r2, r1, #31
10005a4a:	4310      	orrs	r0, r2
10005a4c:	0849      	lsrs	r1, r1, #1

10005a4e <dd_2>:
10005a4e:	b002      	add	sp, #8
10005a50:	4662      	mov	r2, ip
10005a52:	07d7      	lsls	r7, r2, #31
10005a54:	1092      	asrs	r2, r2, #2
10005a56:	4b08      	ldr	r3, [pc, #32]	@ (10005a78 <dd_4+0x6>)
10005a58:	18d2      	adds	r2, r2, r3
10005a5a:	4b08      	ldr	r3, [pc, #32]	@ (10005a7c <dd_4+0xa>)
10005a5c:	429a      	cmp	r2, r3
10005a5e:	d203      	bcs.n	10005a68 <dd_3>
10005a60:	0512      	lsls	r2, r2, #20
10005a62:	1889      	adds	r1, r1, r2

10005a64 <dd_5>:
10005a64:	19c9      	adds	r1, r1, r7
10005a66:	bdf0      	pop	{r4, r5, r6, r7, pc}

10005a68 <dd_3>:
10005a68:	2000      	movs	r0, #0
10005a6a:	2a00      	cmp	r2, #0
10005a6c:	dc01      	bgt.n	10005a72 <dd_4>
10005a6e:	0039      	movs	r1, r7
10005a70:	bdf0      	pop	{r4, r5, r6, r7, pc}

10005a72 <dd_4>:
10005a72:	3301      	adds	r3, #1
10005a74:	0519      	lsls	r1, r3, #20
10005a76:	e7f5      	b.n	10005a64 <dd_5>
10005a78:	000003fd 	.word	0x000003fd
10005a7c:	000007fe 	.word	0x000007fe

10005a80 <double2uint_shim>:
10005a80:	2200      	movs	r2, #0

10005a82 <double2ufix_shim>:
10005a82:	b500      	push	{lr}
10005a84:	3220      	adds	r2, #32
10005a86:	f000 f804 	bl	10005a92 <double2ufix64_shim>
10005a8a:	0008      	movs	r0, r1
10005a8c:	bd00      	pop	{pc}
	...

10005a90 <double2uint64_shim>:
10005a90:	2200      	movs	r2, #0

10005a92 <double2ufix64_shim>:
10005a92:	150b      	asrs	r3, r1, #20
10005a94:	d40a      	bmi.n	10005aac <ret_dzero>

10005a96 <d2fix>:
10005a96:	b510      	push	{r4, lr}
10005a98:	4694      	mov	ip, r2
10005a9a:	f000 f831 	bl	10005b00 <dunpacks>
10005a9e:	1414      	asrs	r4, r2, #16
10005aa0:	3401      	adds	r4, #1
10005aa2:	da00      	bge.n	10005aa6 <d2fix+0x10>
10005aa4:	2100      	movs	r1, #0
10005aa6:	17cb      	asrs	r3, r1, #31
10005aa8:	4c14      	ldr	r4, [pc, #80]	@ (10005afc <d2fix_a+0x4a>)
10005aaa:	4720      	bx	r4

10005aac <ret_dzero>:
10005aac:	2000      	movs	r0, #0
10005aae:	2100      	movs	r1, #0
10005ab0:	4770      	bx	lr

10005ab2 <d2fix_a>:
10005ab2:	4462      	add	r2, ip
10005ab4:	3a34      	subs	r2, #52	@ 0x34
10005ab6:	d40c      	bmi.n	10005ad2 <d2fix_a+0x20>
10005ab8:	2a0c      	cmp	r2, #12
10005aba:	da07      	bge.n	10005acc <d2fix_a+0x1a>
10005abc:	0004      	movs	r4, r0
10005abe:	4091      	lsls	r1, r2
10005ac0:	4090      	lsls	r0, r2
10005ac2:	4252      	negs	r2, r2
10005ac4:	3220      	adds	r2, #32
10005ac6:	40d4      	lsrs	r4, r2
10005ac8:	4321      	orrs	r1, r4
10005aca:	bd10      	pop	{r4, pc}
10005acc:	43d8      	mvns	r0, r3
10005ace:	43d9      	mvns	r1, r3
10005ad0:	bd10      	pop	{r4, pc}
10005ad2:	3220      	adds	r2, #32
10005ad4:	d407      	bmi.n	10005ae6 <d2fix_a+0x34>
10005ad6:	460c      	mov	r4, r1
10005ad8:	4094      	lsls	r4, r2
10005ada:	4252      	negs	r2, r2
10005adc:	3220      	adds	r2, #32
10005ade:	4111      	asrs	r1, r2
10005ae0:	40d0      	lsrs	r0, r2
10005ae2:	4320      	orrs	r0, r4
10005ae4:	bd10      	pop	{r4, pc}
10005ae6:	0008      	movs	r0, r1
10005ae8:	17c9      	asrs	r1, r1, #31
10005aea:	3220      	adds	r2, #32
10005aec:	d403      	bmi.n	10005af6 <d2fix_a+0x44>
10005aee:	4252      	negs	r2, r2
10005af0:	3220      	adds	r2, #32
10005af2:	4110      	asrs	r0, r2
10005af4:	bd10      	pop	{r4, pc}
10005af6:	0018      	movs	r0, r3
10005af8:	0019      	movs	r1, r3
10005afa:	bd10      	pop	{r4, pc}
10005afc:	10005ab3 	.word	0x10005ab3

10005b00 <dunpacks>:
10005b00:	0d0a      	lsrs	r2, r1, #20
10005b02:	0fcc      	lsrs	r4, r1, #31
10005b04:	1e53      	subs	r3, r2, #1
10005b06:	051b      	lsls	r3, r3, #20
10005b08:	1ac9      	subs	r1, r1, r3
10005b0a:	0552      	lsls	r2, r2, #21
10005b0c:	d303      	bcc.n	10005b16 <l60_1>
10005b0e:	43c9      	mvns	r1, r1
10005b10:	4240      	negs	r0, r0
10005b12:	d300      	bcc.n	10005b16 <l60_1>
10005b14:	3101      	adds	r1, #1

10005b16 <l60_1>:
10005b16:	0d52      	lsrs	r2, r2, #21
10005b18:	d003      	beq.n	10005b22 <l60_2>
10005b1a:	1c53      	adds	r3, r2, #1
10005b1c:	0adb      	lsrs	r3, r3, #11
10005b1e:	d007      	beq.n	10005b30 <l60_3>
10005b20:	1b12      	subs	r2, r2, r4

10005b22 <l60_2>:
10005b22:	2000      	movs	r0, #0
10005b24:	0064      	lsls	r4, r4, #1
10005b26:	1c61      	adds	r1, r4, #1
10005b28:	0789      	lsls	r1, r1, #30
10005b2a:	1289      	asrs	r1, r1, #10
10005b2c:	3a80      	subs	r2, #128	@ 0x80
10005b2e:	0312      	lsls	r2, r2, #12

10005b30 <l60_3>:
10005b30:	4b01      	ldr	r3, [pc, #4]	@ (10005b38 <l60_3+0x8>)
10005b32:	1ad2      	subs	r2, r2, r3
10005b34:	4770      	bx	lr
10005b36:	0000      	.short	0x0000
10005b38:	000003ff 	.word	0x000003ff

10005b3c <__wrap___aeabi_lmul>:
10005b3c:	4351      	muls	r1, r2
10005b3e:	4343      	muls	r3, r0
10005b40:	18c9      	adds	r1, r1, r3
10005b42:	468c      	mov	ip, r1
10005b44:	0c11      	lsrs	r1, r2, #16
10005b46:	b283      	uxth	r3, r0
10005b48:	434b      	muls	r3, r1
10005b4a:	b410      	push	{r4}
10005b4c:	0c04      	lsrs	r4, r0, #16
10005b4e:	4361      	muls	r1, r4
10005b50:	b292      	uxth	r2, r2
10005b52:	b280      	uxth	r0, r0
10005b54:	4350      	muls	r0, r2
10005b56:	4362      	muls	r2, r4
10005b58:	041c      	lsls	r4, r3, #16
10005b5a:	0c1b      	lsrs	r3, r3, #16
10005b5c:	1900      	adds	r0, r0, r4
10005b5e:	bc10      	pop	{r4}
10005b60:	4159      	adcs	r1, r3
10005b62:	0413      	lsls	r3, r2, #16
10005b64:	0c12      	lsrs	r2, r2, #16
10005b66:	18c0      	adds	r0, r0, r3
10005b68:	4151      	adcs	r1, r2
10005b6a:	4461      	add	r1, ip
10005b6c:	4770      	bx	lr
	...

10005b70 <__aeabi_float_init>:
10005b70:	2313      	movs	r3, #19
10005b72:	b510      	push	{r4, lr}
10005b74:	4812      	ldr	r0, [pc, #72]	@ (10005bc0 <__aeabi_float_init+0x50>)
10005b76:	781c      	ldrb	r4, [r3, #0]
10005b78:	f7ff f818 	bl	10004bac <rom_data_lookup>
10005b7c:	0001      	movs	r1, r0
10005b7e:	2c01      	cmp	r4, #1
10005b80:	d00a      	beq.n	10005b98 <__aeabi_float_init+0x28>
10005b82:	dd03      	ble.n	10005b8c <__aeabi_float_init+0x1c>
10005b84:	2280      	movs	r2, #128	@ 0x80
10005b86:	480f      	ldr	r0, [pc, #60]	@ (10005bc4 <__aeabi_float_init+0x54>)
10005b88:	f000 f848 	bl	10005c1c <__wrap___aeabi_memcpy>
10005b8c:	480e      	ldr	r0, [pc, #56]	@ (10005bc8 <__aeabi_float_init+0x58>)
10005b8e:	f7ff f805 	bl	10004b9c <rom_func_lookup>
10005b92:	4b0e      	ldr	r3, [pc, #56]	@ (10005bcc <__aeabi_float_init+0x5c>)
10005b94:	6018      	str	r0, [r3, #0]
10005b96:	bd10      	pop	{r4, pc}
10005b98:	4c0a      	ldr	r4, [pc, #40]	@ (10005bc4 <__aeabi_float_init+0x54>)
10005b9a:	2254      	movs	r2, #84	@ 0x54
10005b9c:	0020      	movs	r0, r4
10005b9e:	f000 f83d 	bl	10005c1c <__wrap___aeabi_memcpy>
10005ba2:	4b0b      	ldr	r3, [pc, #44]	@ (10005bd0 <__aeabi_float_init+0x60>)
10005ba4:	6563      	str	r3, [r4, #84]	@ 0x54
10005ba6:	65a3      	str	r3, [r4, #88]	@ 0x58
10005ba8:	65e3      	str	r3, [r4, #92]	@ 0x5c
10005baa:	6623      	str	r3, [r4, #96]	@ 0x60
10005bac:	6663      	str	r3, [r4, #100]	@ 0x64
10005bae:	66a3      	str	r3, [r4, #104]	@ 0x68
10005bb0:	66e3      	str	r3, [r4, #108]	@ 0x6c
10005bb2:	6723      	str	r3, [r4, #112]	@ 0x70
10005bb4:	6763      	str	r3, [r4, #116]	@ 0x74
10005bb6:	67a3      	str	r3, [r4, #120]	@ 0x78
10005bb8:	67e3      	str	r3, [r4, #124]	@ 0x7c
10005bba:	6223      	str	r3, [r4, #32]
10005bbc:	61e3      	str	r3, [r4, #28]
10005bbe:	e7e5      	b.n	10005b8c <__aeabi_float_init+0x1c>
10005bc0:	00004653 	.word	0x00004653
10005bc4:	200015f0 	.word	0x200015f0
10005bc8:	0000334c 	.word	0x0000334c
10005bcc:	20002238 	.word	0x20002238
10005bd0:	10005bd5 	.word	0x10005bd5

10005bd4 <float_table_shim_on_use_helper>:
10005bd4:	b507      	push	{r0, r1, r2, lr}
10005bd6:	4660      	mov	r0, ip
10005bd8:	8801      	ldrh	r1, [r0, #0]
10005bda:	0a0a      	lsrs	r2, r1, #8
10005bdc:	3002      	adds	r0, #2
10005bde:	2adf      	cmp	r2, #223	@ 0xdf
10005be0:	d1fa      	bne.n	10005bd8 <float_table_shim_on_use_helper+0x4>
10005be2:	b2c9      	uxtb	r1, r1
10005be4:	0882      	lsrs	r2, r0, #2
10005be6:	d304      	bcc.n	10005bf2 <float_table_shim_on_use_helper+0x1e>
10005be8:	8802      	ldrh	r2, [r0, #0]
10005bea:	8840      	ldrh	r0, [r0, #2]
10005bec:	0400      	lsls	r0, r0, #16
10005bee:	4310      	orrs	r0, r2
10005bf0:	e000      	b.n	10005bf4 <float_table_shim_on_use_helper+0x20>
10005bf2:	6800      	ldr	r0, [r0, #0]
10005bf4:	4a01      	ldr	r2, [pc, #4]	@ (10005bfc <float_table_shim_on_use_helper+0x28>)
10005bf6:	5050      	str	r0, [r2, r1]
10005bf8:	9003      	str	r0, [sp, #12]
10005bfa:	bd07      	pop	{r0, r1, r2, pc}
10005bfc:	200015f0 	.word	0x200015f0

10005c00 <__aeabi_mem_init>:
10005c00:	4801      	ldr	r0, [pc, #4]	@ (10005c08 <__aeabi_mem_init+0x8>)
10005c02:	2104      	movs	r1, #4
10005c04:	4b01      	ldr	r3, [pc, #4]	@ (10005c0c <__aeabi_mem_init+0xc>)
10005c06:	4718      	bx	r3
10005c08:	20001310 	.word	0x20001310
10005c0c:	10004bbd 	.word	0x10004bbd

10005c10 <__wrap_memset>:
10005c10:	4b01      	ldr	r3, [pc, #4]	@ (10005c18 <__wrap_memset+0x8>)
10005c12:	681b      	ldr	r3, [r3, #0]
10005c14:	4718      	bx	r3
10005c16:	0000      	.short	0x0000
10005c18:	20001310 	.word	0x20001310

10005c1c <__wrap___aeabi_memcpy>:
10005c1c:	4b01      	ldr	r3, [pc, #4]	@ (10005c24 <__wrap___aeabi_memcpy+0x8>)
10005c1e:	685b      	ldr	r3, [r3, #4]
10005c20:	4718      	bx	r3
10005c22:	0000      	.short	0x0000
10005c24:	20001310 	.word	0x20001310

10005c28 <_out_null>:
10005c28:	4770      	bx	lr
10005c2a:	46c0      	nop			@ (mov r8, r8)

10005c2c <_out_rev>:
10005c2c:	b5f8      	push	{r3, r4, r5, r6, r7, lr}
10005c2e:	4657      	mov	r7, sl
10005c30:	46de      	mov	lr, fp
10005c32:	464e      	mov	r6, r9
10005c34:	4645      	mov	r5, r8
10005c36:	b5e0      	push	{r5, r6, r7, lr}
10005c38:	4699      	mov	r9, r3
10005c3a:	9b0a      	ldr	r3, [sp, #40]	@ 0x28
10005c3c:	0007      	movs	r7, r0
10005c3e:	469a      	mov	sl, r3
10005c40:	9b0d      	ldr	r3, [sp, #52]	@ 0x34
10005c42:	4688      	mov	r8, r1
10005c44:	4693      	mov	fp, r2
10005c46:	9c0b      	ldr	r4, [sp, #44]	@ 0x2c
10005c48:	079b      	lsls	r3, r3, #30
10005c4a:	d13b      	bne.n	10005cc4 <_out_rev+0x98>
10005c4c:	9b0c      	ldr	r3, [sp, #48]	@ 0x30
10005c4e:	429c      	cmp	r4, r3
10005c50:	d23d      	bcs.n	10005cce <_out_rev+0xa2>
10005c52:	1b1e      	subs	r6, r3, r4
10005c54:	940b      	str	r4, [sp, #44]	@ 0x2c
10005c56:	0015      	movs	r5, r2
10005c58:	000c      	movs	r4, r1
10005c5a:	445e      	add	r6, fp
10005c5c:	002a      	movs	r2, r5
10005c5e:	464b      	mov	r3, r9
10005c60:	3501      	adds	r5, #1
10005c62:	0021      	movs	r1, r4
10005c64:	2020      	movs	r0, #32
10005c66:	47b8      	blx	r7
10005c68:	42b5      	cmp	r5, r6
10005c6a:	d1f7      	bne.n	10005c5c <_out_rev+0x30>
10005c6c:	46a0      	mov	r8, r4
10005c6e:	9c0b      	ldr	r4, [sp, #44]	@ 0x2c
10005c70:	2c00      	cmp	r4, #0
10005c72:	d020      	beq.n	10005cb6 <_out_rev+0x8a>
10005c74:	4645      	mov	r5, r8
10005c76:	1936      	adds	r6, r6, r4
10005c78:	4653      	mov	r3, sl
10005c7a:	1b32      	subs	r2, r6, r4
10005c7c:	3c01      	subs	r4, #1
10005c7e:	5d18      	ldrb	r0, [r3, r4]
10005c80:	0029      	movs	r1, r5
10005c82:	464b      	mov	r3, r9
10005c84:	47b8      	blx	r7
10005c86:	2c00      	cmp	r4, #0
10005c88:	d1f6      	bne.n	10005c78 <_out_rev+0x4c>
10005c8a:	002b      	movs	r3, r5
10005c8c:	0035      	movs	r5, r6
10005c8e:	4698      	mov	r8, r3
10005c90:	9b0d      	ldr	r3, [sp, #52]	@ 0x34
10005c92:	079b      	lsls	r3, r3, #30
10005c94:	d50f      	bpl.n	10005cb6 <_out_rev+0x8a>
10005c96:	465b      	mov	r3, fp
10005c98:	1aec      	subs	r4, r5, r3
10005c9a:	9b0c      	ldr	r3, [sp, #48]	@ 0x30
10005c9c:	42a3      	cmp	r3, r4
10005c9e:	d90a      	bls.n	10005cb6 <_out_rev+0x8a>
10005ca0:	4646      	mov	r6, r8
10005ca2:	4698      	mov	r8, r3
10005ca4:	002a      	movs	r2, r5
10005ca6:	464b      	mov	r3, r9
10005ca8:	0031      	movs	r1, r6
10005caa:	2020      	movs	r0, #32
10005cac:	3401      	adds	r4, #1
10005cae:	47b8      	blx	r7
10005cb0:	3501      	adds	r5, #1
10005cb2:	4544      	cmp	r4, r8
10005cb4:	d3f6      	bcc.n	10005ca4 <_out_rev+0x78>
10005cb6:	0028      	movs	r0, r5
10005cb8:	bcf0      	pop	{r4, r5, r6, r7}
10005cba:	46bb      	mov	fp, r7
10005cbc:	46b2      	mov	sl, r6
10005cbe:	46a9      	mov	r9, r5
10005cc0:	46a0      	mov	r8, r4
10005cc2:	bdf8      	pop	{r3, r4, r5, r6, r7, pc}
10005cc4:	0016      	movs	r6, r2
10005cc6:	0015      	movs	r5, r2
10005cc8:	2c00      	cmp	r4, #0
10005cca:	d1d3      	bne.n	10005c74 <_out_rev+0x48>
10005ccc:	e7e0      	b.n	10005c90 <_out_rev+0x64>
10005cce:	0016      	movs	r6, r2
10005cd0:	0015      	movs	r5, r2
10005cd2:	2c00      	cmp	r4, #0
10005cd4:	d1ce      	bne.n	10005c74 <_out_rev+0x48>
10005cd6:	e7ee      	b.n	10005cb6 <_out_rev+0x8a>

10005cd8 <_ntoa_format>:
10005cd8:	b5f0      	push	{r4, r5, r6, r7, lr}
10005cda:	4645      	mov	r5, r8
10005cdc:	46de      	mov	lr, fp
10005cde:	4657      	mov	r7, sl
10005ce0:	464e      	mov	r6, r9
10005ce2:	b5e0      	push	{r5, r6, r7, lr}
10005ce4:	b085      	sub	sp, #20
10005ce6:	469c      	mov	ip, r3
10005ce8:	ab10      	add	r3, sp, #64	@ 0x40
10005cea:	781b      	ldrb	r3, [r3, #0]
10005cec:	9f14      	ldr	r7, [sp, #80]	@ 0x50
10005cee:	4693      	mov	fp, r2
10005cf0:	4698      	mov	r8, r3
10005cf2:	9c0f      	ldr	r4, [sp, #60]	@ 0x3c
10005cf4:	9e12      	ldr	r6, [sp, #72]	@ 0x48
10005cf6:	9d13      	ldr	r5, [sp, #76]	@ 0x4c
10005cf8:	07bb      	lsls	r3, r7, #30
10005cfa:	d44c      	bmi.n	10005d96 <_ntoa_format+0xbe>
10005cfc:	2d00      	cmp	r5, #0
10005cfe:	d142      	bne.n	10005d86 <_ntoa_format+0xae>
10005d00:	42b4      	cmp	r4, r6
10005d02:	d248      	bcs.n	10005d96 <_ntoa_format+0xbe>
10005d04:	2301      	movs	r3, #1
10005d06:	403b      	ands	r3, r7
10005d08:	4699      	mov	r9, r3
10005d0a:	9b0e      	ldr	r3, [sp, #56]	@ 0x38
10005d0c:	3b01      	subs	r3, #1
10005d0e:	469a      	mov	sl, r3
10005d10:	2330      	movs	r3, #48	@ 0x30
10005d12:	e004      	b.n	10005d1e <_ntoa_format+0x46>
10005d14:	4652      	mov	r2, sl
10005d16:	3401      	adds	r4, #1
10005d18:	5513      	strb	r3, [r2, r4]
10005d1a:	42a6      	cmp	r6, r4
10005d1c:	d901      	bls.n	10005d22 <_ntoa_format+0x4a>
10005d1e:	2c20      	cmp	r4, #32
10005d20:	d1f8      	bne.n	10005d14 <_ntoa_format+0x3c>
10005d22:	464b      	mov	r3, r9
10005d24:	2b00      	cmp	r3, #0
10005d26:	d100      	bne.n	10005d2a <_ntoa_format+0x52>
10005d28:	e083      	b.n	10005e32 <_ntoa_format+0x15a>
10005d2a:	9b0e      	ldr	r3, [sp, #56]	@ 0x38
10005d2c:	3b01      	subs	r3, #1
10005d2e:	4699      	mov	r9, r3
10005d30:	2330      	movs	r3, #48	@ 0x30
10005d32:	42a5      	cmp	r5, r4
10005d34:	d805      	bhi.n	10005d42 <_ntoa_format+0x6a>
10005d36:	e02e      	b.n	10005d96 <_ntoa_format+0xbe>
10005d38:	464a      	mov	r2, r9
10005d3a:	3401      	adds	r4, #1
10005d3c:	5513      	strb	r3, [r2, r4]
10005d3e:	42ac      	cmp	r4, r5
10005d40:	d029      	beq.n	10005d96 <_ntoa_format+0xbe>
10005d42:	2c20      	cmp	r4, #32
10005d44:	d1f8      	bne.n	10005d38 <_ntoa_format+0x60>
10005d46:	06fb      	lsls	r3, r7, #27
10005d48:	d50c      	bpl.n	10005d64 <_ntoa_format+0x8c>
10005d4a:	057b      	lsls	r3, r7, #21
10005d4c:	d454      	bmi.n	10005df8 <_ntoa_format+0x120>
10005d4e:	42a6      	cmp	r6, r4
10005d50:	d063      	beq.n	10005e1a <_ntoa_format+0x142>
10005d52:	42a5      	cmp	r5, r4
10005d54:	d061      	beq.n	10005e1a <_ntoa_format+0x142>
10005d56:	9b11      	ldr	r3, [sp, #68]	@ 0x44
10005d58:	2b10      	cmp	r3, #16
10005d5a:	d050      	beq.n	10005dfe <_ntoa_format+0x126>
10005d5c:	2b02      	cmp	r3, #2
10005d5e:	d057      	beq.n	10005e10 <_ntoa_format+0x138>
10005d60:	2c20      	cmp	r4, #32
10005d62:	d132      	bne.n	10005dca <_ntoa_format+0xf2>
10005d64:	2320      	movs	r3, #32
10005d66:	9301      	str	r3, [sp, #4]
10005d68:	9b0e      	ldr	r3, [sp, #56]	@ 0x38
10005d6a:	465a      	mov	r2, fp
10005d6c:	9300      	str	r3, [sp, #0]
10005d6e:	9703      	str	r7, [sp, #12]
10005d70:	4663      	mov	r3, ip
10005d72:	9502      	str	r5, [sp, #8]
10005d74:	f7ff ff5a 	bl	10005c2c <_out_rev>
10005d78:	b005      	add	sp, #20
10005d7a:	bcf0      	pop	{r4, r5, r6, r7}
10005d7c:	46bb      	mov	fp, r7
10005d7e:	46b2      	mov	sl, r6
10005d80:	46a9      	mov	r9, r5
10005d82:	46a0      	mov	r8, r4
10005d84:	bdf0      	pop	{r4, r5, r6, r7, pc}
10005d86:	2301      	movs	r3, #1
10005d88:	403b      	ands	r3, r7
10005d8a:	4699      	mov	r9, r3
10005d8c:	2301      	movs	r3, #1
10005d8e:	423b      	tst	r3, r7
10005d90:	d12a      	bne.n	10005de8 <_ntoa_format+0x110>
10005d92:	42b4      	cmp	r4, r6
10005d94:	d3b9      	bcc.n	10005d0a <_ntoa_format+0x32>
10005d96:	06fb      	lsls	r3, r7, #27
10005d98:	d51c      	bpl.n	10005dd4 <_ntoa_format+0xfc>
10005d9a:	057b      	lsls	r3, r7, #21
10005d9c:	d4db      	bmi.n	10005d56 <_ntoa_format+0x7e>
10005d9e:	2c00      	cmp	r4, #0
10005da0:	d1d5      	bne.n	10005d4e <_ntoa_format+0x76>
10005da2:	9b11      	ldr	r3, [sp, #68]	@ 0x44
10005da4:	2b10      	cmp	r3, #16
10005da6:	d05b      	beq.n	10005e60 <_ntoa_format+0x188>
10005da8:	9b11      	ldr	r3, [sp, #68]	@ 0x44
10005daa:	2b02      	cmp	r3, #2
10005dac:	d06b      	beq.n	10005e86 <_ntoa_format+0x1ae>
10005dae:	2330      	movs	r3, #48	@ 0x30
10005db0:	2401      	movs	r4, #1
10005db2:	9a0e      	ldr	r2, [sp, #56]	@ 0x38
10005db4:	7013      	strb	r3, [r2, #0]
10005db6:	4643      	mov	r3, r8
10005db8:	2b00      	cmp	r3, #0
10005dba:	d110      	bne.n	10005dde <_ntoa_format+0x106>
10005dbc:	077b      	lsls	r3, r7, #29
10005dbe:	d53e      	bpl.n	10005e3e <_ntoa_format+0x166>
10005dc0:	262b      	movs	r6, #43	@ 0x2b
10005dc2:	9a0e      	ldr	r2, [sp, #56]	@ 0x38
10005dc4:	1c63      	adds	r3, r4, #1
10005dc6:	5516      	strb	r6, [r2, r4]
10005dc8:	e7cd      	b.n	10005d66 <_ntoa_format+0x8e>
10005dca:	0023      	movs	r3, r4
10005dcc:	3401      	adds	r4, #1
10005dce:	2630      	movs	r6, #48	@ 0x30
10005dd0:	9a0e      	ldr	r2, [sp, #56]	@ 0x38
10005dd2:	54d6      	strb	r6, [r2, r3]
10005dd4:	2c20      	cmp	r4, #32
10005dd6:	d0c5      	beq.n	10005d64 <_ntoa_format+0x8c>
10005dd8:	4643      	mov	r3, r8
10005dda:	2b00      	cmp	r3, #0
10005ddc:	d0ee      	beq.n	10005dbc <_ntoa_format+0xe4>
10005dde:	262d      	movs	r6, #45	@ 0x2d
10005de0:	9a0e      	ldr	r2, [sp, #56]	@ 0x38
10005de2:	1c63      	adds	r3, r4, #1
10005de4:	5516      	strb	r6, [r2, r4]
10005de6:	e7be      	b.n	10005d66 <_ntoa_format+0x8e>
10005de8:	4643      	mov	r3, r8
10005dea:	2b00      	cmp	r3, #0
10005dec:	d02f      	beq.n	10005e4e <_ntoa_format+0x176>
10005dee:	3d01      	subs	r5, #1
10005df0:	42b4      	cmp	r4, r6
10005df2:	d200      	bcs.n	10005df6 <_ntoa_format+0x11e>
10005df4:	e789      	b.n	10005d0a <_ntoa_format+0x32>
10005df6:	e798      	b.n	10005d2a <_ntoa_format+0x52>
10005df8:	9b11      	ldr	r3, [sp, #68]	@ 0x44
10005dfa:	2b10      	cmp	r3, #16
10005dfc:	d1b2      	bne.n	10005d64 <_ntoa_format+0x8c>
10005dfe:	06bb      	lsls	r3, r7, #26
10005e00:	d537      	bpl.n	10005e72 <_ntoa_format+0x19a>
10005e02:	2c20      	cmp	r4, #32
10005e04:	d0ae      	beq.n	10005d64 <_ntoa_format+0x8c>
10005e06:	2358      	movs	r3, #88	@ 0x58
10005e08:	9a0e      	ldr	r2, [sp, #56]	@ 0x38
10005e0a:	5513      	strb	r3, [r2, r4]
10005e0c:	3401      	adds	r4, #1
10005e0e:	e7a7      	b.n	10005d60 <_ntoa_format+0x88>
10005e10:	2c20      	cmp	r4, #32
10005e12:	d0a7      	beq.n	10005d64 <_ntoa_format+0x8c>
10005e14:	0023      	movs	r3, r4
10005e16:	3401      	adds	r4, #1
10005e18:	e007      	b.n	10005e2a <_ntoa_format+0x152>
10005e1a:	1e63      	subs	r3, r4, #1
10005e1c:	2c01      	cmp	r4, #1
10005e1e:	d0c0      	beq.n	10005da2 <_ntoa_format+0xca>
10005e20:	9a11      	ldr	r2, [sp, #68]	@ 0x44
10005e22:	2a10      	cmp	r2, #16
10005e24:	d031      	beq.n	10005e8a <_ntoa_format+0x1b2>
10005e26:	2a02      	cmp	r2, #2
10005e28:	d1d1      	bne.n	10005dce <_ntoa_format+0xf6>
10005e2a:	2662      	movs	r6, #98	@ 0x62
10005e2c:	9a0e      	ldr	r2, [sp, #56]	@ 0x38
10005e2e:	54d6      	strb	r6, [r2, r3]
10005e30:	e796      	b.n	10005d60 <_ntoa_format+0x88>
10005e32:	06fb      	lsls	r3, r7, #27
10005e34:	d5ce      	bpl.n	10005dd4 <_ntoa_format+0xfc>
10005e36:	057b      	lsls	r3, r7, #21
10005e38:	d400      	bmi.n	10005e3c <_ntoa_format+0x164>
10005e3a:	e788      	b.n	10005d4e <_ntoa_format+0x76>
10005e3c:	e78b      	b.n	10005d56 <_ntoa_format+0x7e>
10005e3e:	0023      	movs	r3, r4
10005e40:	073e      	lsls	r6, r7, #28
10005e42:	d590      	bpl.n	10005d66 <_ntoa_format+0x8e>
10005e44:	2620      	movs	r6, #32
10005e46:	9a0e      	ldr	r2, [sp, #56]	@ 0x38
10005e48:	3301      	adds	r3, #1
10005e4a:	5516      	strb	r6, [r2, r4]
10005e4c:	e78b      	b.n	10005d66 <_ntoa_format+0x8e>
10005e4e:	230c      	movs	r3, #12
10005e50:	403b      	ands	r3, r7
10005e52:	1e5a      	subs	r2, r3, #1
10005e54:	4193      	sbcs	r3, r2
10005e56:	1aed      	subs	r5, r5, r3
10005e58:	42b4      	cmp	r4, r6
10005e5a:	d200      	bcs.n	10005e5e <_ntoa_format+0x186>
10005e5c:	e755      	b.n	10005d0a <_ntoa_format+0x32>
10005e5e:	e764      	b.n	10005d2a <_ntoa_format+0x52>
10005e60:	06bb      	lsls	r3, r7, #26
10005e62:	d40e      	bmi.n	10005e82 <_ntoa_format+0x1aa>
10005e64:	2378      	movs	r3, #120	@ 0x78
10005e66:	9a0e      	ldr	r2, [sp, #56]	@ 0x38
10005e68:	2402      	movs	r4, #2
10005e6a:	7013      	strb	r3, [r2, #0]
10005e6c:	2330      	movs	r3, #48	@ 0x30
10005e6e:	7053      	strb	r3, [r2, #1]
10005e70:	e7a1      	b.n	10005db6 <_ntoa_format+0xde>
10005e72:	2c20      	cmp	r4, #32
10005e74:	d100      	bne.n	10005e78 <_ntoa_format+0x1a0>
10005e76:	e775      	b.n	10005d64 <_ntoa_format+0x8c>
10005e78:	2378      	movs	r3, #120	@ 0x78
10005e7a:	9a0e      	ldr	r2, [sp, #56]	@ 0x38
10005e7c:	5513      	strb	r3, [r2, r4]
10005e7e:	3401      	adds	r4, #1
10005e80:	e76e      	b.n	10005d60 <_ntoa_format+0x88>
10005e82:	2358      	movs	r3, #88	@ 0x58
10005e84:	e7ef      	b.n	10005e66 <_ntoa_format+0x18e>
10005e86:	3360      	adds	r3, #96	@ 0x60
10005e88:	e7ed      	b.n	10005e66 <_ntoa_format+0x18e>
10005e8a:	9a0e      	ldr	r2, [sp, #56]	@ 0x38
10005e8c:	1ea6      	subs	r6, r4, #2
10005e8e:	4691      	mov	r9, r2
10005e90:	444e      	add	r6, r9
10005e92:	06ba      	lsls	r2, r7, #26
10005e94:	d502      	bpl.n	10005e9c <_ntoa_format+0x1c4>
10005e96:	2258      	movs	r2, #88	@ 0x58
10005e98:	7032      	strb	r2, [r6, #0]
10005e9a:	e798      	b.n	10005dce <_ntoa_format+0xf6>
10005e9c:	2278      	movs	r2, #120	@ 0x78
10005e9e:	7032      	strb	r2, [r6, #0]
10005ea0:	e795      	b.n	10005dce <_ntoa_format+0xf6>
10005ea2:	46c0      	nop			@ (mov r8, r8)

10005ea4 <_out_char>:
10005ea4:	b510      	push	{r4, lr}
10005ea6:	2800      	cmp	r0, #0
10005ea8:	d100      	bne.n	10005eac <_out_char+0x8>
10005eaa:	bd10      	pop	{r4, pc}
10005eac:	f001 fcbe 	bl	1000782c <__wrap_putchar>
10005eb0:	e7fb      	b.n	10005eaa <_out_char+0x6>
10005eb2:	46c0      	nop			@ (mov r8, r8)

10005eb4 <_out_fct>:
10005eb4:	000b      	movs	r3, r1
10005eb6:	b510      	push	{r4, lr}
10005eb8:	2800      	cmp	r0, #0
10005eba:	d002      	beq.n	10005ec2 <_out_fct+0xe>
10005ebc:	6849      	ldr	r1, [r1, #4]
10005ebe:	681b      	ldr	r3, [r3, #0]
10005ec0:	4798      	blx	r3
10005ec2:	bd10      	pop	{r4, pc}

10005ec4 <_ftoa>:
10005ec4:	b5f0      	push	{r4, r5, r6, r7, lr}
10005ec6:	4657      	mov	r7, sl
10005ec8:	46de      	mov	lr, fp
10005eca:	464e      	mov	r6, r9
10005ecc:	4645      	mov	r5, r8
10005ece:	b5e0      	push	{r5, r6, r7, lr}
10005ed0:	b095      	sub	sp, #84	@ 0x54
10005ed2:	4683      	mov	fp, r0
10005ed4:	000f      	movs	r7, r1
10005ed6:	4692      	mov	sl, r2
10005ed8:	4698      	mov	r8, r3
10005eda:	9a1e      	ldr	r2, [sp, #120]	@ 0x78
10005edc:	9b1f      	ldr	r3, [sp, #124]	@ 0x7c
10005ede:	0010      	movs	r0, r2
10005ee0:	0019      	movs	r1, r3
10005ee2:	9e20      	ldr	r6, [sp, #128]	@ 0x80
10005ee4:	f7ff facf 	bl	10005486 <__wrap___aeabi_dcmpun>
10005ee8:	2800      	cmp	r0, #0
10005eea:	d000      	beq.n	10005eee <_ftoa+0x2a>
10005eec:	e1ea      	b.n	100062c4 <_ftoa+0x400>
10005eee:	981e      	ldr	r0, [sp, #120]	@ 0x78
10005ef0:	991f      	ldr	r1, [sp, #124]	@ 0x7c
10005ef2:	2201      	movs	r2, #1
10005ef4:	4bc5      	ldr	r3, [pc, #788]	@ (1000620c <_ftoa+0x348>)
10005ef6:	4252      	negs	r2, r2
10005ef8:	f7ff faaa 	bl	10005450 <__wrap___aeabi_dcmplt>
10005efc:	2800      	cmp	r0, #0
10005efe:	d000      	beq.n	10005f02 <_ftoa+0x3e>
10005f00:	e114      	b.n	1000612c <_ftoa+0x268>
10005f02:	981e      	ldr	r0, [sp, #120]	@ 0x78
10005f04:	991f      	ldr	r1, [sp, #124]	@ 0x7c
10005f06:	2201      	movs	r2, #1
10005f08:	4bc1      	ldr	r3, [pc, #772]	@ (10006210 <_ftoa+0x34c>)
10005f0a:	4252      	negs	r2, r2
10005f0c:	f7ff fab6 	bl	1000547c <__wrap___aeabi_dcmpgt>
10005f10:	2800      	cmp	r0, #0
10005f12:	d000      	beq.n	10005f16 <_ftoa+0x52>
10005f14:	e0e9      	b.n	100060ea <_ftoa+0x226>
10005f16:	981e      	ldr	r0, [sp, #120]	@ 0x78
10005f18:	991f      	ldr	r1, [sp, #124]	@ 0x7c
10005f1a:	2200      	movs	r2, #0
10005f1c:	4bbd      	ldr	r3, [pc, #756]	@ (10006214 <_ftoa+0x350>)
10005f1e:	f7ff faad 	bl	1000547c <__wrap___aeabi_dcmpgt>
10005f22:	2800      	cmp	r0, #0
10005f24:	d000      	beq.n	10005f28 <_ftoa+0x64>
10005f26:	e0c8      	b.n	100060ba <_ftoa+0x1f6>
10005f28:	981e      	ldr	r0, [sp, #120]	@ 0x78
10005f2a:	991f      	ldr	r1, [sp, #124]	@ 0x7c
10005f2c:	2200      	movs	r2, #0
10005f2e:	4bba      	ldr	r3, [pc, #744]	@ (10006218 <_ftoa+0x354>)
10005f30:	f7ff fa8e 	bl	10005450 <__wrap___aeabi_dcmplt>
10005f34:	2800      	cmp	r0, #0
10005f36:	d000      	beq.n	10005f3a <_ftoa+0x76>
10005f38:	e0bf      	b.n	100060ba <_ftoa+0x1f6>
10005f3a:	981e      	ldr	r0, [sp, #120]	@ 0x78
10005f3c:	991f      	ldr	r1, [sp, #124]	@ 0x7c
10005f3e:	2200      	movs	r2, #0
10005f40:	2300      	movs	r3, #0
10005f42:	f7ff fa85 	bl	10005450 <__wrap___aeabi_dcmplt>
10005f46:	2800      	cmp	r0, #0
10005f48:	d000      	beq.n	10005f4c <_ftoa+0x88>
10005f4a:	e0e4      	b.n	10006116 <_ftoa+0x252>
10005f4c:	2300      	movs	r3, #0
10005f4e:	930b      	str	r3, [sp, #44]	@ 0x2c
10005f50:	9b22      	ldr	r3, [sp, #136]	@ 0x88
10005f52:	055b      	lsls	r3, r3, #21
10005f54:	d400      	bmi.n	10005f58 <_ftoa+0x94>
10005f56:	2606      	movs	r6, #6
10005f58:	2400      	movs	r4, #0
10005f5a:	2330      	movs	r3, #48	@ 0x30
10005f5c:	e007      	b.n	10005f6e <_ftoa+0xaa>
10005f5e:	2117      	movs	r1, #23
10005f60:	aa06      	add	r2, sp, #24
10005f62:	3401      	adds	r4, #1
10005f64:	1852      	adds	r2, r2, r1
10005f66:	5513      	strb	r3, [r2, r4]
10005f68:	3e01      	subs	r6, #1
10005f6a:	2c20      	cmp	r4, #32
10005f6c:	d001      	beq.n	10005f72 <_ftoa+0xae>
10005f6e:	2e09      	cmp	r6, #9
10005f70:	d8f5      	bhi.n	10005f5e <_ftoa+0x9a>
10005f72:	981e      	ldr	r0, [sp, #120]	@ 0x78
10005f74:	991f      	ldr	r1, [sp, #124]	@ 0x7c
10005f76:	f7ff faaf 	bl	100054d8 <__wrap___aeabi_d2iz>
10005f7a:	4ba8      	ldr	r3, [pc, #672]	@ (1000621c <_ftoa+0x358>)
10005f7c:	00f2      	lsls	r2, r6, #3
10005f7e:	189b      	adds	r3, r3, r2
10005f80:	681a      	ldr	r2, [r3, #0]
10005f82:	685b      	ldr	r3, [r3, #4]
10005f84:	0005      	movs	r5, r0
10005f86:	9208      	str	r2, [sp, #32]
10005f88:	9309      	str	r3, [sp, #36]	@ 0x24
10005f8a:	f7ff fa8d 	bl	100054a8 <__wrap___aeabi_i2d>
10005f8e:	0002      	movs	r2, r0
10005f90:	000b      	movs	r3, r1
10005f92:	981e      	ldr	r0, [sp, #120]	@ 0x78
10005f94:	991f      	ldr	r1, [sp, #124]	@ 0x7c
10005f96:	f7ff f9e8 	bl	1000536a <__wrap___aeabi_dsub>
10005f9a:	9a08      	ldr	r2, [sp, #32]
10005f9c:	9b09      	ldr	r3, [sp, #36]	@ 0x24
10005f9e:	f7ff fa14 	bl	100053ca <__wrap___aeabi_dmul>
10005fa2:	9006      	str	r0, [sp, #24]
10005fa4:	9107      	str	r1, [sp, #28]
10005fa6:	f7ff fabb 	bl	10005520 <__wrap___aeabi_d2uiz>
10005faa:	4681      	mov	r9, r0
10005fac:	f7ff fa78 	bl	100054a0 <__wrap___aeabi_ui2d>
10005fb0:	0002      	movs	r2, r0
10005fb2:	000b      	movs	r3, r1
10005fb4:	9806      	ldr	r0, [sp, #24]
10005fb6:	9907      	ldr	r1, [sp, #28]
10005fb8:	f7ff f9d7 	bl	1000536a <__wrap___aeabi_dsub>
10005fbc:	2200      	movs	r2, #0
10005fbe:	4b98      	ldr	r3, [pc, #608]	@ (10006220 <_ftoa+0x35c>)
10005fc0:	9006      	str	r0, [sp, #24]
10005fc2:	9107      	str	r1, [sp, #28]
10005fc4:	f7ff fa5a 	bl	1000547c <__wrap___aeabi_dcmpgt>
10005fc8:	2800      	cmp	r0, #0
10005fca:	d100      	bne.n	10005fce <_ftoa+0x10a>
10005fcc:	e10d      	b.n	100061ea <_ftoa+0x326>
10005fce:	2301      	movs	r3, #1
10005fd0:	469c      	mov	ip, r3
10005fd2:	44e1      	add	r9, ip
10005fd4:	4648      	mov	r0, r9
10005fd6:	f7ff fa63 	bl	100054a0 <__wrap___aeabi_ui2d>
10005fda:	0002      	movs	r2, r0
10005fdc:	000b      	movs	r3, r1
10005fde:	9808      	ldr	r0, [sp, #32]
10005fe0:	9909      	ldr	r1, [sp, #36]	@ 0x24
10005fe2:	f7ff fa3b 	bl	1000545c <__wrap___aeabi_dcmple>
10005fe6:	2800      	cmp	r0, #0
10005fe8:	d002      	beq.n	10005ff0 <_ftoa+0x12c>
10005fea:	2300      	movs	r3, #0
10005fec:	4699      	mov	r9, r3
10005fee:	3501      	adds	r5, #1
10005ff0:	2e00      	cmp	r6, #0
10005ff2:	d100      	bne.n	10005ff6 <_ftoa+0x132>
10005ff4:	e0d9      	b.n	100061aa <_ftoa+0x2e6>
10005ff6:	9506      	str	r5, [sp, #24]
10005ff8:	464d      	mov	r5, r9
10005ffa:	46b9      	mov	r9, r7
10005ffc:	e014      	b.n	10006028 <_ftoa+0x164>
10005ffe:	aa06      	add	r2, sp, #24
10006000:	4694      	mov	ip, r2
10006002:	2317      	movs	r3, #23
10006004:	210a      	movs	r1, #10
10006006:	4463      	add	r3, ip
10006008:	0028      	movs	r0, r5
1000600a:	3401      	adds	r4, #1
1000600c:	191f      	adds	r7, r3, r4
1000600e:	f7fe ff71 	bl	10004ef4 <__wrap___aeabi_uidiv>
10006012:	3130      	adds	r1, #48	@ 0x30
10006014:	7039      	strb	r1, [r7, #0]
10006016:	0028      	movs	r0, r5
10006018:	210a      	movs	r1, #10
1000601a:	3e01      	subs	r6, #1
1000601c:	f7fe ff6a 	bl	10004ef4 <__wrap___aeabi_uidiv>
10006020:	2d09      	cmp	r5, #9
10006022:	d800      	bhi.n	10006026 <_ftoa+0x162>
10006024:	e117      	b.n	10006256 <_ftoa+0x392>
10006026:	0005      	movs	r5, r0
10006028:	2c20      	cmp	r4, #32
1000602a:	d1e8      	bne.n	10005ffe <_ftoa+0x13a>
1000602c:	464f      	mov	r7, r9
1000602e:	9d06      	ldr	r5, [sp, #24]
10006030:	2420      	movs	r4, #32
10006032:	ae0c      	add	r6, sp, #48	@ 0x30
10006034:	aa06      	add	r2, sp, #24
10006036:	2317      	movs	r3, #23
10006038:	4694      	mov	ip, r2
1000603a:	4463      	add	r3, ip
1000603c:	4699      	mov	r9, r3
1000603e:	465b      	mov	r3, fp
10006040:	46b3      	mov	fp, r6
10006042:	9306      	str	r3, [sp, #24]
10006044:	e00f      	b.n	10006066 <_ftoa+0x1a2>
10006046:	464b      	mov	r3, r9
10006048:	0028      	movs	r0, r5
1000604a:	210a      	movs	r1, #10
1000604c:	3401      	adds	r4, #1
1000604e:	18e6      	adds	r6, r4, r3
10006050:	f7fe ff28 	bl	10004ea4 <__wrap___aeabi_idiv>
10006054:	3130      	adds	r1, #48	@ 0x30
10006056:	0028      	movs	r0, r5
10006058:	7031      	strb	r1, [r6, #0]
1000605a:	210a      	movs	r1, #10
1000605c:	f7fe ff22 	bl	10004ea4 <__wrap___aeabi_idiv>
10006060:	1e05      	subs	r5, r0, #0
10006062:	d100      	bne.n	10006066 <_ftoa+0x1a2>
10006064:	e0e4      	b.n	10006230 <_ftoa+0x36c>
10006066:	2c20      	cmp	r4, #32
10006068:	d1ed      	bne.n	10006046 <_ftoa+0x182>
1000606a:	9b06      	ldr	r3, [sp, #24]
1000606c:	465e      	mov	r6, fp
1000606e:	469b      	mov	fp, r3
10006070:	2303      	movs	r3, #3
10006072:	9a22      	ldr	r2, [sp, #136]	@ 0x88
10006074:	4013      	ands	r3, r2
10006076:	2b01      	cmp	r3, #1
10006078:	d118      	bne.n	100060ac <_ftoa+0x1e8>
1000607a:	9b21      	ldr	r3, [sp, #132]	@ 0x84
1000607c:	2b00      	cmp	r3, #0
1000607e:	d015      	beq.n	100060ac <_ftoa+0x1e8>
10006080:	9b0b      	ldr	r3, [sp, #44]	@ 0x2c
10006082:	2b00      	cmp	r3, #0
10006084:	d100      	bne.n	10006088 <_ftoa+0x1c4>
10006086:	e0fd      	b.n	10006284 <_ftoa+0x3c0>
10006088:	9b21      	ldr	r3, [sp, #132]	@ 0x84
1000608a:	3b01      	subs	r3, #1
1000608c:	9321      	str	r3, [sp, #132]	@ 0x84
1000608e:	2b20      	cmp	r3, #32
10006090:	d90c      	bls.n	100060ac <_ftoa+0x1e8>
10006092:	2330      	movs	r3, #48	@ 0x30
10006094:	9a21      	ldr	r2, [sp, #132]	@ 0x84
10006096:	e007      	b.n	100060a8 <_ftoa+0x1e4>
10006098:	2017      	movs	r0, #23
1000609a:	a906      	add	r1, sp, #24
1000609c:	3401      	adds	r4, #1
1000609e:	1809      	adds	r1, r1, r0
100060a0:	550b      	strb	r3, [r1, r4]
100060a2:	4294      	cmp	r4, r2
100060a4:	d300      	bcc.n	100060a8 <_ftoa+0x1e4>
100060a6:	e0cc      	b.n	10006242 <_ftoa+0x37e>
100060a8:	2c20      	cmp	r4, #32
100060aa:	d1f5      	bne.n	10006098 <_ftoa+0x1d4>
100060ac:	9b22      	ldr	r3, [sp, #136]	@ 0x88
100060ae:	9401      	str	r4, [sp, #4]
100060b0:	9303      	str	r3, [sp, #12]
100060b2:	9b21      	ldr	r3, [sp, #132]	@ 0x84
100060b4:	9600      	str	r6, [sp, #0]
100060b6:	9302      	str	r3, [sp, #8]
100060b8:	e022      	b.n	10006100 <_ftoa+0x23c>
100060ba:	9b22      	ldr	r3, [sp, #136]	@ 0x88
100060bc:	4652      	mov	r2, sl
100060be:	9304      	str	r3, [sp, #16]
100060c0:	9b21      	ldr	r3, [sp, #132]	@ 0x84
100060c2:	0039      	movs	r1, r7
100060c4:	9303      	str	r3, [sp, #12]
100060c6:	4658      	mov	r0, fp
100060c8:	9b1e      	ldr	r3, [sp, #120]	@ 0x78
100060ca:	9c1f      	ldr	r4, [sp, #124]	@ 0x7c
100060cc:	9602      	str	r6, [sp, #8]
100060ce:	9300      	str	r3, [sp, #0]
100060d0:	9401      	str	r4, [sp, #4]
100060d2:	4643      	mov	r3, r8
100060d4:	f000 f94a 	bl	1000636c <_etoa>
100060d8:	0004      	movs	r4, r0
100060da:	0020      	movs	r0, r4
100060dc:	b015      	add	sp, #84	@ 0x54
100060de:	bcf0      	pop	{r4, r5, r6, r7}
100060e0:	46bb      	mov	fp, r7
100060e2:	46b2      	mov	sl, r6
100060e4:	46a9      	mov	r9, r5
100060e6:	46a0      	mov	r8, r4
100060e8:	bdf0      	pop	{r4, r5, r6, r7, pc}
100060ea:	9b22      	ldr	r3, [sp, #136]	@ 0x88
100060ec:	075b      	lsls	r3, r3, #29
100060ee:	d40f      	bmi.n	10006110 <_ftoa+0x24c>
100060f0:	2203      	movs	r2, #3
100060f2:	4b4c      	ldr	r3, [pc, #304]	@ (10006224 <_ftoa+0x360>)
100060f4:	9922      	ldr	r1, [sp, #136]	@ 0x88
100060f6:	9201      	str	r2, [sp, #4]
100060f8:	9103      	str	r1, [sp, #12]
100060fa:	9921      	ldr	r1, [sp, #132]	@ 0x84
100060fc:	9300      	str	r3, [sp, #0]
100060fe:	9102      	str	r1, [sp, #8]
10006100:	4643      	mov	r3, r8
10006102:	4652      	mov	r2, sl
10006104:	0039      	movs	r1, r7
10006106:	4658      	mov	r0, fp
10006108:	f7ff fd90 	bl	10005c2c <_out_rev>
1000610c:	0004      	movs	r4, r0
1000610e:	e7e4      	b.n	100060da <_ftoa+0x216>
10006110:	2204      	movs	r2, #4
10006112:	4b45      	ldr	r3, [pc, #276]	@ (10006228 <_ftoa+0x364>)
10006114:	e7ee      	b.n	100060f4 <_ftoa+0x230>
10006116:	9a1e      	ldr	r2, [sp, #120]	@ 0x78
10006118:	9b1f      	ldr	r3, [sp, #124]	@ 0x7c
1000611a:	2000      	movs	r0, #0
1000611c:	2100      	movs	r1, #0
1000611e:	f7ff f924 	bl	1000536a <__wrap___aeabi_dsub>
10006122:	2301      	movs	r3, #1
10006124:	901e      	str	r0, [sp, #120]	@ 0x78
10006126:	911f      	str	r1, [sp, #124]	@ 0x7c
10006128:	930b      	str	r3, [sp, #44]	@ 0x2c
1000612a:	e711      	b.n	10005f50 <_ftoa+0x8c>
1000612c:	9b22      	ldr	r3, [sp, #136]	@ 0x88
1000612e:	4654      	mov	r4, sl
10006130:	079b      	lsls	r3, r3, #30
10006132:	d111      	bne.n	10006158 <_ftoa+0x294>
10006134:	9b21      	ldr	r3, [sp, #132]	@ 0x84
10006136:	2b04      	cmp	r3, #4
10006138:	d90e      	bls.n	10006158 <_ftoa+0x294>
1000613a:	9b21      	ldr	r3, [sp, #132]	@ 0x84
1000613c:	4655      	mov	r5, sl
1000613e:	469c      	mov	ip, r3
10006140:	465e      	mov	r6, fp
10006142:	3c04      	subs	r4, #4
10006144:	4464      	add	r4, ip
10006146:	002a      	movs	r2, r5
10006148:	4643      	mov	r3, r8
1000614a:	3501      	adds	r5, #1
1000614c:	0039      	movs	r1, r7
1000614e:	2020      	movs	r0, #32
10006150:	47b0      	blx	r6
10006152:	42a5      	cmp	r5, r4
10006154:	d1f7      	bne.n	10006146 <_ftoa+0x282>
10006156:	46b3      	mov	fp, r6
10006158:	4d34      	ldr	r5, [pc, #208]	@ (1000622c <_ftoa+0x368>)
1000615a:	0026      	movs	r6, r4
1000615c:	1f2b      	subs	r3, r5, #4
1000615e:	4699      	mov	r9, r3
10006160:	465b      	mov	r3, fp
10006162:	46a3      	mov	fp, r4
10006164:	001c      	movs	r4, r3
10006166:	0032      	movs	r2, r6
10006168:	78e8      	ldrb	r0, [r5, #3]
1000616a:	4643      	mov	r3, r8
1000616c:	0039      	movs	r1, r7
1000616e:	3d01      	subs	r5, #1
10006170:	47a0      	blx	r4
10006172:	3601      	adds	r6, #1
10006174:	454d      	cmp	r5, r9
10006176:	d1f6      	bne.n	10006166 <_ftoa+0x2a2>
10006178:	0023      	movs	r3, r4
1000617a:	465c      	mov	r4, fp
1000617c:	469b      	mov	fp, r3
1000617e:	9b22      	ldr	r3, [sp, #136]	@ 0x88
10006180:	3404      	adds	r4, #4
10006182:	079b      	lsls	r3, r3, #30
10006184:	d5a9      	bpl.n	100060da <_ftoa+0x216>
10006186:	4653      	mov	r3, sl
10006188:	9a21      	ldr	r2, [sp, #132]	@ 0x84
1000618a:	1ae3      	subs	r3, r4, r3
1000618c:	429a      	cmp	r2, r3
1000618e:	d9a4      	bls.n	100060da <_ftoa+0x216>
10006190:	465e      	mov	r6, fp
10006192:	0015      	movs	r5, r2
10006194:	0022      	movs	r2, r4
10006196:	4643      	mov	r3, r8
10006198:	0039      	movs	r1, r7
1000619a:	2020      	movs	r0, #32
1000619c:	47b0      	blx	r6
1000619e:	4653      	mov	r3, sl
100061a0:	3401      	adds	r4, #1
100061a2:	1ae3      	subs	r3, r4, r3
100061a4:	429d      	cmp	r5, r3
100061a6:	d8f5      	bhi.n	10006194 <_ftoa+0x2d0>
100061a8:	e797      	b.n	100060da <_ftoa+0x216>
100061aa:	0028      	movs	r0, r5
100061ac:	f7ff f97c 	bl	100054a8 <__wrap___aeabi_i2d>
100061b0:	0002      	movs	r2, r0
100061b2:	000b      	movs	r3, r1
100061b4:	981e      	ldr	r0, [sp, #120]	@ 0x78
100061b6:	991f      	ldr	r1, [sp, #124]	@ 0x7c
100061b8:	f7ff f8d7 	bl	1000536a <__wrap___aeabi_dsub>
100061bc:	2200      	movs	r2, #0
100061be:	4b18      	ldr	r3, [pc, #96]	@ (10006220 <_ftoa+0x35c>)
100061c0:	9006      	str	r0, [sp, #24]
100061c2:	9107      	str	r1, [sp, #28]
100061c4:	f7ff f944 	bl	10005450 <__wrap___aeabi_dcmplt>
100061c8:	ae0c      	add	r6, sp, #48	@ 0x30
100061ca:	2800      	cmp	r0, #0
100061cc:	d000      	beq.n	100061d0 <_ftoa+0x30c>
100061ce:	e731      	b.n	10006034 <_ftoa+0x170>
100061d0:	9806      	ldr	r0, [sp, #24]
100061d2:	9907      	ldr	r1, [sp, #28]
100061d4:	2200      	movs	r2, #0
100061d6:	4b12      	ldr	r3, [pc, #72]	@ (10006220 <_ftoa+0x35c>)
100061d8:	f7ff f950 	bl	1000547c <__wrap___aeabi_dcmpgt>
100061dc:	2800      	cmp	r0, #0
100061de:	d000      	beq.n	100061e2 <_ftoa+0x31e>
100061e0:	e728      	b.n	10006034 <_ftoa+0x170>
100061e2:	2301      	movs	r3, #1
100061e4:	3501      	adds	r5, #1
100061e6:	439d      	bics	r5, r3
100061e8:	e724      	b.n	10006034 <_ftoa+0x170>
100061ea:	2200      	movs	r2, #0
100061ec:	9806      	ldr	r0, [sp, #24]
100061ee:	9907      	ldr	r1, [sp, #28]
100061f0:	4b0b      	ldr	r3, [pc, #44]	@ (10006220 <_ftoa+0x35c>)
100061f2:	f7ff f92d 	bl	10005450 <__wrap___aeabi_dcmplt>
100061f6:	2800      	cmp	r0, #0
100061f8:	d000      	beq.n	100061fc <_ftoa+0x338>
100061fa:	e6f9      	b.n	10005ff0 <_ftoa+0x12c>
100061fc:	464b      	mov	r3, r9
100061fe:	2b00      	cmp	r3, #0
10006200:	d15c      	bne.n	100062bc <_ftoa+0x3f8>
10006202:	2301      	movs	r3, #1
10006204:	469c      	mov	ip, r3
10006206:	44e1      	add	r9, ip
10006208:	e6f2      	b.n	10005ff0 <_ftoa+0x12c>
1000620a:	46c0      	nop			@ (mov r8, r8)
1000620c:	ffefffff 	.word	0xffefffff
10006210:	7fefffff 	.word	0x7fefffff
10006214:	41cdcd65 	.word	0x41cdcd65
10006218:	c1cdcd65 	.word	0xc1cdcd65
1000621c:	1000ac00 	.word	0x1000ac00
10006220:	3fe00000 	.word	0x3fe00000
10006224:	1000a8ac 	.word	0x1000a8ac
10006228:	1000a8a4 	.word	0x1000a8a4
1000622c:	1000a8b4 	.word	0x1000a8b4
10006230:	9b06      	ldr	r3, [sp, #24]
10006232:	465e      	mov	r6, fp
10006234:	469b      	mov	fp, r3
10006236:	2303      	movs	r3, #3
10006238:	9a22      	ldr	r2, [sp, #136]	@ 0x88
1000623a:	4013      	ands	r3, r2
1000623c:	2b01      	cmp	r3, #1
1000623e:	d100      	bne.n	10006242 <_ftoa+0x37e>
10006240:	e081      	b.n	10006346 <_ftoa+0x482>
10006242:	2c20      	cmp	r4, #32
10006244:	d100      	bne.n	10006248 <_ftoa+0x384>
10006246:	e731      	b.n	100060ac <_ftoa+0x1e8>
10006248:	9b0b      	ldr	r3, [sp, #44]	@ 0x2c
1000624a:	2b00      	cmp	r3, #0
1000624c:	d027      	beq.n	1000629e <_ftoa+0x3da>
1000624e:	232d      	movs	r3, #45	@ 0x2d
10006250:	5533      	strb	r3, [r6, r4]
10006252:	3401      	adds	r4, #1
10006254:	e72a      	b.n	100060ac <_ftoa+0x1e8>
10006256:	464f      	mov	r7, r9
10006258:	9d06      	ldr	r5, [sp, #24]
1000625a:	2c20      	cmp	r4, #32
1000625c:	d100      	bne.n	10006260 <_ftoa+0x39c>
1000625e:	e6e7      	b.n	10006030 <_ftoa+0x16c>
10006260:	2230      	movs	r2, #48	@ 0x30
10006262:	1933      	adds	r3, r6, r4
10006264:	e007      	b.n	10006276 <_ftoa+0x3b2>
10006266:	2017      	movs	r0, #23
10006268:	a906      	add	r1, sp, #24
1000626a:	3401      	adds	r4, #1
1000626c:	1809      	adds	r1, r1, r0
1000626e:	550a      	strb	r2, [r1, r4]
10006270:	2c20      	cmp	r4, #32
10006272:	d100      	bne.n	10006276 <_ftoa+0x3b2>
10006274:	e6dc      	b.n	10006030 <_ftoa+0x16c>
10006276:	42a3      	cmp	r3, r4
10006278:	d1f5      	bne.n	10006266 <_ftoa+0x3a2>
1000627a:	222e      	movs	r2, #46	@ 0x2e
1000627c:	ae0c      	add	r6, sp, #48	@ 0x30
1000627e:	3401      	adds	r4, #1
10006280:	54f2      	strb	r2, [r6, r3]
10006282:	e6d7      	b.n	10006034 <_ftoa+0x170>
10006284:	230c      	movs	r3, #12
10006286:	9a22      	ldr	r2, [sp, #136]	@ 0x88
10006288:	4213      	tst	r3, r2
1000628a:	d057      	beq.n	1000633c <_ftoa+0x478>
1000628c:	9b21      	ldr	r3, [sp, #132]	@ 0x84
1000628e:	3b01      	subs	r3, #1
10006290:	9321      	str	r3, [sp, #132]	@ 0x84
10006292:	42a3      	cmp	r3, r4
10006294:	d900      	bls.n	10006298 <_ftoa+0x3d4>
10006296:	e6fc      	b.n	10006092 <_ftoa+0x1ce>
10006298:	2c20      	cmp	r4, #32
1000629a:	d100      	bne.n	1000629e <_ftoa+0x3da>
1000629c:	e706      	b.n	100060ac <_ftoa+0x1e8>
1000629e:	9b22      	ldr	r3, [sp, #136]	@ 0x88
100062a0:	075b      	lsls	r3, r3, #29
100062a2:	d503      	bpl.n	100062ac <_ftoa+0x3e8>
100062a4:	232b      	movs	r3, #43	@ 0x2b
100062a6:	5533      	strb	r3, [r6, r4]
100062a8:	3401      	adds	r4, #1
100062aa:	e6ff      	b.n	100060ac <_ftoa+0x1e8>
100062ac:	9b22      	ldr	r3, [sp, #136]	@ 0x88
100062ae:	071b      	lsls	r3, r3, #28
100062b0:	d400      	bmi.n	100062b4 <_ftoa+0x3f0>
100062b2:	e6fb      	b.n	100060ac <_ftoa+0x1e8>
100062b4:	2320      	movs	r3, #32
100062b6:	5533      	strb	r3, [r6, r4]
100062b8:	3401      	adds	r4, #1
100062ba:	e6f7      	b.n	100060ac <_ftoa+0x1e8>
100062bc:	07db      	lsls	r3, r3, #31
100062be:	d400      	bmi.n	100062c2 <_ftoa+0x3fe>
100062c0:	e696      	b.n	10005ff0 <_ftoa+0x12c>
100062c2:	e79e      	b.n	10006202 <_ftoa+0x33e>
100062c4:	9b22      	ldr	r3, [sp, #136]	@ 0x88
100062c6:	4655      	mov	r5, sl
100062c8:	079b      	lsls	r3, r3, #30
100062ca:	d111      	bne.n	100062f0 <_ftoa+0x42c>
100062cc:	9b21      	ldr	r3, [sp, #132]	@ 0x84
100062ce:	2b03      	cmp	r3, #3
100062d0:	d90e      	bls.n	100062f0 <_ftoa+0x42c>
100062d2:	9b21      	ldr	r3, [sp, #132]	@ 0x84
100062d4:	4654      	mov	r4, sl
100062d6:	469c      	mov	ip, r3
100062d8:	465e      	mov	r6, fp
100062da:	3d03      	subs	r5, #3
100062dc:	4465      	add	r5, ip
100062de:	0022      	movs	r2, r4
100062e0:	4643      	mov	r3, r8
100062e2:	3401      	adds	r4, #1
100062e4:	0039      	movs	r1, r7
100062e6:	2020      	movs	r0, #32
100062e8:	47b0      	blx	r6
100062ea:	42ac      	cmp	r4, r5
100062ec:	d1f7      	bne.n	100062de <_ftoa+0x41a>
100062ee:	46b3      	mov	fp, r6
100062f0:	46b9      	mov	r9, r7
100062f2:	465f      	mov	r7, fp
100062f4:	4e1c      	ldr	r6, [pc, #112]	@ (10006368 <_ftoa+0x4a4>)
100062f6:	1cec      	adds	r4, r5, #3
100062f8:	002a      	movs	r2, r5
100062fa:	78b0      	ldrb	r0, [r6, #2]
100062fc:	4643      	mov	r3, r8
100062fe:	4649      	mov	r1, r9
10006300:	3501      	adds	r5, #1
10006302:	47b8      	blx	r7
10006304:	3e01      	subs	r6, #1
10006306:	42a5      	cmp	r5, r4
10006308:	d1f6      	bne.n	100062f8 <_ftoa+0x434>
1000630a:	9b22      	ldr	r3, [sp, #136]	@ 0x88
1000630c:	46bb      	mov	fp, r7
1000630e:	464f      	mov	r7, r9
10006310:	079b      	lsls	r3, r3, #30
10006312:	d400      	bmi.n	10006316 <_ftoa+0x452>
10006314:	e6e1      	b.n	100060da <_ftoa+0x216>
10006316:	4653      	mov	r3, sl
10006318:	9a21      	ldr	r2, [sp, #132]	@ 0x84
1000631a:	1ae3      	subs	r3, r4, r3
1000631c:	429a      	cmp	r2, r3
1000631e:	d800      	bhi.n	10006322 <_ftoa+0x45e>
10006320:	e6db      	b.n	100060da <_ftoa+0x216>
10006322:	465e      	mov	r6, fp
10006324:	0015      	movs	r5, r2
10006326:	0022      	movs	r2, r4
10006328:	4643      	mov	r3, r8
1000632a:	0039      	movs	r1, r7
1000632c:	2020      	movs	r0, #32
1000632e:	47b0      	blx	r6
10006330:	4653      	mov	r3, sl
10006332:	3401      	adds	r4, #1
10006334:	1ae3      	subs	r3, r4, r3
10006336:	429d      	cmp	r5, r3
10006338:	d8f5      	bhi.n	10006326 <_ftoa+0x462>
1000633a:	e6ce      	b.n	100060da <_ftoa+0x216>
1000633c:	9b21      	ldr	r3, [sp, #132]	@ 0x84
1000633e:	42a3      	cmp	r3, r4
10006340:	d900      	bls.n	10006344 <_ftoa+0x480>
10006342:	e6a6      	b.n	10006092 <_ftoa+0x1ce>
10006344:	e6b2      	b.n	100060ac <_ftoa+0x1e8>
10006346:	9b21      	ldr	r3, [sp, #132]	@ 0x84
10006348:	2b00      	cmp	r3, #0
1000634a:	d100      	bne.n	1000634e <_ftoa+0x48a>
1000634c:	e779      	b.n	10006242 <_ftoa+0x37e>
1000634e:	9b0b      	ldr	r3, [sp, #44]	@ 0x2c
10006350:	2b00      	cmp	r3, #0
10006352:	d097      	beq.n	10006284 <_ftoa+0x3c0>
10006354:	9b21      	ldr	r3, [sp, #132]	@ 0x84
10006356:	3b01      	subs	r3, #1
10006358:	9321      	str	r3, [sp, #132]	@ 0x84
1000635a:	429c      	cmp	r4, r3
1000635c:	d200      	bcs.n	10006360 <_ftoa+0x49c>
1000635e:	e698      	b.n	10006092 <_ftoa+0x1ce>
10006360:	2c20      	cmp	r4, #32
10006362:	d000      	beq.n	10006366 <_ftoa+0x4a2>
10006364:	e773      	b.n	1000624e <_ftoa+0x38a>
10006366:	e6a1      	b.n	100060ac <_ftoa+0x1e8>
10006368:	1000a8b0 	.word	0x1000a8b0

1000636c <_etoa>:
1000636c:	b5f0      	push	{r4, r5, r6, r7, lr}
1000636e:	46de      	mov	lr, fp
10006370:	4657      	mov	r7, sl
10006372:	464e      	mov	r6, r9
10006374:	4645      	mov	r5, r8
10006376:	b5e0      	push	{r5, r6, r7, lr}
10006378:	b099      	sub	sp, #100	@ 0x64
1000637a:	4681      	mov	r9, r0
1000637c:	468b      	mov	fp, r1
1000637e:	4692      	mov	sl, r2
10006380:	4698      	mov	r8, r3
10006382:	9a22      	ldr	r2, [sp, #136]	@ 0x88
10006384:	9b23      	ldr	r3, [sp, #140]	@ 0x8c
10006386:	0010      	movs	r0, r2
10006388:	0019      	movs	r1, r3
1000638a:	f7ff f87c 	bl	10005486 <__wrap___aeabi_dcmpun>
1000638e:	2800      	cmp	r0, #0
10006390:	d000      	beq.n	10006394 <_etoa+0x28>
10006392:	e0ca      	b.n	1000652a <_etoa+0x1be>
10006394:	9822      	ldr	r0, [sp, #136]	@ 0x88
10006396:	9923      	ldr	r1, [sp, #140]	@ 0x8c
10006398:	2201      	movs	r2, #1
1000639a:	4b82      	ldr	r3, [pc, #520]	@ (100065a4 <_etoa+0x238>)
1000639c:	4252      	negs	r2, r2
1000639e:	f7ff f86d 	bl	1000547c <__wrap___aeabi_dcmpgt>
100063a2:	2800      	cmp	r0, #0
100063a4:	d000      	beq.n	100063a8 <_etoa+0x3c>
100063a6:	e0c0      	b.n	1000652a <_etoa+0x1be>
100063a8:	9822      	ldr	r0, [sp, #136]	@ 0x88
100063aa:	9923      	ldr	r1, [sp, #140]	@ 0x8c
100063ac:	2201      	movs	r2, #1
100063ae:	4b7e      	ldr	r3, [pc, #504]	@ (100065a8 <_etoa+0x23c>)
100063b0:	4252      	negs	r2, r2
100063b2:	f7ff f84d 	bl	10005450 <__wrap___aeabi_dcmplt>
100063b6:	2800      	cmp	r0, #0
100063b8:	d000      	beq.n	100063bc <_etoa+0x50>
100063ba:	e0b6      	b.n	1000652a <_etoa+0x1be>
100063bc:	9822      	ldr	r0, [sp, #136]	@ 0x88
100063be:	9923      	ldr	r1, [sp, #140]	@ 0x8c
100063c0:	2200      	movs	r2, #0
100063c2:	2300      	movs	r3, #0
100063c4:	f7ff f844 	bl	10005450 <__wrap___aeabi_dcmplt>
100063c8:	2800      	cmp	r0, #0
100063ca:	d000      	beq.n	100063ce <_etoa+0x62>
100063cc:	e1c9      	b.n	10006762 <_etoa+0x3f6>
100063ce:	9b22      	ldr	r3, [sp, #136]	@ 0x88
100063d0:	9c23      	ldr	r4, [sp, #140]	@ 0x8c
100063d2:	9308      	str	r3, [sp, #32]
100063d4:	9409      	str	r4, [sp, #36]	@ 0x24
100063d6:	9808      	ldr	r0, [sp, #32]
100063d8:	9909      	ldr	r1, [sp, #36]	@ 0x24
100063da:	2380      	movs	r3, #128	@ 0x80
100063dc:	9a26      	ldr	r2, [sp, #152]	@ 0x98
100063de:	00db      	lsls	r3, r3, #3
100063e0:	401a      	ands	r2, r3
100063e2:	920d      	str	r2, [sp, #52]	@ 0x34
100063e4:	2280      	movs	r2, #128	@ 0x80
100063e6:	9c26      	ldr	r4, [sp, #152]	@ 0x98
100063e8:	0112      	lsls	r2, r2, #4
100063ea:	4014      	ands	r4, r2
100063ec:	0022      	movs	r2, r4
100063ee:	940b      	str	r4, [sp, #44]	@ 0x2c
100063f0:	9c26      	ldr	r4, [sp, #152]	@ 0x98
100063f2:	0007      	movs	r7, r0
100063f4:	000e      	movs	r6, r1
100063f6:	421c      	tst	r4, r3
100063f8:	d000      	beq.n	100063fc <_etoa+0x90>
100063fa:	e0ad      	b.n	10006558 <_etoa+0x1ec>
100063fc:	000b      	movs	r3, r1
100063fe:	4303      	orrs	r3, r0
10006400:	d000      	beq.n	10006404 <_etoa+0x98>
10006402:	e0d5      	b.n	100065b0 <_etoa+0x244>
10006404:	2a00      	cmp	r2, #0
10006406:	d000      	beq.n	1000640a <_etoa+0x9e>
10006408:	e20a      	b.n	10006820 <_etoa+0x4b4>
1000640a:	0022      	movs	r2, r4
1000640c:	3306      	adds	r3, #6
1000640e:	9324      	str	r3, [sp, #144]	@ 0x90
10006410:	2302      	movs	r3, #2
10006412:	4013      	ands	r3, r2
10006414:	930c      	str	r3, [sp, #48]	@ 0x30
10006416:	2302      	movs	r3, #2
10006418:	4213      	tst	r3, r2
1000641a:	d000      	beq.n	1000641e <_etoa+0xb2>
1000641c:	e202      	b.n	10006824 <_etoa+0x4b8>
1000641e:	9b25      	ldr	r3, [sp, #148]	@ 0x94
10006420:	2b04      	cmp	r3, #4
10006422:	d200      	bcs.n	10006426 <_etoa+0xba>
10006424:	e20f      	b.n	10006846 <_etoa+0x4da>
10006426:	3b04      	subs	r3, #4
10006428:	930b      	str	r3, [sp, #44]	@ 0x2c
1000642a:	2300      	movs	r3, #0
1000642c:	2504      	movs	r5, #4
1000642e:	930a      	str	r3, [sp, #40]	@ 0x28
10006430:	2200      	movs	r2, #0
10006432:	9822      	ldr	r0, [sp, #136]	@ 0x88
10006434:	9923      	ldr	r1, [sp, #140]	@ 0x8c
10006436:	2300      	movs	r3, #0
10006438:	f7ff f80a 	bl	10005450 <__wrap___aeabi_dcmplt>
1000643c:	2800      	cmp	r0, #0
1000643e:	d000      	beq.n	10006442 <_etoa+0xd6>
10006440:	e203      	b.n	1000684a <_etoa+0x4de>
10006442:	4b5a      	ldr	r3, [pc, #360]	@ (100065ac <_etoa+0x240>)
10006444:	9a26      	ldr	r2, [sp, #152]	@ 0x98
10006446:	4013      	ands	r3, r2
10006448:	9304      	str	r3, [sp, #16]
1000644a:	9b0b      	ldr	r3, [sp, #44]	@ 0x2c
1000644c:	9303      	str	r3, [sp, #12]
1000644e:	9b24      	ldr	r3, [sp, #144]	@ 0x90
10006450:	9302      	str	r3, [sp, #8]
10006452:	9b08      	ldr	r3, [sp, #32]
10006454:	9c09      	ldr	r4, [sp, #36]	@ 0x24
10006456:	9300      	str	r3, [sp, #0]
10006458:	9401      	str	r4, [sp, #4]
1000645a:	4659      	mov	r1, fp
1000645c:	4643      	mov	r3, r8
1000645e:	4652      	mov	r2, sl
10006460:	4648      	mov	r0, r9
10006462:	f7ff fd2f 	bl	10005ec4 <_ftoa>
10006466:	0002      	movs	r2, r0
10006468:	2020      	movs	r0, #32
1000646a:	9b26      	ldr	r3, [sp, #152]	@ 0x98
1000646c:	271f      	movs	r7, #31
1000646e:	4003      	ands	r3, r0
10006470:	4259      	negs	r1, r3
10006472:	414b      	adcs	r3, r1
10006474:	425b      	negs	r3, r3
10006476:	4018      	ands	r0, r3
10006478:	1c53      	adds	r3, r2, #1
1000647a:	9308      	str	r3, [sp, #32]
1000647c:	4659      	mov	r1, fp
1000647e:	4643      	mov	r3, r8
10006480:	3045      	adds	r0, #69	@ 0x45
10006482:	47c8      	blx	r9
10006484:	9a0a      	ldr	r2, [sp, #40]	@ 0x28
10006486:	17d3      	asrs	r3, r2, #31
10006488:	18d4      	adds	r4, r2, r3
1000648a:	405c      	eors	r4, r3
1000648c:	0fd3      	lsrs	r3, r2, #31
1000648e:	930a      	str	r3, [sp, #40]	@ 0x28
10006490:	1e6b      	subs	r3, r5, #1
10006492:	930b      	str	r3, [sp, #44]	@ 0x2c
10006494:	ab08      	add	r3, sp, #32
10006496:	469c      	mov	ip, r3
10006498:	2500      	movs	r5, #0
1000649a:	4467      	add	r7, ip
1000649c:	e001      	b.n	100064a2 <_etoa+0x136>
1000649e:	2d20      	cmp	r5, #32
100064a0:	d00f      	beq.n	100064c2 <_etoa+0x156>
100064a2:	0020      	movs	r0, r4
100064a4:	210a      	movs	r1, #10
100064a6:	f7fe fd25 	bl	10004ef4 <__wrap___aeabi_uidiv>
100064aa:	3501      	adds	r5, #1
100064ac:	197e      	adds	r6, r7, r5
100064ae:	3130      	adds	r1, #48	@ 0x30
100064b0:	7031      	strb	r1, [r6, #0]
100064b2:	0020      	movs	r0, r4
100064b4:	210a      	movs	r1, #10
100064b6:	f7fe fd1d 	bl	10004ef4 <__wrap___aeabi_uidiv>
100064ba:	0026      	movs	r6, r4
100064bc:	0004      	movs	r4, r0
100064be:	2e09      	cmp	r6, #9
100064c0:	d8ed      	bhi.n	1000649e <_etoa+0x132>
100064c2:	2305      	movs	r3, #5
100064c4:	9306      	str	r3, [sp, #24]
100064c6:	9b0b      	ldr	r3, [sp, #44]	@ 0x2c
100064c8:	4659      	mov	r1, fp
100064ca:	9305      	str	r3, [sp, #20]
100064cc:	2300      	movs	r3, #0
100064ce:	9304      	str	r3, [sp, #16]
100064d0:	330a      	adds	r3, #10
100064d2:	9303      	str	r3, [sp, #12]
100064d4:	9b0a      	ldr	r3, [sp, #40]	@ 0x28
100064d6:	4648      	mov	r0, r9
100064d8:	9302      	str	r3, [sp, #8]
100064da:	ab10      	add	r3, sp, #64	@ 0x40
100064dc:	9300      	str	r3, [sp, #0]
100064de:	9a08      	ldr	r2, [sp, #32]
100064e0:	4643      	mov	r3, r8
100064e2:	9501      	str	r5, [sp, #4]
100064e4:	f7ff fbf8 	bl	10005cd8 <_ntoa_format>
100064e8:	9b0c      	ldr	r3, [sp, #48]	@ 0x30
100064ea:	2b00      	cmp	r3, #0
100064ec:	d02d      	beq.n	1000654a <_etoa+0x1de>
100064ee:	4653      	mov	r3, sl
100064f0:	1ac4      	subs	r4, r0, r3
100064f2:	9b25      	ldr	r3, [sp, #148]	@ 0x94
100064f4:	42a3      	cmp	r3, r4
100064f6:	d928      	bls.n	1000654a <_etoa+0x1de>
100064f8:	464d      	mov	r5, r9
100064fa:	465f      	mov	r7, fp
100064fc:	4681      	mov	r9, r0
100064fe:	001e      	movs	r6, r3
10006500:	4653      	mov	r3, sl
10006502:	0039      	movs	r1, r7
10006504:	191a      	adds	r2, r3, r4
10006506:	2020      	movs	r0, #32
10006508:	4643      	mov	r3, r8
1000650a:	3401      	adds	r4, #1
1000650c:	47a8      	blx	r5
1000650e:	42a6      	cmp	r6, r4
10006510:	d8f6      	bhi.n	10006500 <_etoa+0x194>
10006512:	4653      	mov	r3, sl
10006514:	4648      	mov	r0, r9
10006516:	9925      	ldr	r1, [sp, #148]	@ 0x94
10006518:	1ac2      	subs	r2, r0, r3
1000651a:	3201      	adds	r2, #1
1000651c:	2300      	movs	r3, #0
1000651e:	4291      	cmp	r1, r2
10006520:	d300      	bcc.n	10006524 <_etoa+0x1b8>
10006522:	e186      	b.n	10006832 <_etoa+0x4c6>
10006524:	3001      	adds	r0, #1
10006526:	1818      	adds	r0, r3, r0
10006528:	e00f      	b.n	1000654a <_etoa+0x1de>
1000652a:	9b26      	ldr	r3, [sp, #152]	@ 0x98
1000652c:	9304      	str	r3, [sp, #16]
1000652e:	9b25      	ldr	r3, [sp, #148]	@ 0x94
10006530:	9303      	str	r3, [sp, #12]
10006532:	9b24      	ldr	r3, [sp, #144]	@ 0x90
10006534:	9302      	str	r3, [sp, #8]
10006536:	9b22      	ldr	r3, [sp, #136]	@ 0x88
10006538:	9c23      	ldr	r4, [sp, #140]	@ 0x8c
1000653a:	9300      	str	r3, [sp, #0]
1000653c:	9401      	str	r4, [sp, #4]
1000653e:	4643      	mov	r3, r8
10006540:	4652      	mov	r2, sl
10006542:	4659      	mov	r1, fp
10006544:	4648      	mov	r0, r9
10006546:	f7ff fcbd 	bl	10005ec4 <_ftoa>
1000654a:	b019      	add	sp, #100	@ 0x64
1000654c:	bcf0      	pop	{r4, r5, r6, r7}
1000654e:	46bb      	mov	fp, r7
10006550:	46b2      	mov	sl, r6
10006552:	46a9      	mov	r9, r5
10006554:	46a0      	mov	r8, r4
10006556:	bdf0      	pop	{r4, r5, r6, r7, pc}
10006558:	4301      	orrs	r1, r0
1000655a:	d12b      	bne.n	100065b4 <_etoa+0x248>
1000655c:	9b0b      	ldr	r3, [sp, #44]	@ 0x2c
1000655e:	0022      	movs	r2, r4
10006560:	2b00      	cmp	r3, #0
10006562:	d100      	bne.n	10006566 <_etoa+0x1fa>
10006564:	e754      	b.n	10006410 <_etoa+0xa4>
10006566:	2300      	movs	r3, #0
10006568:	930a      	str	r3, [sp, #40]	@ 0x28
1000656a:	9b24      	ldr	r3, [sp, #144]	@ 0x90
1000656c:	9a0a      	ldr	r2, [sp, #40]	@ 0x28
1000656e:	2400      	movs	r4, #0
10006570:	4293      	cmp	r3, r2
10006572:	dd00      	ble.n	10006576 <_etoa+0x20a>
10006574:	e185      	b.n	10006882 <_etoa+0x516>
10006576:	9822      	ldr	r0, [sp, #136]	@ 0x88
10006578:	9923      	ldr	r1, [sp, #140]	@ 0x8c
1000657a:	2200      	movs	r2, #0
1000657c:	2300      	movs	r3, #0
1000657e:	f7fe ff67 	bl	10005450 <__wrap___aeabi_dcmplt>
10006582:	2800      	cmp	r0, #0
10006584:	d000      	beq.n	10006588 <_etoa+0x21c>
10006586:	e135      	b.n	100067f4 <_etoa+0x488>
10006588:	9b26      	ldr	r3, [sp, #152]	@ 0x98
1000658a:	4a08      	ldr	r2, [pc, #32]	@ (100065ac <_etoa+0x240>)
1000658c:	9402      	str	r4, [sp, #8]
1000658e:	401a      	ands	r2, r3
10006590:	2380      	movs	r3, #128	@ 0x80
10006592:	00db      	lsls	r3, r3, #3
10006594:	4313      	orrs	r3, r2
10006596:	9304      	str	r3, [sp, #16]
10006598:	9b25      	ldr	r3, [sp, #148]	@ 0x94
1000659a:	9303      	str	r3, [sp, #12]
1000659c:	9b08      	ldr	r3, [sp, #32]
1000659e:	9c09      	ldr	r4, [sp, #36]	@ 0x24
100065a0:	e7cb      	b.n	1000653a <_etoa+0x1ce>
100065a2:	46c0      	nop			@ (mov r8, r8)
100065a4:	7fefffff 	.word	0x7fefffff
100065a8:	ffefffff 	.word	0xffefffff
100065ac:	fffff7ff 	.word	0xfffff7ff
100065b0:	2306      	movs	r3, #6
100065b2:	9324      	str	r3, [sp, #144]	@ 0x90
100065b4:	4bb4      	ldr	r3, [pc, #720]	@ (10006888 <_etoa+0x51c>)
100065b6:	0070      	lsls	r0, r6, #1
100065b8:	469c      	mov	ip, r3
100065ba:	0d40      	lsrs	r0, r0, #21
100065bc:	4460      	add	r0, ip
100065be:	f7fe ff73 	bl	100054a8 <__wrap___aeabi_i2d>
100065c2:	4ab2      	ldr	r2, [pc, #712]	@ (1000688c <_etoa+0x520>)
100065c4:	4bb2      	ldr	r3, [pc, #712]	@ (10006890 <_etoa+0x524>)
100065c6:	f7fe ff00 	bl	100053ca <__wrap___aeabi_dmul>
100065ca:	4ab2      	ldr	r2, [pc, #712]	@ (10006894 <_etoa+0x528>)
100065cc:	4bb2      	ldr	r3, [pc, #712]	@ (10006898 <_etoa+0x52c>)
100065ce:	f7fe fed5 	bl	1000537c <__wrap___aeabi_dadd>
100065d2:	0336      	lsls	r6, r6, #12
100065d4:	4bb1      	ldr	r3, [pc, #708]	@ (1000689c <_etoa+0x530>)
100065d6:	0b36      	lsrs	r6, r6, #12
100065d8:	4333      	orrs	r3, r6
100065da:	0004      	movs	r4, r0
100065dc:	000d      	movs	r5, r1
100065de:	0038      	movs	r0, r7
100065e0:	0019      	movs	r1, r3
100065e2:	2200      	movs	r2, #0
100065e4:	4bae      	ldr	r3, [pc, #696]	@ (100068a0 <_etoa+0x534>)
100065e6:	f7fe fec0 	bl	1000536a <__wrap___aeabi_dsub>
100065ea:	4aae      	ldr	r2, [pc, #696]	@ (100068a4 <_etoa+0x538>)
100065ec:	4bae      	ldr	r3, [pc, #696]	@ (100068a8 <_etoa+0x53c>)
100065ee:	f7fe feec 	bl	100053ca <__wrap___aeabi_dmul>
100065f2:	0002      	movs	r2, r0
100065f4:	000b      	movs	r3, r1
100065f6:	0020      	movs	r0, r4
100065f8:	0029      	movs	r1, r5
100065fa:	f7fe febf 	bl	1000537c <__wrap___aeabi_dadd>
100065fe:	f7fe ff6b 	bl	100054d8 <__wrap___aeabi_d2iz>
10006602:	900a      	str	r0, [sp, #40]	@ 0x28
10006604:	f7fe ff50 	bl	100054a8 <__wrap___aeabi_i2d>
10006608:	4aa8      	ldr	r2, [pc, #672]	@ (100068ac <_etoa+0x540>)
1000660a:	4ba9      	ldr	r3, [pc, #676]	@ (100068b0 <_etoa+0x544>)
1000660c:	0004      	movs	r4, r0
1000660e:	000d      	movs	r5, r1
10006610:	f7fe fedb 	bl	100053ca <__wrap___aeabi_dmul>
10006614:	2200      	movs	r2, #0
10006616:	4ba7      	ldr	r3, [pc, #668]	@ (100068b4 <_etoa+0x548>)
10006618:	f7fe feb0 	bl	1000537c <__wrap___aeabi_dadd>
1000661c:	f7fe ff5c 	bl	100054d8 <__wrap___aeabi_d2iz>
10006620:	4aa5      	ldr	r2, [pc, #660]	@ (100068b8 <_etoa+0x54c>)
10006622:	0006      	movs	r6, r0
10006624:	4ba5      	ldr	r3, [pc, #660]	@ (100068bc <_etoa+0x550>)
10006626:	0020      	movs	r0, r4
10006628:	0029      	movs	r1, r5
1000662a:	f7fe fece 	bl	100053ca <__wrap___aeabi_dmul>
1000662e:	0004      	movs	r4, r0
10006630:	0030      	movs	r0, r6
10006632:	000d      	movs	r5, r1
10006634:	960c      	str	r6, [sp, #48]	@ 0x30
10006636:	f7fe ff37 	bl	100054a8 <__wrap___aeabi_i2d>
1000663a:	4aa1      	ldr	r2, [pc, #644]	@ (100068c0 <_etoa+0x554>)
1000663c:	4ba1      	ldr	r3, [pc, #644]	@ (100068c4 <_etoa+0x558>)
1000663e:	f7fe fec4 	bl	100053ca <__wrap___aeabi_dmul>
10006642:	0002      	movs	r2, r0
10006644:	000b      	movs	r3, r1
10006646:	0020      	movs	r0, r4
10006648:	0029      	movs	r1, r5
1000664a:	f7fe fe8e 	bl	1000536a <__wrap___aeabi_dsub>
1000664e:	0002      	movs	r2, r0
10006650:	000b      	movs	r3, r1
10006652:	0006      	movs	r6, r0
10006654:	000f      	movs	r7, r1
10006656:	f7fe feb8 	bl	100053ca <__wrap___aeabi_dmul>
1000665a:	0032      	movs	r2, r6
1000665c:	0004      	movs	r4, r0
1000665e:	000d      	movs	r5, r1
10006660:	003b      	movs	r3, r7
10006662:	0030      	movs	r0, r6
10006664:	0039      	movs	r1, r7
10006666:	f7fe fe89 	bl	1000537c <__wrap___aeabi_dadd>
1000666a:	2200      	movs	r2, #0
1000666c:	900e      	str	r0, [sp, #56]	@ 0x38
1000666e:	910f      	str	r1, [sp, #60]	@ 0x3c
10006670:	4b95      	ldr	r3, [pc, #596]	@ (100068c8 <_etoa+0x55c>)
10006672:	0020      	movs	r0, r4
10006674:	0029      	movs	r1, r5
10006676:	f7fe fe8a 	bl	1000538e <__wrap___aeabi_ddiv>
1000667a:	2200      	movs	r2, #0
1000667c:	4b93      	ldr	r3, [pc, #588]	@ (100068cc <_etoa+0x560>)
1000667e:	f7fe fe7d 	bl	1000537c <__wrap___aeabi_dadd>
10006682:	0002      	movs	r2, r0
10006684:	000b      	movs	r3, r1
10006686:	0020      	movs	r0, r4
10006688:	0029      	movs	r1, r5
1000668a:	f7fe fe80 	bl	1000538e <__wrap___aeabi_ddiv>
1000668e:	2200      	movs	r2, #0
10006690:	4b8f      	ldr	r3, [pc, #572]	@ (100068d0 <_etoa+0x564>)
10006692:	f7fe fe73 	bl	1000537c <__wrap___aeabi_dadd>
10006696:	0002      	movs	r2, r0
10006698:	000b      	movs	r3, r1
1000669a:	0020      	movs	r0, r4
1000669c:	0029      	movs	r1, r5
1000669e:	f7fe fe76 	bl	1000538e <__wrap___aeabi_ddiv>
100066a2:	000d      	movs	r5, r1
100066a4:	2180      	movs	r1, #128	@ 0x80
100066a6:	0004      	movs	r4, r0
100066a8:	0032      	movs	r2, r6
100066aa:	003b      	movs	r3, r7
100066ac:	2000      	movs	r0, #0
100066ae:	05c9      	lsls	r1, r1, #23
100066b0:	f7fe fe5b 	bl	1000536a <__wrap___aeabi_dsub>
100066b4:	0002      	movs	r2, r0
100066b6:	000b      	movs	r3, r1
100066b8:	0020      	movs	r0, r4
100066ba:	0029      	movs	r1, r5
100066bc:	f7fe fe5e 	bl	1000537c <__wrap___aeabi_dadd>
100066c0:	0002      	movs	r2, r0
100066c2:	000b      	movs	r3, r1
100066c4:	980e      	ldr	r0, [sp, #56]	@ 0x38
100066c6:	990f      	ldr	r1, [sp, #60]	@ 0x3c
100066c8:	f7fe fe61 	bl	1000538e <__wrap___aeabi_ddiv>
100066cc:	2200      	movs	r2, #0
100066ce:	4b73      	ldr	r3, [pc, #460]	@ (1000689c <_etoa+0x530>)
100066d0:	f7fe fe54 	bl	1000537c <__wrap___aeabi_dadd>
100066d4:	4b7f      	ldr	r3, [pc, #508]	@ (100068d4 <_etoa+0x568>)
100066d6:	9c0c      	ldr	r4, [sp, #48]	@ 0x30
100066d8:	469c      	mov	ip, r3
100066da:	4464      	add	r4, ip
100066dc:	2200      	movs	r2, #0
100066de:	0523      	lsls	r3, r4, #20
100066e0:	f7fe fe73 	bl	100053ca <__wrap___aeabi_dmul>
100066e4:	0006      	movs	r6, r0
100066e6:	000f      	movs	r7, r1
100066e8:	0002      	movs	r2, r0
100066ea:	000b      	movs	r3, r1
100066ec:	9808      	ldr	r0, [sp, #32]
100066ee:	9909      	ldr	r1, [sp, #36]	@ 0x24
100066f0:	f7fe feae 	bl	10005450 <__wrap___aeabi_dcmplt>
100066f4:	2800      	cmp	r0, #0
100066f6:	d00a      	beq.n	1000670e <_etoa+0x3a2>
100066f8:	9b0a      	ldr	r3, [sp, #40]	@ 0x28
100066fa:	0030      	movs	r0, r6
100066fc:	3b01      	subs	r3, #1
100066fe:	0039      	movs	r1, r7
10006700:	930a      	str	r3, [sp, #40]	@ 0x28
10006702:	2200      	movs	r2, #0
10006704:	4b71      	ldr	r3, [pc, #452]	@ (100068cc <_etoa+0x560>)
10006706:	f7fe fe42 	bl	1000538e <__wrap___aeabi_ddiv>
1000670a:	0006      	movs	r6, r0
1000670c:	000f      	movs	r7, r1
1000670e:	9a0a      	ldr	r2, [sp, #40]	@ 0x28
10006710:	0033      	movs	r3, r6
10006712:	3263      	adds	r2, #99	@ 0x63
10006714:	0039      	movs	r1, r7
10006716:	2ac6      	cmp	r2, #198	@ 0xc6
10006718:	d812      	bhi.n	10006740 <_etoa+0x3d4>
1000671a:	2202      	movs	r2, #2
1000671c:	9826      	ldr	r0, [sp, #152]	@ 0x98
1000671e:	2504      	movs	r5, #4
10006720:	4010      	ands	r0, r2
10006722:	9a0b      	ldr	r2, [sp, #44]	@ 0x2c
10006724:	900c      	str	r0, [sp, #48]	@ 0x30
10006726:	2a00      	cmp	r2, #0
10006728:	d125      	bne.n	10006776 <_etoa+0x40a>
1000672a:	9b25      	ldr	r3, [sp, #148]	@ 0x94
1000672c:	2b04      	cmp	r3, #4
1000672e:	d905      	bls.n	1000673c <_etoa+0x3d0>
10006730:	2800      	cmp	r0, #0
10006732:	d000      	beq.n	10006736 <_etoa+0x3ca>
10006734:	e0a1      	b.n	1000687a <_etoa+0x50e>
10006736:	9b25      	ldr	r3, [sp, #148]	@ 0x94
10006738:	3b04      	subs	r3, #4
1000673a:	930b      	str	r3, [sp, #44]	@ 0x2c
1000673c:	2504      	movs	r5, #4
1000673e:	e041      	b.n	100067c4 <_etoa+0x458>
10006740:	2202      	movs	r2, #2
10006742:	9826      	ldr	r0, [sp, #152]	@ 0x98
10006744:	4010      	ands	r0, r2
10006746:	9a0b      	ldr	r2, [sp, #44]	@ 0x2c
10006748:	900c      	str	r0, [sp, #48]	@ 0x30
1000674a:	2a00      	cmp	r2, #0
1000674c:	d112      	bne.n	10006774 <_etoa+0x408>
1000674e:	9b25      	ldr	r3, [sp, #148]	@ 0x94
10006750:	2b05      	cmp	r3, #5
10006752:	d976      	bls.n	10006842 <_etoa+0x4d6>
10006754:	2800      	cmp	r0, #0
10006756:	d172      	bne.n	1000683e <_etoa+0x4d2>
10006758:	9b25      	ldr	r3, [sp, #148]	@ 0x94
1000675a:	2505      	movs	r5, #5
1000675c:	3b05      	subs	r3, #5
1000675e:	930b      	str	r3, [sp, #44]	@ 0x2c
10006760:	e034      	b.n	100067cc <_etoa+0x460>
10006762:	2280      	movs	r2, #128	@ 0x80
10006764:	0612      	lsls	r2, r2, #24
10006766:	4694      	mov	ip, r2
10006768:	9b22      	ldr	r3, [sp, #136]	@ 0x88
1000676a:	9308      	str	r3, [sp, #32]
1000676c:	9b23      	ldr	r3, [sp, #140]	@ 0x8c
1000676e:	4463      	add	r3, ip
10006770:	9309      	str	r3, [sp, #36]	@ 0x24
10006772:	e630      	b.n	100063d6 <_etoa+0x6a>
10006774:	2505      	movs	r5, #5
10006776:	430b      	orrs	r3, r1
10006778:	d100      	bne.n	1000677c <_etoa+0x410>
1000677a:	e6f6      	b.n	1000656a <_etoa+0x1fe>
1000677c:	9808      	ldr	r0, [sp, #32]
1000677e:	9909      	ldr	r1, [sp, #36]	@ 0x24
10006780:	4a55      	ldr	r2, [pc, #340]	@ (100068d8 <_etoa+0x56c>)
10006782:	4b56      	ldr	r3, [pc, #344]	@ (100068dc <_etoa+0x570>)
10006784:	f7fe fe72 	bl	1000546c <__wrap___aeabi_dcmpge>
10006788:	2800      	cmp	r0, #0
1000678a:	d008      	beq.n	1000679e <_etoa+0x432>
1000678c:	9808      	ldr	r0, [sp, #32]
1000678e:	9909      	ldr	r1, [sp, #36]	@ 0x24
10006790:	2200      	movs	r2, #0
10006792:	4b53      	ldr	r3, [pc, #332]	@ (100068e0 <_etoa+0x574>)
10006794:	f7fe fe5c 	bl	10005450 <__wrap___aeabi_dcmplt>
10006798:	2800      	cmp	r0, #0
1000679a:	d000      	beq.n	1000679e <_etoa+0x432>
1000679c:	e6e5      	b.n	1000656a <_etoa+0x1fe>
1000679e:	9b24      	ldr	r3, [sp, #144]	@ 0x90
100067a0:	2b00      	cmp	r3, #0
100067a2:	d01c      	beq.n	100067de <_etoa+0x472>
100067a4:	9b0d      	ldr	r3, [sp, #52]	@ 0x34
100067a6:	2b00      	cmp	r3, #0
100067a8:	d019      	beq.n	100067de <_etoa+0x472>
100067aa:	9b24      	ldr	r3, [sp, #144]	@ 0x90
100067ac:	3b01      	subs	r3, #1
100067ae:	9324      	str	r3, [sp, #144]	@ 0x90
100067b0:	9b25      	ldr	r3, [sp, #148]	@ 0x94
100067b2:	42ab      	cmp	r3, r5
100067b4:	d904      	bls.n	100067c0 <_etoa+0x454>
100067b6:	9b0c      	ldr	r3, [sp, #48]	@ 0x30
100067b8:	2b00      	cmp	r3, #0
100067ba:	d05a      	beq.n	10006872 <_etoa+0x506>
100067bc:	2302      	movs	r3, #2
100067be:	930c      	str	r3, [sp, #48]	@ 0x30
100067c0:	2300      	movs	r3, #0
100067c2:	930b      	str	r3, [sp, #44]	@ 0x2c
100067c4:	9b0a      	ldr	r3, [sp, #40]	@ 0x28
100067c6:	2b00      	cmp	r3, #0
100067c8:	d100      	bne.n	100067cc <_etoa+0x460>
100067ca:	e631      	b.n	10006430 <_etoa+0xc4>
100067cc:	9808      	ldr	r0, [sp, #32]
100067ce:	9909      	ldr	r1, [sp, #36]	@ 0x24
100067d0:	0032      	movs	r2, r6
100067d2:	003b      	movs	r3, r7
100067d4:	f7fe fddb 	bl	1000538e <__wrap___aeabi_ddiv>
100067d8:	9008      	str	r0, [sp, #32]
100067da:	9109      	str	r1, [sp, #36]	@ 0x24
100067dc:	e628      	b.n	10006430 <_etoa+0xc4>
100067de:	9b25      	ldr	r3, [sp, #148]	@ 0x94
100067e0:	42ab      	cmp	r3, r5
100067e2:	d9ed      	bls.n	100067c0 <_etoa+0x454>
100067e4:	9b0c      	ldr	r3, [sp, #48]	@ 0x30
100067e6:	2b00      	cmp	r3, #0
100067e8:	d043      	beq.n	10006872 <_etoa+0x506>
100067ea:	2300      	movs	r3, #0
100067ec:	930b      	str	r3, [sp, #44]	@ 0x2c
100067ee:	3302      	adds	r3, #2
100067f0:	930c      	str	r3, [sp, #48]	@ 0x30
100067f2:	e7e7      	b.n	100067c4 <_etoa+0x458>
100067f4:	2080      	movs	r0, #128	@ 0x80
100067f6:	9b26      	ldr	r3, [sp, #152]	@ 0x98
100067f8:	4a3a      	ldr	r2, [pc, #232]	@ (100068e4 <_etoa+0x578>)
100067fa:	0600      	lsls	r0, r0, #24
100067fc:	401a      	ands	r2, r3
100067fe:	2380      	movs	r3, #128	@ 0x80
10006800:	4684      	mov	ip, r0
10006802:	9402      	str	r4, [sp, #8]
10006804:	9c08      	ldr	r4, [sp, #32]
10006806:	9d09      	ldr	r5, [sp, #36]	@ 0x24
10006808:	0029      	movs	r1, r5
1000680a:	00db      	lsls	r3, r3, #3
1000680c:	4313      	orrs	r3, r2
1000680e:	9304      	str	r3, [sp, #16]
10006810:	9b25      	ldr	r3, [sp, #148]	@ 0x94
10006812:	4461      	add	r1, ip
10006814:	0022      	movs	r2, r4
10006816:	9303      	str	r3, [sp, #12]
10006818:	000b      	movs	r3, r1
1000681a:	9200      	str	r2, [sp, #0]
1000681c:	9301      	str	r3, [sp, #4]
1000681e:	e68e      	b.n	1000653e <_etoa+0x1d2>
10006820:	2405      	movs	r4, #5
10006822:	e6a8      	b.n	10006576 <_etoa+0x20a>
10006824:	2300      	movs	r3, #0
10006826:	930b      	str	r3, [sp, #44]	@ 0x2c
10006828:	930a      	str	r3, [sp, #40]	@ 0x28
1000682a:	3302      	adds	r3, #2
1000682c:	2504      	movs	r5, #4
1000682e:	930c      	str	r3, [sp, #48]	@ 0x30
10006830:	e5fe      	b.n	10006430 <_etoa+0xc4>
10006832:	4653      	mov	r3, sl
10006834:	468c      	mov	ip, r1
10006836:	3b01      	subs	r3, #1
10006838:	4463      	add	r3, ip
1000683a:	1a1b      	subs	r3, r3, r0
1000683c:	e672      	b.n	10006524 <_etoa+0x1b8>
1000683e:	2302      	movs	r3, #2
10006840:	930c      	str	r3, [sp, #48]	@ 0x30
10006842:	2505      	movs	r5, #5
10006844:	e7c2      	b.n	100067cc <_etoa+0x460>
10006846:	2304      	movs	r3, #4
10006848:	e5ed      	b.n	10006426 <_etoa+0xba>
1000684a:	2080      	movs	r0, #128	@ 0x80
1000684c:	9e08      	ldr	r6, [sp, #32]
1000684e:	9f09      	ldr	r7, [sp, #36]	@ 0x24
10006850:	0600      	lsls	r0, r0, #24
10006852:	0039      	movs	r1, r7
10006854:	4684      	mov	ip, r0
10006856:	9a26      	ldr	r2, [sp, #152]	@ 0x98
10006858:	4b22      	ldr	r3, [pc, #136]	@ (100068e4 <_etoa+0x578>)
1000685a:	4461      	add	r1, ip
1000685c:	4013      	ands	r3, r2
1000685e:	9304      	str	r3, [sp, #16]
10006860:	9b0b      	ldr	r3, [sp, #44]	@ 0x2c
10006862:	0032      	movs	r2, r6
10006864:	9303      	str	r3, [sp, #12]
10006866:	9b24      	ldr	r3, [sp, #144]	@ 0x90
10006868:	9302      	str	r3, [sp, #8]
1000686a:	000b      	movs	r3, r1
1000686c:	9200      	str	r2, [sp, #0]
1000686e:	9301      	str	r3, [sp, #4]
10006870:	e5f3      	b.n	1000645a <_etoa+0xee>
10006872:	9b25      	ldr	r3, [sp, #148]	@ 0x94
10006874:	1b5b      	subs	r3, r3, r5
10006876:	930b      	str	r3, [sp, #44]	@ 0x2c
10006878:	e7a4      	b.n	100067c4 <_etoa+0x458>
1000687a:	2302      	movs	r3, #2
1000687c:	2504      	movs	r5, #4
1000687e:	930c      	str	r3, [sp, #48]	@ 0x30
10006880:	e7a0      	b.n	100067c4 <_etoa+0x458>
10006882:	1a9c      	subs	r4, r3, r2
10006884:	3c01      	subs	r4, #1
10006886:	e676      	b.n	10006576 <_etoa+0x20a>
10006888:	fffffc01 	.word	0xfffffc01
1000688c:	509f79fb 	.word	0x509f79fb
10006890:	3fd34413 	.word	0x3fd34413
10006894:	8b60c8b3 	.word	0x8b60c8b3
10006898:	3fc68a28 	.word	0x3fc68a28
1000689c:	3ff00000 	.word	0x3ff00000
100068a0:	3ff80000 	.word	0x3ff80000
100068a4:	636f4361 	.word	0x636f4361
100068a8:	3fd287a7 	.word	0x3fd287a7
100068ac:	0979a371 	.word	0x0979a371
100068b0:	400a934f 	.word	0x400a934f
100068b4:	3fe00000 	.word	0x3fe00000
100068b8:	bbb55516 	.word	0xbbb55516
100068bc:	40026bb1 	.word	0x40026bb1
100068c0:	fefa39ef 	.word	0xfefa39ef
100068c4:	3fe62e42 	.word	0x3fe62e42
100068c8:	402c0000 	.word	0x402c0000
100068cc:	40240000 	.word	0x40240000
100068d0:	40180000 	.word	0x40180000
100068d4:	000003ff 	.word	0x000003ff
100068d8:	eb1c432d 	.word	0xeb1c432d
100068dc:	3f1a36e2 	.word	0x3f1a36e2
100068e0:	412e8480 	.word	0x412e8480
100068e4:	fffff7ff 	.word	0xfffff7ff

100068e8 <_vsnprintf>:
100068e8:	b5f0      	push	{r4, r5, r6, r7, lr}
100068ea:	46de      	mov	lr, fp
100068ec:	4657      	mov	r7, sl
100068ee:	464e      	mov	r6, r9
100068f0:	4645      	mov	r5, r8
100068f2:	b5e0      	push	{r5, r6, r7, lr}
100068f4:	b0a5      	sub	sp, #148	@ 0x94
100068f6:	001e      	movs	r6, r3
100068f8:	9b2e      	ldr	r3, [sp, #184]	@ 0xb8
100068fa:	4692      	mov	sl, r2
100068fc:	930c      	str	r3, [sp, #48]	@ 0x30
100068fe:	4acd      	ldr	r2, [pc, #820]	@ (10006c34 <_vsnprintf+0x34c>)
10006900:	4bcd      	ldr	r3, [pc, #820]	@ (10006c38 <_vsnprintf+0x350>)
10006902:	4680      	mov	r8, r0
10006904:	468b      	mov	fp, r1
10006906:	601a      	str	r2, [r3, #0]
10006908:	2900      	cmp	r1, #0
1000690a:	d100      	bne.n	1000690e <_vsnprintf+0x26>
1000690c:	e1ea      	b.n	10006ce4 <_vsnprintf+0x3fc>
1000690e:	2300      	movs	r3, #0
10006910:	7830      	ldrb	r0, [r6, #0]
10006912:	4699      	mov	r9, r3
10006914:	2800      	cmp	r0, #0
10006916:	d100      	bne.n	1000691a <_vsnprintf+0x32>
10006918:	e1ec      	b.n	10006cf4 <_vsnprintf+0x40c>
1000691a:	4bc8      	ldr	r3, [pc, #800]	@ (10006c3c <_vsnprintf+0x354>)
1000691c:	464c      	mov	r4, r9
1000691e:	930b      	str	r3, [sp, #44]	@ 0x2c
10006920:	4bc7      	ldr	r3, [pc, #796]	@ (10006c40 <_vsnprintf+0x358>)
10006922:	4645      	mov	r5, r8
10006924:	4657      	mov	r7, sl
10006926:	930e      	str	r3, [sp, #56]	@ 0x38
10006928:	e00a      	b.n	10006940 <_vsnprintf+0x58>
1000692a:	1c63      	adds	r3, r4, #1
1000692c:	4698      	mov	r8, r3
1000692e:	0022      	movs	r2, r4
10006930:	003b      	movs	r3, r7
10006932:	4659      	mov	r1, fp
10006934:	47a8      	blx	r5
10006936:	4644      	mov	r4, r8
10006938:	7830      	ldrb	r0, [r6, #0]
1000693a:	2800      	cmp	r0, #0
1000693c:	d100      	bne.n	10006940 <_vsnprintf+0x58>
1000693e:	e087      	b.n	10006a50 <_vsnprintf+0x168>
10006940:	3601      	adds	r6, #1
10006942:	2825      	cmp	r0, #37	@ 0x25
10006944:	d1f1      	bne.n	1000692a <_vsnprintf+0x42>
10006946:	2308      	movs	r3, #8
10006948:	469a      	mov	sl, r3
1000694a:	3b04      	subs	r3, #4
1000694c:	4699      	mov	r9, r3
1000694e:	3b02      	subs	r3, #2
10006950:	4698      	mov	r8, r3
10006952:	3b01      	subs	r3, #1
10006954:	2200      	movs	r2, #0
10006956:	469c      	mov	ip, r3
10006958:	940d      	str	r4, [sp, #52]	@ 0x34
1000695a:	7830      	ldrb	r0, [r6, #0]
1000695c:	1c71      	adds	r1, r6, #1
1000695e:	0003      	movs	r3, r0
10006960:	3b20      	subs	r3, #32
10006962:	b2db      	uxtb	r3, r3
10006964:	2b10      	cmp	r3, #16
10006966:	d803      	bhi.n	10006970 <_vsnprintf+0x88>
10006968:	9c0b      	ldr	r4, [sp, #44]	@ 0x2c
1000696a:	009b      	lsls	r3, r3, #2
1000696c:	58e3      	ldr	r3, [r4, r3]
1000696e:	469f      	mov	pc, r3
10006970:	0003      	movs	r3, r0
10006972:	3b30      	subs	r3, #48	@ 0x30
10006974:	4689      	mov	r9, r1
10006976:	9c0d      	ldr	r4, [sp, #52]	@ 0x34
10006978:	2b09      	cmp	r3, #9
1000697a:	d93a      	bls.n	100069f2 <_vsnprintf+0x10a>
1000697c:	2300      	movs	r3, #0
1000697e:	4698      	mov	r8, r3
10006980:	282a      	cmp	r0, #42	@ 0x2a
10006982:	d100      	bne.n	10006986 <_vsnprintf+0x9e>
10006984:	e0c1      	b.n	10006b0a <_vsnprintf+0x222>
10006986:	2300      	movs	r3, #0
10006988:	469a      	mov	sl, r3
1000698a:	282e      	cmp	r0, #46	@ 0x2e
1000698c:	d04b      	beq.n	10006a26 <_vsnprintf+0x13e>
1000698e:	0003      	movs	r3, r0
10006990:	3b68      	subs	r3, #104	@ 0x68
10006992:	b2db      	uxtb	r3, r3
10006994:	2b12      	cmp	r3, #18
10006996:	d81e      	bhi.n	100069d6 <_vsnprintf+0xee>
10006998:	990e      	ldr	r1, [sp, #56]	@ 0x38
1000699a:	009b      	lsls	r3, r3, #2
1000699c:	58cb      	ldr	r3, [r1, r3]
1000699e:	469f      	mov	pc, r3
100069a0:	4663      	mov	r3, ip
100069a2:	000e      	movs	r6, r1
100069a4:	431a      	orrs	r2, r3
100069a6:	e7d8      	b.n	1000695a <_vsnprintf+0x72>
100069a8:	4643      	mov	r3, r8
100069aa:	000e      	movs	r6, r1
100069ac:	431a      	orrs	r2, r3
100069ae:	e7d4      	b.n	1000695a <_vsnprintf+0x72>
100069b0:	464b      	mov	r3, r9
100069b2:	000e      	movs	r6, r1
100069b4:	431a      	orrs	r2, r3
100069b6:	e7d0      	b.n	1000695a <_vsnprintf+0x72>
100069b8:	2310      	movs	r3, #16
100069ba:	000e      	movs	r6, r1
100069bc:	431a      	orrs	r2, r3
100069be:	e7cc      	b.n	1000695a <_vsnprintf+0x72>
100069c0:	4653      	mov	r3, sl
100069c2:	000e      	movs	r6, r1
100069c4:	431a      	orrs	r2, r3
100069c6:	e7c8      	b.n	1000695a <_vsnprintf+0x72>
100069c8:	2380      	movs	r3, #128	@ 0x80
100069ca:	005b      	lsls	r3, r3, #1
100069cc:	431a      	orrs	r2, r3
100069ce:	3bff      	subs	r3, #255	@ 0xff
100069d0:	469c      	mov	ip, r3
100069d2:	7870      	ldrb	r0, [r6, #1]
100069d4:	44e1      	add	r9, ip
100069d6:	464e      	mov	r6, r9
100069d8:	2867      	cmp	r0, #103	@ 0x67
100069da:	d84f      	bhi.n	10006a7c <_vsnprintf+0x194>
100069dc:	2824      	cmp	r0, #36	@ 0x24
100069de:	d9a4      	bls.n	1000692a <_vsnprintf+0x42>
100069e0:	0003      	movs	r3, r0
100069e2:	3b25      	subs	r3, #37	@ 0x25
100069e4:	b2db      	uxtb	r3, r3
100069e6:	2b42      	cmp	r3, #66	@ 0x42
100069e8:	d89f      	bhi.n	1000692a <_vsnprintf+0x42>
100069ea:	4996      	ldr	r1, [pc, #600]	@ (10006c44 <_vsnprintf+0x35c>)
100069ec:	009b      	lsls	r3, r3, #2
100069ee:	58cb      	ldr	r3, [r1, r3]
100069f0:	469f      	mov	pc, r3
100069f2:	2300      	movs	r3, #0
100069f4:	4694      	mov	ip, r2
100069f6:	001e      	movs	r6, r3
100069f8:	e000      	b.n	100069fc <_vsnprintf+0x114>
100069fa:	3101      	adds	r1, #1
100069fc:	00b3      	lsls	r3, r6, #2
100069fe:	199b      	adds	r3, r3, r6
10006a00:	005b      	lsls	r3, r3, #1
10006a02:	181e      	adds	r6, r3, r0
10006a04:	7808      	ldrb	r0, [r1, #0]
10006a06:	3e30      	subs	r6, #48	@ 0x30
10006a08:	0003      	movs	r3, r0
10006a0a:	3b30      	subs	r3, #48	@ 0x30
10006a0c:	2b09      	cmp	r3, #9
10006a0e:	d9f4      	bls.n	100069fa <_vsnprintf+0x112>
10006a10:	2301      	movs	r3, #1
10006a12:	4662      	mov	r2, ip
10006a14:	4689      	mov	r9, r1
10006a16:	469c      	mov	ip, r3
10006a18:	2300      	movs	r3, #0
10006a1a:	46b0      	mov	r8, r6
10006a1c:	469a      	mov	sl, r3
10006a1e:	000e      	movs	r6, r1
10006a20:	44e1      	add	r9, ip
10006a22:	282e      	cmp	r0, #46	@ 0x2e
10006a24:	d1b3      	bne.n	1000698e <_vsnprintf+0xa6>
10006a26:	2130      	movs	r1, #48	@ 0x30
10006a28:	2080      	movs	r0, #128	@ 0x80
10006a2a:	4249      	negs	r1, r1
10006a2c:	468c      	mov	ip, r1
10006a2e:	00c0      	lsls	r0, r0, #3
10006a30:	4302      	orrs	r2, r0
10006a32:	7870      	ldrb	r0, [r6, #1]
10006a34:	464b      	mov	r3, r9
10006a36:	4484      	add	ip, r0
10006a38:	4661      	mov	r1, ip
10006a3a:	2909      	cmp	r1, #9
10006a3c:	d800      	bhi.n	10006a40 <_vsnprintf+0x158>
10006a3e:	e16c      	b.n	10006d1a <_vsnprintf+0x432>
10006a40:	282a      	cmp	r0, #42	@ 0x2a
10006a42:	d100      	bne.n	10006a46 <_vsnprintf+0x15e>
10006a44:	e17a      	b.n	10006d3c <_vsnprintf+0x454>
10006a46:	2301      	movs	r3, #1
10006a48:	469c      	mov	ip, r3
10006a4a:	464e      	mov	r6, r9
10006a4c:	44e1      	add	r9, ip
10006a4e:	e79e      	b.n	1000698e <_vsnprintf+0xa6>
10006a50:	46a1      	mov	r9, r4
10006a52:	46a8      	mov	r8, r5
10006a54:	46ba      	mov	sl, r7
10006a56:	45ca      	cmp	sl, r9
10006a58:	d803      	bhi.n	10006a62 <_vsnprintf+0x17a>
10006a5a:	2301      	movs	r3, #1
10006a5c:	425b      	negs	r3, r3
10006a5e:	4453      	add	r3, sl
10006a60:	4699      	mov	r9, r3
10006a62:	4653      	mov	r3, sl
10006a64:	464a      	mov	r2, r9
10006a66:	4659      	mov	r1, fp
10006a68:	2000      	movs	r0, #0
10006a6a:	47c0      	blx	r8
10006a6c:	0020      	movs	r0, r4
10006a6e:	b025      	add	sp, #148	@ 0x94
10006a70:	bcf0      	pop	{r4, r5, r6, r7}
10006a72:	46bb      	mov	fp, r7
10006a74:	46b2      	mov	sl, r6
10006a76:	46a9      	mov	r9, r5
10006a78:	46a0      	mov	r8, r4
10006a7a:	bdf0      	pop	{r4, r5, r6, r7, pc}
10006a7c:	0003      	movs	r3, r0
10006a7e:	3b69      	subs	r3, #105	@ 0x69
10006a80:	b2db      	uxtb	r3, r3
10006a82:	930d      	str	r3, [sp, #52]	@ 0x34
10006a84:	2b0f      	cmp	r3, #15
10006a86:	d900      	bls.n	10006a8a <_vsnprintf+0x1a2>
10006a88:	e74f      	b.n	1000692a <_vsnprintf+0x42>
10006a8a:	2101      	movs	r1, #1
10006a8c:	4099      	lsls	r1, r3
10006a8e:	468c      	mov	ip, r1
10006a90:	496d      	ldr	r1, [pc, #436]	@ (10006c48 <_vsnprintf+0x360>)
10006a92:	4689      	mov	r9, r1
10006a94:	4661      	mov	r1, ip
10006a96:	464b      	mov	r3, r9
10006a98:	4019      	ands	r1, r3
10006a9a:	910f      	str	r1, [sp, #60]	@ 0x3c
10006a9c:	4663      	mov	r3, ip
10006a9e:	4649      	mov	r1, r9
10006aa0:	420b      	tst	r3, r1
10006aa2:	d000      	beq.n	10006aa6 <_vsnprintf+0x1be>
10006aa4:	e128      	b.n	10006cf8 <_vsnprintf+0x410>
10006aa6:	9b0d      	ldr	r3, [sp, #52]	@ 0x34
10006aa8:	2b0a      	cmp	r3, #10
10006aaa:	d03a      	beq.n	10006b22 <_vsnprintf+0x23a>
10006aac:	2b07      	cmp	r3, #7
10006aae:	d000      	beq.n	10006ab2 <_vsnprintf+0x1ca>
10006ab0:	e73b      	b.n	1000692a <_vsnprintf+0x42>
10006ab2:	9b0c      	ldr	r3, [sp, #48]	@ 0x30
10006ab4:	0019      	movs	r1, r3
10006ab6:	c908      	ldmia	r1!, {r3}
10006ab8:	4688      	mov	r8, r1
10006aba:	2b00      	cmp	r3, #0
10006abc:	d100      	bne.n	10006ac0 <_vsnprintf+0x1d8>
10006abe:	e14b      	b.n	10006d58 <_vsnprintf+0x470>
10006ac0:	2021      	movs	r0, #33	@ 0x21
10006ac2:	4302      	orrs	r2, r0
10006ac4:	4691      	mov	r9, r2
10006ac6:	a914      	add	r1, sp, #80	@ 0x50
10006ac8:	468c      	mov	ip, r1
10006aca:	221f      	movs	r2, #31
10006acc:	210f      	movs	r1, #15
10006ace:	4462      	add	r2, ip
10006ad0:	468c      	mov	ip, r1
10006ad2:	4651      	mov	r1, sl
10006ad4:	950d      	str	r5, [sp, #52]	@ 0x34
10006ad6:	910c      	str	r1, [sp, #48]	@ 0x30
10006ad8:	46a2      	mov	sl, r4
10006ada:	0015      	movs	r5, r2
10006adc:	990f      	ldr	r1, [sp, #60]	@ 0x3c
10006ade:	e002      	b.n	10006ae6 <_vsnprintf+0x1fe>
10006ae0:	2920      	cmp	r1, #32
10006ae2:	d00c      	beq.n	10006afe <_vsnprintf+0x216>
10006ae4:	0013      	movs	r3, r2
10006ae6:	4664      	mov	r4, ip
10006ae8:	401c      	ands	r4, r3
10006aea:	0020      	movs	r0, r4
10006aec:	3037      	adds	r0, #55	@ 0x37
10006aee:	2c09      	cmp	r4, #9
10006af0:	d800      	bhi.n	10006af4 <_vsnprintf+0x20c>
10006af2:	3807      	subs	r0, #7
10006af4:	3101      	adds	r1, #1
10006af6:	5468      	strb	r0, [r5, r1]
10006af8:	091a      	lsrs	r2, r3, #4
10006afa:	2b0f      	cmp	r3, #15
10006afc:	d8f0      	bhi.n	10006ae0 <_vsnprintf+0x1f8>
10006afe:	9b0c      	ldr	r3, [sp, #48]	@ 0x30
10006b00:	4654      	mov	r4, sl
10006b02:	9d0d      	ldr	r5, [sp, #52]	@ 0x34
10006b04:	469a      	mov	sl, r3
10006b06:	910f      	str	r1, [sp, #60]	@ 0x3c
10006b08:	e133      	b.n	10006d72 <_vsnprintf+0x48a>
10006b0a:	9b0c      	ldr	r3, [sp, #48]	@ 0x30
10006b0c:	cb02      	ldmia	r3!, {r1}
10006b0e:	4688      	mov	r8, r1
10006b10:	2900      	cmp	r1, #0
10006b12:	db47      	blt.n	10006ba4 <_vsnprintf+0x2bc>
10006b14:	930c      	str	r3, [sp, #48]	@ 0x30
10006b16:	2301      	movs	r3, #1
10006b18:	469c      	mov	ip, r3
10006b1a:	7870      	ldrb	r0, [r6, #1]
10006b1c:	464e      	mov	r6, r9
10006b1e:	44e1      	add	r9, ip
10006b20:	e731      	b.n	10006986 <_vsnprintf+0x9e>
10006b22:	9b0c      	ldr	r3, [sp, #48]	@ 0x30
10006b24:	cb02      	ldmia	r3!, {r1}
10006b26:	9314      	str	r3, [sp, #80]	@ 0x50
10006b28:	4653      	mov	r3, sl
10006b2a:	2b00      	cmp	r3, #0
10006b2c:	d100      	bne.n	10006b30 <_vsnprintf+0x248>
10006b2e:	e138      	b.n	10006da2 <_vsnprintf+0x4ba>
10006b30:	469c      	mov	ip, r3
10006b32:	7808      	ldrb	r0, [r1, #0]
10006b34:	000b      	movs	r3, r1
10006b36:	900c      	str	r0, [sp, #48]	@ 0x30
10006b38:	448c      	add	ip, r1
10006b3a:	2800      	cmp	r0, #0
10006b3c:	d101      	bne.n	10006b42 <_vsnprintf+0x25a>
10006b3e:	f000 fc98 	bl	10007472 <_vsnprintf+0xb8a>
10006b42:	4689      	mov	r9, r1
10006b44:	4661      	mov	r1, ip
10006b46:	4694      	mov	ip, r2
10006b48:	e003      	b.n	10006b52 <_vsnprintf+0x26a>
10006b4a:	785a      	ldrb	r2, [r3, #1]
10006b4c:	3301      	adds	r3, #1
10006b4e:	2a00      	cmp	r2, #0
10006b50:	d001      	beq.n	10006b56 <_vsnprintf+0x26e>
10006b52:	428b      	cmp	r3, r1
10006b54:	d1f9      	bne.n	10006b4a <_vsnprintf+0x262>
10006b56:	4649      	mov	r1, r9
10006b58:	4662      	mov	r2, ip
10006b5a:	1a5b      	subs	r3, r3, r1
10006b5c:	900c      	str	r0, [sp, #48]	@ 0x30
10006b5e:	930f      	str	r3, [sp, #60]	@ 0x3c
10006b60:	0553      	lsls	r3, r2, #21
10006b62:	d500      	bpl.n	10006b66 <_vsnprintf+0x27e>
10006b64:	e120      	b.n	10006da8 <_vsnprintf+0x4c0>
10006b66:	2302      	movs	r3, #2
10006b68:	0018      	movs	r0, r3
10006b6a:	4010      	ands	r0, r2
10006b6c:	900d      	str	r0, [sp, #52]	@ 0x34
10006b6e:	4213      	tst	r3, r2
10006b70:	d100      	bne.n	10006b74 <_vsnprintf+0x28c>
10006b72:	e3cb      	b.n	1000730c <_vsnprintf+0xa24>
10006b74:	930d      	str	r3, [sp, #52]	@ 0x34
10006b76:	1b0b      	subs	r3, r1, r4
10006b78:	46b1      	mov	r9, r6
10006b7a:	469a      	mov	sl, r3
10006b7c:	465e      	mov	r6, fp
10006b7e:	980c      	ldr	r0, [sp, #48]	@ 0x30
10006b80:	0022      	movs	r2, r4
10006b82:	003b      	movs	r3, r7
10006b84:	0031      	movs	r1, r6
10006b86:	47a8      	blx	r5
10006b88:	4653      	mov	r3, sl
10006b8a:	3401      	adds	r4, #1
10006b8c:	5d18      	ldrb	r0, [r3, r4]
10006b8e:	2800      	cmp	r0, #0
10006b90:	d1f6      	bne.n	10006b80 <_vsnprintf+0x298>
10006b92:	46b3      	mov	fp, r6
10006b94:	464e      	mov	r6, r9
10006b96:	9b0d      	ldr	r3, [sp, #52]	@ 0x34
10006b98:	2b00      	cmp	r3, #0
10006b9a:	d000      	beq.n	10006b9e <_vsnprintf+0x2b6>
10006b9c:	e1c7      	b.n	10006f2e <_vsnprintf+0x646>
10006b9e:	9b14      	ldr	r3, [sp, #80]	@ 0x50
10006ba0:	930c      	str	r3, [sp, #48]	@ 0x30
10006ba2:	e6c9      	b.n	10006938 <_vsnprintf+0x50>
10006ba4:	930c      	str	r3, [sp, #48]	@ 0x30
10006ba6:	2301      	movs	r3, #1
10006ba8:	469c      	mov	ip, r3
10006baa:	3828      	subs	r0, #40	@ 0x28
10006bac:	4249      	negs	r1, r1
10006bae:	4302      	orrs	r2, r0
10006bb0:	4688      	mov	r8, r1
10006bb2:	7870      	ldrb	r0, [r6, #1]
10006bb4:	464e      	mov	r6, r9
10006bb6:	44e1      	add	r9, ip
10006bb8:	e6e5      	b.n	10006986 <_vsnprintf+0x9e>
10006bba:	7870      	ldrb	r0, [r6, #1]
10006bbc:	286c      	cmp	r0, #108	@ 0x6c
10006bbe:	d100      	bne.n	10006bc2 <_vsnprintf+0x2da>
10006bc0:	e17f      	b.n	10006ec2 <_vsnprintf+0x5da>
10006bc2:	2380      	movs	r3, #128	@ 0x80
10006bc4:	005b      	lsls	r3, r3, #1
10006bc6:	431a      	orrs	r2, r3
10006bc8:	3bff      	subs	r3, #255	@ 0xff
10006bca:	469c      	mov	ip, r3
10006bcc:	44e1      	add	r9, ip
10006bce:	e702      	b.n	100069d6 <_vsnprintf+0xee>
10006bd0:	2380      	movs	r3, #128	@ 0x80
10006bd2:	009b      	lsls	r3, r3, #2
10006bd4:	431a      	orrs	r2, r3
10006bd6:	2301      	movs	r3, #1
10006bd8:	469c      	mov	ip, r3
10006bda:	7870      	ldrb	r0, [r6, #1]
10006bdc:	44e1      	add	r9, ip
10006bde:	e6fa      	b.n	100069d6 <_vsnprintf+0xee>
10006be0:	7870      	ldrb	r0, [r6, #1]
10006be2:	2868      	cmp	r0, #104	@ 0x68
10006be4:	d100      	bne.n	10006be8 <_vsnprintf+0x300>
10006be6:	e173      	b.n	10006ed0 <_vsnprintf+0x5e8>
10006be8:	2380      	movs	r3, #128	@ 0x80
10006bea:	431a      	orrs	r2, r3
10006bec:	3b7f      	subs	r3, #127	@ 0x7f
10006bee:	469c      	mov	ip, r3
10006bf0:	44e1      	add	r9, ip
10006bf2:	e6f0      	b.n	100069d6 <_vsnprintf+0xee>
10006bf4:	2867      	cmp	r0, #103	@ 0x67
10006bf6:	d100      	bne.n	10006bfa <_vsnprintf+0x312>
10006bf8:	e103      	b.n	10006e02 <_vsnprintf+0x51a>
10006bfa:	2847      	cmp	r0, #71	@ 0x47
10006bfc:	d100      	bne.n	10006c00 <_vsnprintf+0x318>
10006bfe:	e15a      	b.n	10006eb6 <_vsnprintf+0x5ce>
10006c00:	2845      	cmp	r0, #69	@ 0x45
10006c02:	d100      	bne.n	10006c06 <_vsnprintf+0x31e>
10006c04:	e15a      	b.n	10006ebc <_vsnprintf+0x5d4>
10006c06:	9204      	str	r2, [sp, #16]
10006c08:	2107      	movs	r1, #7
10006c0a:	4642      	mov	r2, r8
10006c0c:	9b0c      	ldr	r3, [sp, #48]	@ 0x30
10006c0e:	9203      	str	r2, [sp, #12]
10006c10:	3307      	adds	r3, #7
10006c12:	4652      	mov	r2, sl
10006c14:	438b      	bics	r3, r1
10006c16:	0019      	movs	r1, r3
10006c18:	9202      	str	r2, [sp, #8]
10006c1a:	c90c      	ldmia	r1!, {r2, r3}
10006c1c:	0028      	movs	r0, r5
10006c1e:	9200      	str	r2, [sp, #0]
10006c20:	9301      	str	r3, [sp, #4]
10006c22:	910c      	str	r1, [sp, #48]	@ 0x30
10006c24:	0022      	movs	r2, r4
10006c26:	003b      	movs	r3, r7
10006c28:	4659      	mov	r1, fp
10006c2a:	f7ff fb9f 	bl	1000636c <_etoa>
10006c2e:	0004      	movs	r4, r0
10006c30:	e682      	b.n	10006938 <_vsnprintf+0x50>
10006c32:	46c0      	nop			@ (mov r8, r8)
10006c34:	100068e9 	.word	0x100068e9
10006c38:	200021f4 	.word	0x200021f4
10006c3c:	1000aa64 	.word	0x1000aa64
10006c40:	1000aaa8 	.word	0x1000aaa8
10006c44:	1000aaf4 	.word	0x1000aaf4
10006c48:	00009041 	.word	0x00009041
10006c4c:	2846      	cmp	r0, #70	@ 0x46
10006c4e:	d100      	bne.n	10006c52 <_vsnprintf+0x36a>
10006c50:	e0db      	b.n	10006e0a <_vsnprintf+0x522>
10006c52:	9204      	str	r2, [sp, #16]
10006c54:	2107      	movs	r1, #7
10006c56:	4642      	mov	r2, r8
10006c58:	9b0c      	ldr	r3, [sp, #48]	@ 0x30
10006c5a:	9203      	str	r2, [sp, #12]
10006c5c:	3307      	adds	r3, #7
10006c5e:	4652      	mov	r2, sl
10006c60:	438b      	bics	r3, r1
10006c62:	0019      	movs	r1, r3
10006c64:	9202      	str	r2, [sp, #8]
10006c66:	c90c      	ldmia	r1!, {r2, r3}
10006c68:	0028      	movs	r0, r5
10006c6a:	9200      	str	r2, [sp, #0]
10006c6c:	9301      	str	r3, [sp, #4]
10006c6e:	910c      	str	r1, [sp, #48]	@ 0x30
10006c70:	0022      	movs	r2, r4
10006c72:	003b      	movs	r3, r7
10006c74:	4659      	mov	r1, fp
10006c76:	f7ff f925 	bl	10005ec4 <_ftoa>
10006c7a:	0004      	movs	r4, r0
10006c7c:	e65c      	b.n	10006938 <_vsnprintf+0x50>
10006c7e:	1c63      	adds	r3, r4, #1
10006c80:	4698      	mov	r8, r3
10006c82:	0022      	movs	r2, r4
10006c84:	003b      	movs	r3, r7
10006c86:	4659      	mov	r1, fp
10006c88:	2025      	movs	r0, #37	@ 0x25
10006c8a:	47a8      	blx	r5
10006c8c:	4644      	mov	r4, r8
10006c8e:	e653      	b.n	10006938 <_vsnprintf+0x50>
10006c90:	9b0c      	ldr	r3, [sp, #48]	@ 0x30
10006c92:	3304      	adds	r3, #4
10006c94:	930d      	str	r3, [sp, #52]	@ 0x34
10006c96:	1c63      	adds	r3, r4, #1
10006c98:	4699      	mov	r9, r3
10006c9a:	0792      	lsls	r2, r2, #30
10006c9c:	d400      	bmi.n	10006ca0 <_vsnprintf+0x3b8>
10006c9e:	e122      	b.n	10006ee6 <_vsnprintf+0x5fe>
10006ca0:	9b0c      	ldr	r3, [sp, #48]	@ 0x30
10006ca2:	0022      	movs	r2, r4
10006ca4:	7818      	ldrb	r0, [r3, #0]
10006ca6:	4659      	mov	r1, fp
10006ca8:	003b      	movs	r3, r7
10006caa:	47a8      	blx	r5
10006cac:	4643      	mov	r3, r8
10006cae:	4444      	add	r4, r8
10006cb0:	2b01      	cmp	r3, #1
10006cb2:	d800      	bhi.n	10006cb6 <_vsnprintf+0x3ce>
10006cb4:	e285      	b.n	100071c2 <_vsnprintf+0x8da>
10006cb6:	0033      	movs	r3, r6
10006cb8:	46b8      	mov	r8, r7
10006cba:	002e      	movs	r6, r5
10006cbc:	465f      	mov	r7, fp
10006cbe:	0025      	movs	r5, r4
10006cc0:	464c      	mov	r4, r9
10006cc2:	4699      	mov	r9, r3
10006cc4:	0022      	movs	r2, r4
10006cc6:	4643      	mov	r3, r8
10006cc8:	3401      	adds	r4, #1
10006cca:	0039      	movs	r1, r7
10006ccc:	2020      	movs	r0, #32
10006cce:	47b0      	blx	r6
10006cd0:	42ac      	cmp	r4, r5
10006cd2:	d1f7      	bne.n	10006cc4 <_vsnprintf+0x3dc>
10006cd4:	002c      	movs	r4, r5
10006cd6:	46bb      	mov	fp, r7
10006cd8:	0035      	movs	r5, r6
10006cda:	4647      	mov	r7, r8
10006cdc:	464e      	mov	r6, r9
10006cde:	9b0d      	ldr	r3, [sp, #52]	@ 0x34
10006ce0:	930c      	str	r3, [sp, #48]	@ 0x30
10006ce2:	e629      	b.n	10006938 <_vsnprintf+0x50>
10006ce4:	4bdb      	ldr	r3, [pc, #876]	@ (10007054 <_vsnprintf+0x76c>)
10006ce6:	7830      	ldrb	r0, [r6, #0]
10006ce8:	4698      	mov	r8, r3
10006cea:	2300      	movs	r3, #0
10006cec:	4699      	mov	r9, r3
10006cee:	2800      	cmp	r0, #0
10006cf0:	d000      	beq.n	10006cf4 <_vsnprintf+0x40c>
10006cf2:	e612      	b.n	1000691a <_vsnprintf+0x32>
10006cf4:	2400      	movs	r4, #0
10006cf6:	e6ae      	b.n	10006a56 <_vsnprintf+0x16e>
10006cf8:	286f      	cmp	r0, #111	@ 0x6f
10006cfa:	d100      	bne.n	10006cfe <_vsnprintf+0x416>
10006cfc:	e088      	b.n	10006e10 <_vsnprintf+0x528>
10006cfe:	d800      	bhi.n	10006d02 <_vsnprintf+0x41a>
10006d00:	e30b      	b.n	1000731a <_vsnprintf+0xa32>
10006d02:	2310      	movs	r3, #16
10006d04:	2878      	cmp	r0, #120	@ 0x78
10006d06:	d100      	bne.n	10006d0a <_vsnprintf+0x422>
10006d08:	e0cf      	b.n	10006eaa <_vsnprintf+0x5c2>
10006d0a:	439a      	bics	r2, r3
10006d0c:	230a      	movs	r3, #10
10006d0e:	469c      	mov	ip, r3
10006d10:	2300      	movs	r3, #0
10006d12:	930f      	str	r3, [sp, #60]	@ 0x3c
10006d14:	330a      	adds	r3, #10
10006d16:	930d      	str	r3, [sp, #52]	@ 0x34
10006d18:	e080      	b.n	10006e1c <_vsnprintf+0x534>
10006d1a:	4656      	mov	r6, sl
10006d1c:	00b1      	lsls	r1, r6, #2
10006d1e:	1989      	adds	r1, r1, r6
10006d20:	0049      	lsls	r1, r1, #1
10006d22:	3301      	adds	r3, #1
10006d24:	180e      	adds	r6, r1, r0
10006d26:	7818      	ldrb	r0, [r3, #0]
10006d28:	3e30      	subs	r6, #48	@ 0x30
10006d2a:	0001      	movs	r1, r0
10006d2c:	3930      	subs	r1, #48	@ 0x30
10006d2e:	2909      	cmp	r1, #9
10006d30:	d9f4      	bls.n	10006d1c <_vsnprintf+0x434>
10006d32:	46b2      	mov	sl, r6
10006d34:	001e      	movs	r6, r3
10006d36:	3301      	adds	r3, #1
10006d38:	4699      	mov	r9, r3
10006d3a:	e628      	b.n	1000698e <_vsnprintf+0xa6>
10006d3c:	9b0c      	ldr	r3, [sp, #48]	@ 0x30
10006d3e:	3602      	adds	r6, #2
10006d40:	cb02      	ldmia	r3!, {r1}
10006d42:	468a      	mov	sl, r1
10006d44:	43c9      	mvns	r1, r1
10006d46:	4650      	mov	r0, sl
10006d48:	17c9      	asrs	r1, r1, #31
10006d4a:	4008      	ands	r0, r1
10006d4c:	4682      	mov	sl, r0
10006d4e:	930c      	str	r3, [sp, #48]	@ 0x30
10006d50:	7830      	ldrb	r0, [r6, #0]
10006d52:	1c73      	adds	r3, r6, #1
10006d54:	4699      	mov	r9, r3
10006d56:	e61a      	b.n	1000698e <_vsnprintf+0xa6>
10006d58:	2310      	movs	r3, #16
10006d5a:	0010      	movs	r0, r2
10006d5c:	4398      	bics	r0, r3
10006d5e:	3311      	adds	r3, #17
10006d60:	4318      	orrs	r0, r3
10006d62:	4681      	mov	r9, r0
10006d64:	2080      	movs	r0, #128	@ 0x80
10006d66:	0013      	movs	r3, r2
10006d68:	00c0      	lsls	r0, r0, #3
10006d6a:	4003      	ands	r3, r0
10006d6c:	4202      	tst	r2, r0
10006d6e:	d100      	bne.n	10006d72 <_vsnprintf+0x48a>
10006d70:	e6a9      	b.n	10006ac6 <_vsnprintf+0x1de>
10006d72:	464b      	mov	r3, r9
10006d74:	9306      	str	r3, [sp, #24]
10006d76:	2308      	movs	r3, #8
10006d78:	9305      	str	r3, [sp, #20]
10006d7a:	4653      	mov	r3, sl
10006d7c:	9304      	str	r3, [sp, #16]
10006d7e:	2310      	movs	r3, #16
10006d80:	9303      	str	r3, [sp, #12]
10006d82:	2300      	movs	r3, #0
10006d84:	9302      	str	r3, [sp, #8]
10006d86:	9b0f      	ldr	r3, [sp, #60]	@ 0x3c
10006d88:	0022      	movs	r2, r4
10006d8a:	9301      	str	r3, [sp, #4]
10006d8c:	ab1c      	add	r3, sp, #112	@ 0x70
10006d8e:	9300      	str	r3, [sp, #0]
10006d90:	4659      	mov	r1, fp
10006d92:	003b      	movs	r3, r7
10006d94:	0028      	movs	r0, r5
10006d96:	f7fe ff9f 	bl	10005cd8 <_ntoa_format>
10006d9a:	4643      	mov	r3, r8
10006d9c:	0004      	movs	r4, r0
10006d9e:	930c      	str	r3, [sp, #48]	@ 0x30
10006da0:	e5ca      	b.n	10006938 <_vsnprintf+0x50>
10006da2:	2301      	movs	r3, #1
10006da4:	425b      	negs	r3, r3
10006da6:	e6c3      	b.n	10006b30 <_vsnprintf+0x248>
10006da8:	9b0f      	ldr	r3, [sp, #60]	@ 0x3c
10006daa:	4553      	cmp	r3, sl
10006dac:	d901      	bls.n	10006db2 <_vsnprintf+0x4ca>
10006dae:	4653      	mov	r3, sl
10006db0:	930f      	str	r3, [sp, #60]	@ 0x3c
10006db2:	2302      	movs	r3, #2
10006db4:	0018      	movs	r0, r3
10006db6:	4010      	ands	r0, r2
10006db8:	900d      	str	r0, [sp, #52]	@ 0x34
10006dba:	4213      	tst	r3, r2
10006dbc:	d100      	bne.n	10006dc0 <_vsnprintf+0x4d8>
10006dbe:	e1b7      	b.n	10007130 <_vsnprintf+0x848>
10006dc0:	930d      	str	r3, [sp, #52]	@ 0x34
10006dc2:	46d1      	mov	r9, sl
10006dc4:	1b0b      	subs	r3, r1, r4
10006dc6:	469a      	mov	sl, r3
10006dc8:	0033      	movs	r3, r6
10006dca:	44a1      	add	r9, r4
10006dcc:	002e      	movs	r6, r5
10006dce:	0022      	movs	r2, r4
10006dd0:	464d      	mov	r5, r9
10006dd2:	980c      	ldr	r0, [sp, #48]	@ 0x30
10006dd4:	46b9      	mov	r9, r7
10006dd6:	465f      	mov	r7, fp
10006dd8:	469b      	mov	fp, r3
10006dda:	e008      	b.n	10006dee <_vsnprintf+0x506>
10006ddc:	464b      	mov	r3, r9
10006dde:	0039      	movs	r1, r7
10006de0:	1c54      	adds	r4, r2, #1
10006de2:	47b0      	blx	r6
10006de4:	4653      	mov	r3, sl
10006de6:	5d18      	ldrb	r0, [r3, r4]
10006de8:	2800      	cmp	r0, #0
10006dea:	d077      	beq.n	10006edc <_vsnprintf+0x5f4>
10006dec:	0022      	movs	r2, r4
10006dee:	4295      	cmp	r5, r2
10006df0:	d1f4      	bne.n	10006ddc <_vsnprintf+0x4f4>
10006df2:	465b      	mov	r3, fp
10006df4:	46bb      	mov	fp, r7
10006df6:	464f      	mov	r7, r9
10006df8:	46a9      	mov	r9, r5
10006dfa:	0035      	movs	r5, r6
10006dfc:	464c      	mov	r4, r9
10006dfe:	001e      	movs	r6, r3
10006e00:	e6c9      	b.n	10006b96 <_vsnprintf+0x2ae>
10006e02:	2380      	movs	r3, #128	@ 0x80
10006e04:	011b      	lsls	r3, r3, #4
10006e06:	431a      	orrs	r2, r3
10006e08:	e6fd      	b.n	10006c06 <_vsnprintf+0x31e>
10006e0a:	2320      	movs	r3, #32
10006e0c:	431a      	orrs	r2, r3
10006e0e:	e720      	b.n	10006c52 <_vsnprintf+0x36a>
10006e10:	2308      	movs	r3, #8
10006e12:	469c      	mov	ip, r3
10006e14:	2300      	movs	r3, #0
10006e16:	930f      	str	r3, [sp, #60]	@ 0x3c
10006e18:	3308      	adds	r3, #8
10006e1a:	930d      	str	r3, [sp, #52]	@ 0x34
10006e1c:	2380      	movs	r3, #128	@ 0x80
10006e1e:	0011      	movs	r1, r2
10006e20:	00db      	lsls	r3, r3, #3
10006e22:	4019      	ands	r1, r3
10006e24:	421a      	tst	r2, r3
10006e26:	d100      	bne.n	10006e2a <_vsnprintf+0x542>
10006e28:	e116      	b.n	10007058 <_vsnprintf+0x770>
10006e2a:	230d      	movs	r3, #13
10006e2c:	439a      	bics	r2, r3
10006e2e:	0010      	movs	r0, r2
10006e30:	2380      	movs	r3, #128	@ 0x80
10006e32:	0002      	movs	r2, r0
10006e34:	009b      	lsls	r3, r3, #2
10006e36:	401a      	ands	r2, r3
10006e38:	9214      	str	r2, [sp, #80]	@ 0x50
10006e3a:	4218      	tst	r0, r3
10006e3c:	d000      	beq.n	10006e40 <_vsnprintf+0x558>
10006e3e:	e1c2      	b.n	100071c6 <_vsnprintf+0x8de>
10006e40:	2380      	movs	r3, #128	@ 0x80
10006e42:	0002      	movs	r2, r0
10006e44:	005b      	lsls	r3, r3, #1
10006e46:	401a      	ands	r2, r3
10006e48:	4691      	mov	r9, r2
10006e4a:	9a0c      	ldr	r2, [sp, #48]	@ 0x30
10006e4c:	3204      	adds	r2, #4
10006e4e:	920f      	str	r2, [sp, #60]	@ 0x3c
10006e50:	4218      	tst	r0, r3
10006e52:	d000      	beq.n	10006e56 <_vsnprintf+0x56e>
10006e54:	e2b7      	b.n	100073c6 <_vsnprintf+0xade>
10006e56:	0643      	lsls	r3, r0, #25
10006e58:	d500      	bpl.n	10006e5c <_vsnprintf+0x574>
10006e5a:	e19f      	b.n	1000719c <_vsnprintf+0x8b4>
10006e5c:	0603      	lsls	r3, r0, #24
10006e5e:	d400      	bmi.n	10006e62 <_vsnprintf+0x57a>
10006e60:	e319      	b.n	10007496 <_vsnprintf+0xbae>
10006e62:	9b0c      	ldr	r3, [sp, #48]	@ 0x30
10006e64:	881b      	ldrh	r3, [r3, #0]
10006e66:	9309      	str	r3, [sp, #36]	@ 0x24
10006e68:	2b00      	cmp	r3, #0
10006e6a:	d000      	beq.n	10006e6e <_vsnprintf+0x586>
10006e6c:	e1fc      	b.n	10007268 <_vsnprintf+0x980>
10006e6e:	3310      	adds	r3, #16
10006e70:	4398      	bics	r0, r3
10006e72:	2900      	cmp	r1, #0
10006e74:	d100      	bne.n	10006e78 <_vsnprintf+0x590>
10006e76:	e1f7      	b.n	10007268 <_vsnprintf+0x980>
10006e78:	2300      	movs	r3, #0
10006e7a:	4699      	mov	r9, r3
10006e7c:	4643      	mov	r3, r8
10006e7e:	9305      	str	r3, [sp, #20]
10006e80:	4653      	mov	r3, sl
10006e82:	9304      	str	r3, [sp, #16]
10006e84:	9b0d      	ldr	r3, [sp, #52]	@ 0x34
10006e86:	9006      	str	r0, [sp, #24]
10006e88:	9303      	str	r3, [sp, #12]
10006e8a:	2300      	movs	r3, #0
10006e8c:	e0d2      	b.n	10007034 <_vsnprintf+0x74c>
10006e8e:	2858      	cmp	r0, #88	@ 0x58
10006e90:	d008      	beq.n	10006ea4 <_vsnprintf+0x5bc>
10006e92:	2862      	cmp	r0, #98	@ 0x62
10006e94:	d167      	bne.n	10006f66 <_vsnprintf+0x67e>
10006e96:	2302      	movs	r3, #2
10006e98:	469c      	mov	ip, r3
10006e9a:	2300      	movs	r3, #0
10006e9c:	930f      	str	r3, [sp, #60]	@ 0x3c
10006e9e:	3302      	adds	r3, #2
10006ea0:	930d      	str	r3, [sp, #52]	@ 0x34
10006ea2:	e7bb      	b.n	10006e1c <_vsnprintf+0x534>
10006ea4:	2320      	movs	r3, #32
10006ea6:	431a      	orrs	r2, r3
10006ea8:	3b10      	subs	r3, #16
10006eaa:	469c      	mov	ip, r3
10006eac:	2300      	movs	r3, #0
10006eae:	930f      	str	r3, [sp, #60]	@ 0x3c
10006eb0:	3310      	adds	r3, #16
10006eb2:	930d      	str	r3, [sp, #52]	@ 0x34
10006eb4:	e7b2      	b.n	10006e1c <_vsnprintf+0x534>
10006eb6:	2380      	movs	r3, #128	@ 0x80
10006eb8:	011b      	lsls	r3, r3, #4
10006eba:	431a      	orrs	r2, r3
10006ebc:	2320      	movs	r3, #32
10006ebe:	431a      	orrs	r2, r3
10006ec0:	e6a1      	b.n	10006c06 <_vsnprintf+0x31e>
10006ec2:	23c0      	movs	r3, #192	@ 0xc0
10006ec4:	009b      	lsls	r3, r3, #2
10006ec6:	431a      	orrs	r2, r3
10006ec8:	1cf3      	adds	r3, r6, #3
10006eca:	4699      	mov	r9, r3
10006ecc:	78b0      	ldrb	r0, [r6, #2]
10006ece:	e582      	b.n	100069d6 <_vsnprintf+0xee>
10006ed0:	23c0      	movs	r3, #192	@ 0xc0
10006ed2:	431a      	orrs	r2, r3
10006ed4:	1cf3      	adds	r3, r6, #3
10006ed6:	4699      	mov	r9, r3
10006ed8:	78b0      	ldrb	r0, [r6, #2]
10006eda:	e57c      	b.n	100069d6 <_vsnprintf+0xee>
10006edc:	0035      	movs	r5, r6
10006ede:	465e      	mov	r6, fp
10006ee0:	46bb      	mov	fp, r7
10006ee2:	464f      	mov	r7, r9
10006ee4:	e657      	b.n	10006b96 <_vsnprintf+0x2ae>
10006ee6:	4643      	mov	r3, r8
10006ee8:	2b01      	cmp	r3, #1
10006eea:	d800      	bhi.n	10006eee <_vsnprintf+0x606>
10006eec:	e163      	b.n	100071b6 <_vsnprintf+0x8ce>
10006eee:	1e63      	subs	r3, r4, #1
10006ef0:	4443      	add	r3, r8
10006ef2:	469a      	mov	sl, r3
10006ef4:	0033      	movs	r3, r6
10006ef6:	46b9      	mov	r9, r7
10006ef8:	002e      	movs	r6, r5
10006efa:	465f      	mov	r7, fp
10006efc:	4655      	mov	r5, sl
10006efe:	469b      	mov	fp, r3
10006f00:	46a2      	mov	sl, r4
10006f02:	0022      	movs	r2, r4
10006f04:	464b      	mov	r3, r9
10006f06:	3401      	adds	r4, #1
10006f08:	0039      	movs	r1, r7
10006f0a:	2020      	movs	r0, #32
10006f0c:	47b0      	blx	r6
10006f0e:	42ac      	cmp	r4, r5
10006f10:	d1f7      	bne.n	10006f02 <_vsnprintf+0x61a>
10006f12:	0035      	movs	r5, r6
10006f14:	465e      	mov	r6, fp
10006f16:	46bb      	mov	fp, r7
10006f18:	464f      	mov	r7, r9
10006f1a:	46a1      	mov	r9, r4
10006f1c:	4654      	mov	r4, sl
10006f1e:	9b0c      	ldr	r3, [sp, #48]	@ 0x30
10006f20:	464a      	mov	r2, r9
10006f22:	7818      	ldrb	r0, [r3, #0]
10006f24:	4659      	mov	r1, fp
10006f26:	003b      	movs	r3, r7
10006f28:	4444      	add	r4, r8
10006f2a:	47a8      	blx	r5
10006f2c:	e6d7      	b.n	10006cde <_vsnprintf+0x3f6>
10006f2e:	46a1      	mov	r9, r4
10006f30:	9b0f      	ldr	r3, [sp, #60]	@ 0x3c
10006f32:	4598      	cmp	r8, r3
10006f34:	d800      	bhi.n	10006f38 <_vsnprintf+0x650>
10006f36:	e632      	b.n	10006b9e <_vsnprintf+0x2b6>
10006f38:	4444      	add	r4, r8
10006f3a:	1ae4      	subs	r4, r4, r3
10006f3c:	0033      	movs	r3, r6
10006f3e:	46b8      	mov	r8, r7
10006f40:	002e      	movs	r6, r5
10006f42:	465f      	mov	r7, fp
10006f44:	0025      	movs	r5, r4
10006f46:	464c      	mov	r4, r9
10006f48:	4699      	mov	r9, r3
10006f4a:	0022      	movs	r2, r4
10006f4c:	4643      	mov	r3, r8
10006f4e:	3401      	adds	r4, #1
10006f50:	0039      	movs	r1, r7
10006f52:	2020      	movs	r0, #32
10006f54:	47b0      	blx	r6
10006f56:	42ac      	cmp	r4, r5
10006f58:	d1f7      	bne.n	10006f4a <_vsnprintf+0x662>
10006f5a:	002c      	movs	r4, r5
10006f5c:	46bb      	mov	fp, r7
10006f5e:	0035      	movs	r5, r6
10006f60:	4647      	mov	r7, r8
10006f62:	464e      	mov	r6, r9
10006f64:	e61b      	b.n	10006b9e <_vsnprintf+0x2b6>
10006f66:	2380      	movs	r3, #128	@ 0x80
10006f68:	0010      	movs	r0, r2
10006f6a:	00db      	lsls	r3, r3, #3
10006f6c:	4018      	ands	r0, r3
10006f6e:	421a      	tst	r2, r3
10006f70:	d100      	bne.n	10006f74 <_vsnprintf+0x68c>
10006f72:	e10f      	b.n	10007194 <_vsnprintf+0x8ac>
10006f74:	2111      	movs	r1, #17
10006f76:	0018      	movs	r0, r3
10006f78:	438a      	bics	r2, r1
10006f7a:	920d      	str	r2, [sp, #52]	@ 0x34
10006f7c:	9a0d      	ldr	r2, [sp, #52]	@ 0x34
10006f7e:	2380      	movs	r3, #128	@ 0x80
10006f80:	0011      	movs	r1, r2
10006f82:	009b      	lsls	r3, r3, #2
10006f84:	4019      	ands	r1, r3
10006f86:	468c      	mov	ip, r1
10006f88:	421a      	tst	r2, r3
10006f8a:	d169      	bne.n	10007060 <_vsnprintf+0x778>
10006f8c:	2380      	movs	r3, #128	@ 0x80
10006f8e:	0011      	movs	r1, r2
10006f90:	005b      	lsls	r3, r3, #1
10006f92:	4019      	ands	r1, r3
10006f94:	4689      	mov	r9, r1
10006f96:	990c      	ldr	r1, [sp, #48]	@ 0x30
10006f98:	3104      	adds	r1, #4
10006f9a:	910f      	str	r1, [sp, #60]	@ 0x3c
10006f9c:	421a      	tst	r2, r3
10006f9e:	d000      	beq.n	10006fa2 <_vsnprintf+0x6ba>
10006fa0:	e1ca      	b.n	10007338 <_vsnprintf+0xa50>
10006fa2:	0013      	movs	r3, r2
10006fa4:	065b      	lsls	r3, r3, #25
10006fa6:	d500      	bpl.n	10006faa <_vsnprintf+0x6c2>
10006fa8:	e0f0      	b.n	1000718c <_vsnprintf+0x8a4>
10006faa:	0013      	movs	r3, r2
10006fac:	061b      	lsls	r3, r3, #24
10006fae:	d400      	bmi.n	10006fb2 <_vsnprintf+0x6ca>
10006fb0:	e259      	b.n	10007466 <_vsnprintf+0xb7e>
10006fb2:	9b0c      	ldr	r3, [sp, #48]	@ 0x30
10006fb4:	2200      	movs	r2, #0
10006fb6:	5e9b      	ldrsh	r3, [r3, r2]
10006fb8:	17d9      	asrs	r1, r3, #31
10006fba:	185a      	adds	r2, r3, r1
10006fbc:	404a      	eors	r2, r1
10006fbe:	b292      	uxth	r2, r2
10006fc0:	0fd9      	lsrs	r1, r3, #31
10006fc2:	910c      	str	r1, [sp, #48]	@ 0x30
10006fc4:	2b00      	cmp	r3, #0
10006fc6:	d100      	bne.n	10006fca <_vsnprintf+0x6e2>
10006fc8:	e1f9      	b.n	100073be <_vsnprintf+0xad6>
10006fca:	0010      	movs	r0, r2
10006fcc:	aa14      	add	r2, sp, #80	@ 0x50
10006fce:	4694      	mov	ip, r2
10006fd0:	4642      	mov	r2, r8
10006fd2:	231f      	movs	r3, #31
10006fd4:	9214      	str	r2, [sp, #80]	@ 0x50
10006fd6:	4652      	mov	r2, sl
10006fd8:	4463      	add	r3, ip
10006fda:	46a8      	mov	r8, r5
10006fdc:	9416      	str	r4, [sp, #88]	@ 0x58
10006fde:	464d      	mov	r5, r9
10006fe0:	0004      	movs	r4, r0
10006fe2:	46b9      	mov	r9, r7
10006fe4:	46b2      	mov	sl, r6
10006fe6:	001f      	movs	r7, r3
10006fe8:	9215      	str	r2, [sp, #84]	@ 0x54
10006fea:	e001      	b.n	10006ff0 <_vsnprintf+0x708>
10006fec:	2d20      	cmp	r5, #32
10006fee:	d00f      	beq.n	10007010 <_vsnprintf+0x728>
10006ff0:	0020      	movs	r0, r4
10006ff2:	210a      	movs	r1, #10
10006ff4:	f7fd ff7e 	bl	10004ef4 <__wrap___aeabi_uidiv>
10006ff8:	3501      	adds	r5, #1
10006ffa:	197e      	adds	r6, r7, r5
10006ffc:	3130      	adds	r1, #48	@ 0x30
10006ffe:	7031      	strb	r1, [r6, #0]
10007000:	0020      	movs	r0, r4
10007002:	210a      	movs	r1, #10
10007004:	f7fd ff76 	bl	10004ef4 <__wrap___aeabi_uidiv>
10007008:	0026      	movs	r6, r4
1000700a:	0004      	movs	r4, r0
1000700c:	2e09      	cmp	r6, #9
1000700e:	d8ed      	bhi.n	10006fec <_vsnprintf+0x704>
10007010:	9b14      	ldr	r3, [sp, #80]	@ 0x50
10007012:	464f      	mov	r7, r9
10007014:	46a9      	mov	r9, r5
10007016:	4645      	mov	r5, r8
10007018:	4698      	mov	r8, r3
1000701a:	9b15      	ldr	r3, [sp, #84]	@ 0x54
1000701c:	4656      	mov	r6, sl
1000701e:	469a      	mov	sl, r3
10007020:	9c16      	ldr	r4, [sp, #88]	@ 0x58
10007022:	9b0d      	ldr	r3, [sp, #52]	@ 0x34
10007024:	9306      	str	r3, [sp, #24]
10007026:	4643      	mov	r3, r8
10007028:	9305      	str	r3, [sp, #20]
1000702a:	4653      	mov	r3, sl
1000702c:	9304      	str	r3, [sp, #16]
1000702e:	230a      	movs	r3, #10
10007030:	9303      	str	r3, [sp, #12]
10007032:	9b0c      	ldr	r3, [sp, #48]	@ 0x30
10007034:	9302      	str	r3, [sp, #8]
10007036:	464b      	mov	r3, r9
10007038:	9301      	str	r3, [sp, #4]
1000703a:	ab1c      	add	r3, sp, #112	@ 0x70
1000703c:	0022      	movs	r2, r4
1000703e:	9300      	str	r3, [sp, #0]
10007040:	4659      	mov	r1, fp
10007042:	003b      	movs	r3, r7
10007044:	0028      	movs	r0, r5
10007046:	f7fe fe47 	bl	10005cd8 <_ntoa_format>
1000704a:	9b0f      	ldr	r3, [sp, #60]	@ 0x3c
1000704c:	0004      	movs	r4, r0
1000704e:	930c      	str	r3, [sp, #48]	@ 0x30
10007050:	e472      	b.n	10006938 <_vsnprintf+0x50>
10007052:	46c0      	nop			@ (mov r8, r8)
10007054:	10005c29 	.word	0x10005c29
10007058:	230c      	movs	r3, #12
1000705a:	439a      	bics	r2, r3
1000705c:	0010      	movs	r0, r2
1000705e:	e6e7      	b.n	10006e30 <_vsnprintf+0x548>
10007060:	2207      	movs	r2, #7
10007062:	9b0c      	ldr	r3, [sp, #48]	@ 0x30
10007064:	3307      	adds	r3, #7
10007066:	4393      	bics	r3, r2
10007068:	3201      	adds	r2, #1
1000706a:	4694      	mov	ip, r2
1000706c:	449c      	add	ip, r3
1000706e:	4662      	mov	r2, ip
10007070:	920c      	str	r2, [sp, #48]	@ 0x30
10007072:	cb0c      	ldmia	r3, {r2, r3}
10007074:	0fd9      	lsrs	r1, r3, #31
10007076:	910f      	str	r1, [sp, #60]	@ 0x3c
10007078:	0011      	movs	r1, r2
1000707a:	4319      	orrs	r1, r3
1000707c:	d100      	bne.n	10007080 <_vsnprintf+0x798>
1000707e:	e091      	b.n	100071a4 <_vsnprintf+0x8bc>
10007080:	17d9      	asrs	r1, r3, #31
10007082:	9113      	str	r1, [sp, #76]	@ 0x4c
10007084:	9112      	str	r1, [sp, #72]	@ 0x48
10007086:	4051      	eors	r1, r2
10007088:	9110      	str	r1, [sp, #64]	@ 0x40
1000708a:	9913      	ldr	r1, [sp, #76]	@ 0x4c
1000708c:	4059      	eors	r1, r3
1000708e:	9111      	str	r1, [sp, #68]	@ 0x44
10007090:	9810      	ldr	r0, [sp, #64]	@ 0x40
10007092:	9911      	ldr	r1, [sp, #68]	@ 0x44
10007094:	9a12      	ldr	r2, [sp, #72]	@ 0x48
10007096:	9b13      	ldr	r3, [sp, #76]	@ 0x4c
10007098:	1a80      	subs	r0, r0, r2
1000709a:	4199      	sbcs	r1, r3
1000709c:	9010      	str	r0, [sp, #64]	@ 0x40
1000709e:	9111      	str	r1, [sp, #68]	@ 0x44
100070a0:	aa14      	add	r2, sp, #80	@ 0x50
100070a2:	2300      	movs	r3, #0
100070a4:	4694      	mov	ip, r2
100070a6:	4642      	mov	r2, r8
100070a8:	4699      	mov	r9, r3
100070aa:	9214      	str	r2, [sp, #80]	@ 0x50
100070ac:	4652      	mov	r2, sl
100070ae:	331f      	adds	r3, #31
100070b0:	4463      	add	r3, ip
100070b2:	46a8      	mov	r8, r5
100070b4:	46b2      	mov	sl, r6
100070b6:	9416      	str	r4, [sp, #88]	@ 0x58
100070b8:	464e      	mov	r6, r9
100070ba:	9c10      	ldr	r4, [sp, #64]	@ 0x40
100070bc:	9d11      	ldr	r5, [sp, #68]	@ 0x44
100070be:	46b9      	mov	r9, r7
100070c0:	9215      	str	r2, [sp, #84]	@ 0x54
100070c2:	001f      	movs	r7, r3
100070c4:	e001      	b.n	100070ca <_vsnprintf+0x7e2>
100070c6:	2e20      	cmp	r6, #32
100070c8:	d010      	beq.n	100070ec <_vsnprintf+0x804>
100070ca:	0020      	movs	r0, r4
100070cc:	0029      	movs	r1, r5
100070ce:	220a      	movs	r2, #10
100070d0:	2300      	movs	r3, #0
100070d2:	f7fd ff4d 	bl	10004f70 <__wrap___aeabi_uldivmod>
100070d6:	3601      	adds	r6, #1
100070d8:	3230      	adds	r2, #48	@ 0x30
100070da:	002b      	movs	r3, r5
100070dc:	55ba      	strb	r2, [r7, r6]
100070de:	000d      	movs	r5, r1
100070e0:	0022      	movs	r2, r4
100070e2:	0004      	movs	r4, r0
100070e4:	2b00      	cmp	r3, #0
100070e6:	d1ee      	bne.n	100070c6 <_vsnprintf+0x7de>
100070e8:	2a09      	cmp	r2, #9
100070ea:	d8ec      	bhi.n	100070c6 <_vsnprintf+0x7de>
100070ec:	9b14      	ldr	r3, [sp, #80]	@ 0x50
100070ee:	9410      	str	r4, [sp, #64]	@ 0x40
100070f0:	9511      	str	r5, [sp, #68]	@ 0x44
100070f2:	4645      	mov	r5, r8
100070f4:	4698      	mov	r8, r3
100070f6:	9b15      	ldr	r3, [sp, #84]	@ 0x54
100070f8:	464f      	mov	r7, r9
100070fa:	46b1      	mov	r9, r6
100070fc:	4656      	mov	r6, sl
100070fe:	469a      	mov	sl, r3
10007100:	9c16      	ldr	r4, [sp, #88]	@ 0x58
10007102:	9b0d      	ldr	r3, [sp, #52]	@ 0x34
10007104:	9306      	str	r3, [sp, #24]
10007106:	4643      	mov	r3, r8
10007108:	9305      	str	r3, [sp, #20]
1000710a:	4653      	mov	r3, sl
1000710c:	9304      	str	r3, [sp, #16]
1000710e:	230a      	movs	r3, #10
10007110:	9303      	str	r3, [sp, #12]
10007112:	9b0f      	ldr	r3, [sp, #60]	@ 0x3c
10007114:	9302      	str	r3, [sp, #8]
10007116:	464b      	mov	r3, r9
10007118:	9301      	str	r3, [sp, #4]
1000711a:	ab1c      	add	r3, sp, #112	@ 0x70
1000711c:	0022      	movs	r2, r4
1000711e:	9300      	str	r3, [sp, #0]
10007120:	4659      	mov	r1, fp
10007122:	003b      	movs	r3, r7
10007124:	0028      	movs	r0, r5
10007126:	f7fe fdd7 	bl	10005cd8 <_ntoa_format>
1000712a:	0004      	movs	r4, r0
1000712c:	f7ff fc04 	bl	10006938 <_vsnprintf+0x50>
10007130:	9b0f      	ldr	r3, [sp, #60]	@ 0x3c
10007132:	4598      	cmp	r8, r3
10007134:	d800      	bhi.n	10007138 <_vsnprintf+0x850>
10007136:	e1c1      	b.n	100074bc <_vsnprintf+0xbd4>
10007138:	2380      	movs	r3, #128	@ 0x80
1000713a:	00db      	lsls	r3, r3, #3
1000713c:	930d      	str	r3, [sp, #52]	@ 0x34
1000713e:	4643      	mov	r3, r8
10007140:	9a0f      	ldr	r2, [sp, #60]	@ 0x3c
10007142:	191b      	adds	r3, r3, r4
10007144:	1a9b      	subs	r3, r3, r2
10007146:	4699      	mov	r9, r3
10007148:	0033      	movs	r3, r6
1000714a:	002e      	movs	r6, r5
1000714c:	464d      	mov	r5, r9
1000714e:	46b9      	mov	r9, r7
10007150:	465f      	mov	r7, fp
10007152:	469b      	mov	fp, r3
10007154:	910c      	str	r1, [sp, #48]	@ 0x30
10007156:	0022      	movs	r2, r4
10007158:	464b      	mov	r3, r9
1000715a:	3401      	adds	r4, #1
1000715c:	0039      	movs	r1, r7
1000715e:	2020      	movs	r0, #32
10007160:	47b0      	blx	r6
10007162:	42ac      	cmp	r4, r5
10007164:	d1f7      	bne.n	10007156 <_vsnprintf+0x86e>
10007166:	4643      	mov	r3, r8
10007168:	990c      	ldr	r1, [sp, #48]	@ 0x30
1000716a:	3301      	adds	r3, #1
1000716c:	930f      	str	r3, [sp, #60]	@ 0x3c
1000716e:	780b      	ldrb	r3, [r1, #0]
10007170:	0035      	movs	r5, r6
10007172:	930c      	str	r3, [sp, #48]	@ 0x30
10007174:	465e      	mov	r6, fp
10007176:	46bb      	mov	fp, r7
10007178:	464f      	mov	r7, r9
1000717a:	2b00      	cmp	r3, #0
1000717c:	d100      	bne.n	10007180 <_vsnprintf+0x898>
1000717e:	e50e      	b.n	10006b9e <_vsnprintf+0x2b6>
10007180:	9b0d      	ldr	r3, [sp, #52]	@ 0x34
10007182:	2b00      	cmp	r3, #0
10007184:	d100      	bne.n	10007188 <_vsnprintf+0x8a0>
10007186:	e4f6      	b.n	10006b76 <_vsnprintf+0x28e>
10007188:	2300      	movs	r3, #0
1000718a:	e619      	b.n	10006dc0 <_vsnprintf+0x4d8>
1000718c:	9b0c      	ldr	r3, [sp, #48]	@ 0x30
1000718e:	781b      	ldrb	r3, [r3, #0]
10007190:	001a      	movs	r2, r3
10007192:	e715      	b.n	10006fc0 <_vsnprintf+0x6d8>
10007194:	2310      	movs	r3, #16
10007196:	439a      	bics	r2, r3
10007198:	920d      	str	r2, [sp, #52]	@ 0x34
1000719a:	e6ef      	b.n	10006f7c <_vsnprintf+0x694>
1000719c:	9b0c      	ldr	r3, [sp, #48]	@ 0x30
1000719e:	781b      	ldrb	r3, [r3, #0]
100071a0:	9309      	str	r3, [sp, #36]	@ 0x24
100071a2:	e661      	b.n	10006e68 <_vsnprintf+0x580>
100071a4:	2300      	movs	r3, #0
100071a6:	4699      	mov	r9, r3
100071a8:	2800      	cmp	r0, #0
100071aa:	d1aa      	bne.n	10007102 <_vsnprintf+0x81a>
100071ac:	2200      	movs	r2, #0
100071ae:	2300      	movs	r3, #0
100071b0:	9210      	str	r2, [sp, #64]	@ 0x40
100071b2:	9311      	str	r3, [sp, #68]	@ 0x44
100071b4:	e774      	b.n	100070a0 <_vsnprintf+0x7b8>
100071b6:	9b0c      	ldr	r3, [sp, #48]	@ 0x30
100071b8:	0022      	movs	r2, r4
100071ba:	7818      	ldrb	r0, [r3, #0]
100071bc:	4659      	mov	r1, fp
100071be:	003b      	movs	r3, r7
100071c0:	47a8      	blx	r5
100071c2:	464c      	mov	r4, r9
100071c4:	e58b      	b.n	10006cde <_vsnprintf+0x3f6>
100071c6:	9a0c      	ldr	r2, [sp, #48]	@ 0x30
100071c8:	3bfa      	subs	r3, #250	@ 0xfa
100071ca:	3bff      	subs	r3, #255	@ 0xff
100071cc:	3207      	adds	r2, #7
100071ce:	439a      	bics	r2, r3
100071d0:	3301      	adds	r3, #1
100071d2:	4699      	mov	r9, r3
100071d4:	4491      	add	r9, r2
100071d6:	464b      	mov	r3, r9
100071d8:	930c      	str	r3, [sp, #48]	@ 0x30
100071da:	6813      	ldr	r3, [r2, #0]
100071dc:	6852      	ldr	r2, [r2, #4]
100071de:	9215      	str	r2, [sp, #84]	@ 0x54
100071e0:	431a      	orrs	r2, r3
100071e2:	d106      	bne.n	100071f2 <_vsnprintf+0x90a>
100071e4:	3210      	adds	r2, #16
100071e6:	4390      	bics	r0, r2
100071e8:	2200      	movs	r2, #0
100071ea:	9209      	str	r2, [sp, #36]	@ 0x24
100071ec:	2900      	cmp	r1, #0
100071ee:	d000      	beq.n	100071f2 <_vsnprintf+0x90a>
100071f0:	e081      	b.n	100072f6 <_vsnprintf+0xa0e>
100071f2:	2261      	movs	r2, #97	@ 0x61
100071f4:	0681      	lsls	r1, r0, #26
100071f6:	d500      	bpl.n	100071fa <_vsnprintf+0x912>
100071f8:	2241      	movs	r2, #65	@ 0x41
100071fa:	b2d2      	uxtb	r2, r2
100071fc:	920a      	str	r2, [sp, #40]	@ 0x28
100071fe:	aa14      	add	r2, sp, #80	@ 0x50
10007200:	4691      	mov	r9, r2
10007202:	9a0a      	ldr	r2, [sp, #40]	@ 0x28
10007204:	2100      	movs	r1, #0
10007206:	3a0a      	subs	r2, #10
10007208:	9214      	str	r2, [sp, #80]	@ 0x50
1000720a:	4642      	mov	r2, r8
1000720c:	9217      	str	r2, [sp, #92]	@ 0x5c
1000720e:	4652      	mov	r2, sl
10007210:	9218      	str	r2, [sp, #96]	@ 0x60
10007212:	465a      	mov	r2, fp
10007214:	9109      	str	r1, [sp, #36]	@ 0x24
10007216:	46b3      	mov	fp, r6
10007218:	311f      	adds	r1, #31
1000721a:	001e      	movs	r6, r3
1000721c:	9b0f      	ldr	r3, [sp, #60]	@ 0x3c
1000721e:	4449      	add	r1, r9
10007220:	46ba      	mov	sl, r7
10007222:	9419      	str	r4, [sp, #100]	@ 0x64
10007224:	951a      	str	r5, [sp, #104]	@ 0x68
10007226:	2400      	movs	r4, #0
10007228:	4667      	mov	r7, ip
1000722a:	4698      	mov	r8, r3
1000722c:	4689      	mov	r9, r1
1000722e:	9d15      	ldr	r5, [sp, #84]	@ 0x54
10007230:	9016      	str	r0, [sp, #88]	@ 0x58
10007232:	921b      	str	r2, [sp, #108]	@ 0x6c
10007234:	e00a      	b.n	1000724c <_vsnprintf+0x964>
10007236:	3230      	adds	r2, #48	@ 0x30
10007238:	b2d2      	uxtb	r2, r2
1000723a:	464b      	mov	r3, r9
1000723c:	3401      	adds	r4, #1
1000723e:	551a      	strb	r2, [r3, r4]
10007240:	45a8      	cmp	r8, r5
10007242:	d04a      	beq.n	100072da <_vsnprintf+0x9f2>
10007244:	2c20      	cmp	r4, #32
10007246:	d04a      	beq.n	100072de <_vsnprintf+0x9f6>
10007248:	0006      	movs	r6, r0
1000724a:	000d      	movs	r5, r1
1000724c:	003a      	movs	r2, r7
1000724e:	2300      	movs	r3, #0
10007250:	0030      	movs	r0, r6
10007252:	0029      	movs	r1, r5
10007254:	f7fd fe8c 	bl	10004f70 <__wrap___aeabi_uldivmod>
10007258:	b2d2      	uxtb	r2, r2
1000725a:	2a09      	cmp	r2, #9
1000725c:	d9eb      	bls.n	10007236 <_vsnprintf+0x94e>
1000725e:	9b14      	ldr	r3, [sp, #80]	@ 0x50
10007260:	469c      	mov	ip, r3
10007262:	4462      	add	r2, ip
10007264:	b2d2      	uxtb	r2, r2
10007266:	e7e8      	b.n	1000723a <_vsnprintf+0x952>
10007268:	2361      	movs	r3, #97	@ 0x61
1000726a:	0682      	lsls	r2, r0, #26
1000726c:	d500      	bpl.n	10007270 <_vsnprintf+0x988>
1000726e:	2341      	movs	r3, #65	@ 0x41
10007270:	b2db      	uxtb	r3, r3
10007272:	3b0a      	subs	r3, #10
10007274:	930c      	str	r3, [sp, #48]	@ 0x30
10007276:	4643      	mov	r3, r8
10007278:	a914      	add	r1, sp, #80	@ 0x50
1000727a:	221f      	movs	r2, #31
1000727c:	468c      	mov	ip, r1
1000727e:	9315      	str	r3, [sp, #84]	@ 0x54
10007280:	4653      	mov	r3, sl
10007282:	4462      	add	r2, ip
10007284:	46a0      	mov	r8, r4
10007286:	46b2      	mov	sl, r6
10007288:	464c      	mov	r4, r9
1000728a:	9717      	str	r7, [sp, #92]	@ 0x5c
1000728c:	46a9      	mov	r9, r5
1000728e:	0017      	movs	r7, r2
10007290:	9d09      	ldr	r5, [sp, #36]	@ 0x24
10007292:	9e0d      	ldr	r6, [sp, #52]	@ 0x34
10007294:	9014      	str	r0, [sp, #80]	@ 0x50
10007296:	9316      	str	r3, [sp, #88]	@ 0x58
10007298:	e008      	b.n	100072ac <_vsnprintf+0x9c4>
1000729a:	3330      	adds	r3, #48	@ 0x30
1000729c:	b2db      	uxtb	r3, r3
1000729e:	3401      	adds	r4, #1
100072a0:	553b      	strb	r3, [r7, r4]
100072a2:	42b5      	cmp	r5, r6
100072a4:	d30e      	bcc.n	100072c4 <_vsnprintf+0x9dc>
100072a6:	2c20      	cmp	r4, #32
100072a8:	d00c      	beq.n	100072c4 <_vsnprintf+0x9dc>
100072aa:	0005      	movs	r5, r0
100072ac:	0031      	movs	r1, r6
100072ae:	0028      	movs	r0, r5
100072b0:	f7fd fe20 	bl	10004ef4 <__wrap___aeabi_uidiv>
100072b4:	b2cb      	uxtb	r3, r1
100072b6:	2909      	cmp	r1, #9
100072b8:	d9ef      	bls.n	1000729a <_vsnprintf+0x9b2>
100072ba:	9a0c      	ldr	r2, [sp, #48]	@ 0x30
100072bc:	4694      	mov	ip, r2
100072be:	4463      	add	r3, ip
100072c0:	b2db      	uxtb	r3, r3
100072c2:	e7ec      	b.n	1000729e <_vsnprintf+0x9b6>
100072c4:	9b15      	ldr	r3, [sp, #84]	@ 0x54
100072c6:	464d      	mov	r5, r9
100072c8:	46a1      	mov	r9, r4
100072ca:	4644      	mov	r4, r8
100072cc:	4698      	mov	r8, r3
100072ce:	9b16      	ldr	r3, [sp, #88]	@ 0x58
100072d0:	4656      	mov	r6, sl
100072d2:	9814      	ldr	r0, [sp, #80]	@ 0x50
100072d4:	469a      	mov	sl, r3
100072d6:	9f17      	ldr	r7, [sp, #92]	@ 0x5c
100072d8:	e5d0      	b.n	10006e7c <_vsnprintf+0x594>
100072da:	42b7      	cmp	r7, r6
100072dc:	d9b2      	bls.n	10007244 <_vsnprintf+0x95c>
100072de:	9b17      	ldr	r3, [sp, #92]	@ 0x5c
100072e0:	4657      	mov	r7, sl
100072e2:	4698      	mov	r8, r3
100072e4:	9b18      	ldr	r3, [sp, #96]	@ 0x60
100072e6:	465e      	mov	r6, fp
100072e8:	469a      	mov	sl, r3
100072ea:	9b1b      	ldr	r3, [sp, #108]	@ 0x6c
100072ec:	9409      	str	r4, [sp, #36]	@ 0x24
100072ee:	469b      	mov	fp, r3
100072f0:	9816      	ldr	r0, [sp, #88]	@ 0x58
100072f2:	9c19      	ldr	r4, [sp, #100]	@ 0x64
100072f4:	9d1a      	ldr	r5, [sp, #104]	@ 0x68
100072f6:	4643      	mov	r3, r8
100072f8:	9305      	str	r3, [sp, #20]
100072fa:	4653      	mov	r3, sl
100072fc:	9304      	str	r3, [sp, #16]
100072fe:	9b0d      	ldr	r3, [sp, #52]	@ 0x34
10007300:	9006      	str	r0, [sp, #24]
10007302:	9303      	str	r3, [sp, #12]
10007304:	2300      	movs	r3, #0
10007306:	9302      	str	r3, [sp, #8]
10007308:	9b09      	ldr	r3, [sp, #36]	@ 0x24
1000730a:	e705      	b.n	10007118 <_vsnprintf+0x830>
1000730c:	9b0f      	ldr	r3, [sp, #60]	@ 0x3c
1000730e:	4598      	cmp	r8, r3
10007310:	d900      	bls.n	10007314 <_vsnprintf+0xa2c>
10007312:	e714      	b.n	1000713e <_vsnprintf+0x856>
10007314:	3301      	adds	r3, #1
10007316:	930f      	str	r3, [sp, #60]	@ 0x3c
10007318:	e42d      	b.n	10006b76 <_vsnprintf+0x28e>
1000731a:	2310      	movs	r3, #16
1000731c:	0011      	movs	r1, r2
1000731e:	4399      	bics	r1, r3
10007320:	910d      	str	r1, [sp, #52]	@ 0x34
10007322:	2869      	cmp	r0, #105	@ 0x69
10007324:	d000      	beq.n	10007328 <_vsnprintf+0xa40>
10007326:	e0ba      	b.n	1000749e <_vsnprintf+0xbb6>
10007328:	2380      	movs	r3, #128	@ 0x80
1000732a:	0010      	movs	r0, r2
1000732c:	00db      	lsls	r3, r3, #3
1000732e:	4018      	ands	r0, r3
10007330:	421a      	tst	r2, r3
10007332:	d100      	bne.n	10007336 <_vsnprintf+0xa4e>
10007334:	e622      	b.n	10006f7c <_vsnprintf+0x694>
10007336:	e61d      	b.n	10006f74 <_vsnprintf+0x68c>
10007338:	9b0c      	ldr	r3, [sp, #48]	@ 0x30
1000733a:	681b      	ldr	r3, [r3, #0]
1000733c:	0fda      	lsrs	r2, r3, #31
1000733e:	0011      	movs	r1, r2
10007340:	2b00      	cmp	r3, #0
10007342:	d100      	bne.n	10007346 <_vsnprintf+0xa5e>
10007344:	e08c      	b.n	10007460 <_vsnprintf+0xb78>
10007346:	17da      	asrs	r2, r3, #31
10007348:	1898      	adds	r0, r3, r2
1000734a:	4050      	eors	r0, r2
1000734c:	aa14      	add	r2, sp, #80	@ 0x50
1000734e:	4691      	mov	r9, r2
10007350:	4642      	mov	r2, r8
10007352:	231f      	movs	r3, #31
10007354:	9214      	str	r2, [sp, #80]	@ 0x50
10007356:	4652      	mov	r2, sl
10007358:	444b      	add	r3, r9
1000735a:	46a0      	mov	r8, r4
1000735c:	46a9      	mov	r9, r5
1000735e:	9716      	str	r7, [sp, #88]	@ 0x58
10007360:	0004      	movs	r4, r0
10007362:	4665      	mov	r5, ip
10007364:	46b2      	mov	sl, r6
10007366:	001f      	movs	r7, r3
10007368:	910c      	str	r1, [sp, #48]	@ 0x30
1000736a:	9215      	str	r2, [sp, #84]	@ 0x54
1000736c:	e001      	b.n	10007372 <_vsnprintf+0xa8a>
1000736e:	2d20      	cmp	r5, #32
10007370:	d00f      	beq.n	10007392 <_vsnprintf+0xaaa>
10007372:	0020      	movs	r0, r4
10007374:	210a      	movs	r1, #10
10007376:	f7fd fdbd 	bl	10004ef4 <__wrap___aeabi_uidiv>
1000737a:	3501      	adds	r5, #1
1000737c:	197e      	adds	r6, r7, r5
1000737e:	3130      	adds	r1, #48	@ 0x30
10007380:	7031      	strb	r1, [r6, #0]
10007382:	0020      	movs	r0, r4
10007384:	210a      	movs	r1, #10
10007386:	f7fd fdb5 	bl	10004ef4 <__wrap___aeabi_uidiv>
1000738a:	0026      	movs	r6, r4
1000738c:	0004      	movs	r4, r0
1000738e:	2e09      	cmp	r6, #9
10007390:	d8ed      	bhi.n	1000736e <_vsnprintf+0xa86>
10007392:	9b14      	ldr	r3, [sp, #80]	@ 0x50
10007394:	4644      	mov	r4, r8
10007396:	4698      	mov	r8, r3
10007398:	9b0c      	ldr	r3, [sp, #48]	@ 0x30
1000739a:	46ac      	mov	ip, r5
1000739c:	0019      	movs	r1, r3
1000739e:	9b15      	ldr	r3, [sp, #84]	@ 0x54
100073a0:	4656      	mov	r6, sl
100073a2:	464d      	mov	r5, r9
100073a4:	469a      	mov	sl, r3
100073a6:	9f16      	ldr	r7, [sp, #88]	@ 0x58
100073a8:	9b0d      	ldr	r3, [sp, #52]	@ 0x34
100073aa:	9102      	str	r1, [sp, #8]
100073ac:	9306      	str	r3, [sp, #24]
100073ae:	4643      	mov	r3, r8
100073b0:	9305      	str	r3, [sp, #20]
100073b2:	4653      	mov	r3, sl
100073b4:	9304      	str	r3, [sp, #16]
100073b6:	230a      	movs	r3, #10
100073b8:	9303      	str	r3, [sp, #12]
100073ba:	4663      	mov	r3, ip
100073bc:	e63c      	b.n	10007038 <_vsnprintf+0x750>
100073be:	2800      	cmp	r0, #0
100073c0:	d000      	beq.n	100073c4 <_vsnprintf+0xadc>
100073c2:	e62e      	b.n	10007022 <_vsnprintf+0x73a>
100073c4:	e602      	b.n	10006fcc <_vsnprintf+0x6e4>
100073c6:	9b0c      	ldr	r3, [sp, #48]	@ 0x30
100073c8:	681b      	ldr	r3, [r3, #0]
100073ca:	4699      	mov	r9, r3
100073cc:	2b00      	cmp	r3, #0
100073ce:	d103      	bne.n	100073d8 <_vsnprintf+0xaf0>
100073d0:	3310      	adds	r3, #16
100073d2:	4398      	bics	r0, r3
100073d4:	2900      	cmp	r1, #0
100073d6:	d138      	bne.n	1000744a <_vsnprintf+0xb62>
100073d8:	2361      	movs	r3, #97	@ 0x61
100073da:	0682      	lsls	r2, r0, #26
100073dc:	d500      	bpl.n	100073e0 <_vsnprintf+0xaf8>
100073de:	2341      	movs	r3, #65	@ 0x41
100073e0:	b2db      	uxtb	r3, r3
100073e2:	3b0a      	subs	r3, #10
100073e4:	930c      	str	r3, [sp, #48]	@ 0x30
100073e6:	4643      	mov	r3, r8
100073e8:	9316      	str	r3, [sp, #88]	@ 0x58
100073ea:	4653      	mov	r3, sl
100073ec:	a914      	add	r1, sp, #80	@ 0x50
100073ee:	221f      	movs	r2, #31
100073f0:	468c      	mov	ip, r1
100073f2:	9317      	str	r3, [sp, #92]	@ 0x5c
100073f4:	002b      	movs	r3, r5
100073f6:	4462      	add	r2, ip
100073f8:	46a0      	mov	r8, r4
100073fa:	464d      	mov	r5, r9
100073fc:	46b2      	mov	sl, r6
100073fe:	9718      	str	r7, [sp, #96]	@ 0x60
10007400:	4699      	mov	r9, r3
10007402:	0017      	movs	r7, r2
10007404:	9c14      	ldr	r4, [sp, #80]	@ 0x50
10007406:	9e0d      	ldr	r6, [sp, #52]	@ 0x34
10007408:	9015      	str	r0, [sp, #84]	@ 0x54
1000740a:	e008      	b.n	1000741e <_vsnprintf+0xb36>
1000740c:	3330      	adds	r3, #48	@ 0x30
1000740e:	b2db      	uxtb	r3, r3
10007410:	3401      	adds	r4, #1
10007412:	553b      	strb	r3, [r7, r4]
10007414:	42b5      	cmp	r5, r6
10007416:	d30e      	bcc.n	10007436 <_vsnprintf+0xb4e>
10007418:	2c20      	cmp	r4, #32
1000741a:	d00c      	beq.n	10007436 <_vsnprintf+0xb4e>
1000741c:	0005      	movs	r5, r0
1000741e:	0031      	movs	r1, r6
10007420:	0028      	movs	r0, r5
10007422:	f7fd fd67 	bl	10004ef4 <__wrap___aeabi_uidiv>
10007426:	b2cb      	uxtb	r3, r1
10007428:	2909      	cmp	r1, #9
1000742a:	d9ef      	bls.n	1000740c <_vsnprintf+0xb24>
1000742c:	9a0c      	ldr	r2, [sp, #48]	@ 0x30
1000742e:	4694      	mov	ip, r2
10007430:	4463      	add	r3, ip
10007432:	b2db      	uxtb	r3, r3
10007434:	e7ec      	b.n	10007410 <_vsnprintf+0xb28>
10007436:	9b16      	ldr	r3, [sp, #88]	@ 0x58
10007438:	9414      	str	r4, [sp, #80]	@ 0x50
1000743a:	4644      	mov	r4, r8
1000743c:	4698      	mov	r8, r3
1000743e:	9b17      	ldr	r3, [sp, #92]	@ 0x5c
10007440:	4656      	mov	r6, sl
10007442:	464d      	mov	r5, r9
10007444:	469a      	mov	sl, r3
10007446:	9815      	ldr	r0, [sp, #84]	@ 0x54
10007448:	9f18      	ldr	r7, [sp, #96]	@ 0x60
1000744a:	4643      	mov	r3, r8
1000744c:	9305      	str	r3, [sp, #20]
1000744e:	4653      	mov	r3, sl
10007450:	9304      	str	r3, [sp, #16]
10007452:	9b0d      	ldr	r3, [sp, #52]	@ 0x34
10007454:	9006      	str	r0, [sp, #24]
10007456:	9303      	str	r3, [sp, #12]
10007458:	2300      	movs	r3, #0
1000745a:	9302      	str	r3, [sp, #8]
1000745c:	9b14      	ldr	r3, [sp, #80]	@ 0x50
1000745e:	e5eb      	b.n	10007038 <_vsnprintf+0x750>
10007460:	2800      	cmp	r0, #0
10007462:	d1a1      	bne.n	100073a8 <_vsnprintf+0xac0>
10007464:	e772      	b.n	1000734c <_vsnprintf+0xa64>
10007466:	9b0c      	ldr	r3, [sp, #48]	@ 0x30
10007468:	681b      	ldr	r3, [r3, #0]
1000746a:	17d9      	asrs	r1, r3, #31
1000746c:	185a      	adds	r2, r3, r1
1000746e:	404a      	eors	r2, r1
10007470:	e5a6      	b.n	10006fc0 <_vsnprintf+0x6d8>
10007472:	2380      	movs	r3, #128	@ 0x80
10007474:	0010      	movs	r0, r2
10007476:	00db      	lsls	r3, r3, #3
10007478:	4018      	ands	r0, r3
1000747a:	469c      	mov	ip, r3
1000747c:	900f      	str	r0, [sp, #60]	@ 0x3c
1000747e:	421a      	tst	r2, r3
10007480:	d00f      	beq.n	100074a2 <_vsnprintf+0xbba>
10007482:	2002      	movs	r0, #2
10007484:	0003      	movs	r3, r0
10007486:	4013      	ands	r3, r2
10007488:	930f      	str	r3, [sp, #60]	@ 0x3c
1000748a:	4210      	tst	r0, r2
1000748c:	d019      	beq.n	100074c2 <_vsnprintf+0xbda>
1000748e:	2300      	movs	r3, #0
10007490:	46a1      	mov	r9, r4
10007492:	930f      	str	r3, [sp, #60]	@ 0x3c
10007494:	e54c      	b.n	10006f30 <_vsnprintf+0x648>
10007496:	9b0c      	ldr	r3, [sp, #48]	@ 0x30
10007498:	681b      	ldr	r3, [r3, #0]
1000749a:	9309      	str	r3, [sp, #36]	@ 0x24
1000749c:	e4e4      	b.n	10006e68 <_vsnprintf+0x580>
1000749e:	000a      	movs	r2, r1
100074a0:	e434      	b.n	10006d0c <_vsnprintf+0x424>
100074a2:	2302      	movs	r3, #2
100074a4:	0018      	movs	r0, r3
100074a6:	4010      	ands	r0, r2
100074a8:	900d      	str	r0, [sp, #52]	@ 0x34
100074aa:	4213      	tst	r3, r2
100074ac:	d000      	beq.n	100074b0 <_vsnprintf+0xbc8>
100074ae:	e53e      	b.n	10006f2e <_vsnprintf+0x646>
100074b0:	4643      	mov	r3, r8
100074b2:	2b00      	cmp	r3, #0
100074b4:	d000      	beq.n	100074b8 <_vsnprintf+0xbd0>
100074b6:	e642      	b.n	1000713e <_vsnprintf+0x856>
100074b8:	f7ff fb71 	bl	10006b9e <_vsnprintf+0x2b6>
100074bc:	3301      	adds	r3, #1
100074be:	930f      	str	r3, [sp, #60]	@ 0x3c
100074c0:	e47f      	b.n	10006dc2 <_vsnprintf+0x4da>
100074c2:	4663      	mov	r3, ip
100074c4:	930d      	str	r3, [sp, #52]	@ 0x34
100074c6:	e7f3      	b.n	100074b0 <_vsnprintf+0xbc8>

100074c8 <vfctprintf>:
100074c8:	b510      	push	{r4, lr}
100074ca:	000c      	movs	r4, r1
100074cc:	b084      	sub	sp, #16
100074ce:	9403      	str	r4, [sp, #12]
100074d0:	2401      	movs	r4, #1
100074d2:	a902      	add	r1, sp, #8
100074d4:	9002      	str	r0, [sp, #8]
100074d6:	9300      	str	r3, [sp, #0]
100074d8:	4803      	ldr	r0, [pc, #12]	@ (100074e8 <vfctprintf+0x20>)
100074da:	0013      	movs	r3, r2
100074dc:	4262      	negs	r2, r4
100074de:	f7ff fa03 	bl	100068e8 <_vsnprintf>
100074e2:	b004      	add	sp, #16
100074e4:	bd10      	pop	{r4, pc}
100074e6:	46c0      	nop			@ (mov r8, r8)
100074e8:	10005eb5 	.word	0x10005eb5

100074ec <weak_raw_vprintf>:
100074ec:	b510      	push	{r4, lr}
100074ee:	4a09      	ldr	r2, [pc, #36]	@ (10007514 <weak_raw_vprintf+0x28>)
100074f0:	0003      	movs	r3, r0
100074f2:	6814      	ldr	r4, [r2, #0]
100074f4:	b084      	sub	sp, #16
100074f6:	2c00      	cmp	r4, #0
100074f8:	d008      	beq.n	1000750c <weak_raw_vprintf+0x20>
100074fa:	2201      	movs	r2, #1
100074fc:	9100      	str	r1, [sp, #0]
100074fe:	4806      	ldr	r0, [pc, #24]	@ (10007518 <weak_raw_vprintf+0x2c>)
10007500:	4252      	negs	r2, r2
10007502:	a903      	add	r1, sp, #12
10007504:	47a0      	blx	r4
10007506:	2001      	movs	r0, #1
10007508:	b004      	add	sp, #16
1000750a:	bd10      	pop	{r4, pc}
1000750c:	f000 f9d8 	bl	100078c0 <__wrap_puts>
10007510:	2000      	movs	r0, #0
10007512:	e7f9      	b.n	10007508 <weak_raw_vprintf+0x1c>
10007514:	200021f4 	.word	0x200021f4
10007518:	10005ea5 	.word	0x10005ea5

1000751c <_exit>:
1000751c:	be00      	bkpt	0x0000
1000751e:	e7fd      	b.n	1000751c <_exit>

10007520 <exit>:
10007520:	b510      	push	{r4, lr}
10007522:	f7ff fffb 	bl	1000751c <_exit>
10007526:	46c0      	nop			@ (mov r8, r8)

10007528 <runtime_init>:
10007528:	b570      	push	{r4, r5, r6, lr}
1000752a:	f7fd fb97 	bl	10004c5c <runtime_run_initializers>
1000752e:	4d07      	ldr	r5, [pc, #28]	@ (1000754c <runtime_init+0x24>)
10007530:	4e07      	ldr	r6, [pc, #28]	@ (10007550 <runtime_init+0x28>)
10007532:	42b5      	cmp	r5, r6
10007534:	d209      	bcs.n	1000754a <runtime_init+0x22>
10007536:	2400      	movs	r4, #0
10007538:	3e01      	subs	r6, #1
1000753a:	1b76      	subs	r6, r6, r5
1000753c:	08b6      	lsrs	r6, r6, #2
1000753e:	cd08      	ldmia	r5!, {r3}
10007540:	4798      	blx	r3
10007542:	0023      	movs	r3, r4
10007544:	3401      	adds	r4, #1
10007546:	42b3      	cmp	r3, r6
10007548:	d1f9      	bne.n	1000753e <runtime_init+0x16>
1000754a:	bd70      	pop	{r4, r5, r6, pc}
1000754c:	1000a6ac 	.word	0x1000a6ac
10007550:	1000a6b4 	.word	0x1000a6b4

10007554 <stdio_out_chars_no_crlf>:
10007554:	0003      	movs	r3, r0
10007556:	b510      	push	{r4, lr}
10007558:	0008      	movs	r0, r1
1000755a:	0011      	movs	r1, r2
1000755c:	681b      	ldr	r3, [r3, #0]
1000755e:	4798      	blx	r3
10007560:	bd10      	pop	{r4, pc}
10007562:	46c0      	nop			@ (mov r8, r8)

10007564 <stdio_out_chars_crlf>:
10007564:	b5f0      	push	{r4, r5, r6, r7, lr}
10007566:	46c6      	mov	lr, r8
10007568:	b500      	push	{lr}
1000756a:	7d43      	ldrb	r3, [r0, #21]
1000756c:	0007      	movs	r7, r0
1000756e:	000c      	movs	r4, r1
10007570:	0016      	movs	r6, r2
10007572:	2b00      	cmp	r3, #0
10007574:	d046      	beq.n	10007604 <stdio_out_chars_crlf+0xa0>
10007576:	2a00      	cmp	r2, #0
10007578:	dd17      	ble.n	100075aa <stdio_out_chars_crlf+0x46>
1000757a:	780b      	ldrb	r3, [r1, #0]
1000757c:	2b0a      	cmp	r3, #10
1000757e:	d024      	beq.n	100075ca <stdio_out_chars_crlf+0x66>
10007580:	2300      	movs	r3, #0
10007582:	4698      	mov	r8, r3
10007584:	2e01      	cmp	r6, #1
10007586:	d013      	beq.n	100075b0 <stdio_out_chars_crlf+0x4c>
10007588:	2501      	movs	r5, #1
1000758a:	0029      	movs	r1, r5
1000758c:	5c63      	ldrb	r3, [r4, r1]
1000758e:	3501      	adds	r5, #1
10007590:	2b0a      	cmp	r3, #10
10007592:	d026      	beq.n	100075e2 <stdio_out_chars_crlf+0x7e>
10007594:	42b5      	cmp	r5, r6
10007596:	d1f8      	bne.n	1000758a <stdio_out_chars_crlf+0x26>
10007598:	4546      	cmp	r6, r8
1000759a:	dc09      	bgt.n	100075b0 <stdio_out_chars_crlf+0x4c>
1000759c:	19a4      	adds	r4, r4, r6
1000759e:	3c01      	subs	r4, #1
100075a0:	7823      	ldrb	r3, [r4, #0]
100075a2:	3b0d      	subs	r3, #13
100075a4:	425a      	negs	r2, r3
100075a6:	4153      	adcs	r3, r2
100075a8:	753b      	strb	r3, [r7, #20]
100075aa:	bc80      	pop	{r7}
100075ac:	46b8      	mov	r8, r7
100075ae:	bdf0      	pop	{r4, r5, r6, r7, pc}
100075b0:	4643      	mov	r3, r8
100075b2:	18e0      	adds	r0, r4, r3
100075b4:	19a4      	adds	r4, r4, r6
100075b6:	1af1      	subs	r1, r6, r3
100075b8:	3c01      	subs	r4, #1
100075ba:	683b      	ldr	r3, [r7, #0]
100075bc:	4798      	blx	r3
100075be:	7823      	ldrb	r3, [r4, #0]
100075c0:	3b0d      	subs	r3, #13
100075c2:	425a      	negs	r2, r3
100075c4:	4153      	adcs	r3, r2
100075c6:	753b      	strb	r3, [r7, #20]
100075c8:	e7ef      	b.n	100075aa <stdio_out_chars_crlf+0x46>
100075ca:	7d03      	ldrb	r3, [r0, #20]
100075cc:	2b00      	cmp	r3, #0
100075ce:	d1d7      	bne.n	10007580 <stdio_out_chars_crlf+0x1c>
100075d0:	2102      	movs	r1, #2
100075d2:	480f      	ldr	r0, [pc, #60]	@ (10007610 <stdio_out_chars_crlf+0xac>)
100075d4:	683b      	ldr	r3, [r7, #0]
100075d6:	4798      	blx	r3
100075d8:	2e01      	cmp	r6, #1
100075da:	d0df      	beq.n	1000759c <stdio_out_chars_crlf+0x38>
100075dc:	2301      	movs	r3, #1
100075de:	4698      	mov	r8, r3
100075e0:	e7d2      	b.n	10007588 <stdio_out_chars_crlf+0x24>
100075e2:	1e63      	subs	r3, r4, #1
100075e4:	5c5b      	ldrb	r3, [r3, r1]
100075e6:	2b0d      	cmp	r3, #13
100075e8:	d0d4      	beq.n	10007594 <stdio_out_chars_crlf+0x30>
100075ea:	4588      	cmp	r8, r1
100075ec:	da04      	bge.n	100075f8 <stdio_out_chars_crlf+0x94>
100075ee:	4643      	mov	r3, r8
100075f0:	1ac9      	subs	r1, r1, r3
100075f2:	18e0      	adds	r0, r4, r3
100075f4:	683b      	ldr	r3, [r7, #0]
100075f6:	4798      	blx	r3
100075f8:	2102      	movs	r1, #2
100075fa:	4805      	ldr	r0, [pc, #20]	@ (10007610 <stdio_out_chars_crlf+0xac>)
100075fc:	683b      	ldr	r3, [r7, #0]
100075fe:	46a8      	mov	r8, r5
10007600:	4798      	blx	r3
10007602:	e7c7      	b.n	10007594 <stdio_out_chars_crlf+0x30>
10007604:	6803      	ldr	r3, [r0, #0]
10007606:	0011      	movs	r1, r2
10007608:	0020      	movs	r0, r4
1000760a:	4798      	blx	r3
1000760c:	e7cd      	b.n	100075aa <stdio_out_chars_crlf+0x46>
1000760e:	46c0      	nop			@ (mov r8, r8)
10007610:	1000ac50 	.word	0x1000ac50

10007614 <stdio_buffered_printer>:
10007614:	b5f0      	push	{r4, r5, r6, r7, lr}
10007616:	46c6      	mov	lr, r8
10007618:	680b      	ldr	r3, [r1, #0]
1000761a:	0006      	movs	r6, r0
1000761c:	000c      	movs	r4, r1
1000761e:	b500      	push	{lr}
10007620:	2b80      	cmp	r3, #128	@ 0x80
10007622:	d006      	beq.n	10007632 <stdio_buffered_printer+0x1e>
10007624:	1c5a      	adds	r2, r3, #1
10007626:	6022      	str	r2, [r4, #0]
10007628:	18e4      	adds	r4, r4, r3
1000762a:	7126      	strb	r6, [r4, #4]
1000762c:	bc80      	pop	{r7}
1000762e:	46b8      	mov	r8, r7
10007630:	bdf0      	pop	{r4, r5, r6, r7, pc}
10007632:	4b0f      	ldr	r3, [pc, #60]	@ (10007670 <stdio_buffered_printer+0x5c>)
10007634:	681d      	ldr	r5, [r3, #0]
10007636:	2d00      	cmp	r5, #0
10007638:	d016      	beq.n	10007668 <stdio_buffered_printer+0x54>
1000763a:	1d0b      	adds	r3, r1, #4
1000763c:	4698      	mov	r8, r3
1000763e:	4f0d      	ldr	r7, [pc, #52]	@ (10007674 <stdio_buffered_printer+0x60>)
10007640:	e002      	b.n	10007648 <stdio_buffered_printer+0x34>
10007642:	692d      	ldr	r5, [r5, #16]
10007644:	2d00      	cmp	r5, #0
10007646:	d00f      	beq.n	10007668 <stdio_buffered_printer+0x54>
10007648:	682b      	ldr	r3, [r5, #0]
1000764a:	2b00      	cmp	r3, #0
1000764c:	d0f9      	beq.n	10007642 <stdio_buffered_printer+0x2e>
1000764e:	683b      	ldr	r3, [r7, #0]
10007650:	2b00      	cmp	r3, #0
10007652:	d001      	beq.n	10007658 <stdio_buffered_printer+0x44>
10007654:	42ab      	cmp	r3, r5
10007656:	d1f4      	bne.n	10007642 <stdio_buffered_printer+0x2e>
10007658:	0028      	movs	r0, r5
1000765a:	4641      	mov	r1, r8
1000765c:	6822      	ldr	r2, [r4, #0]
1000765e:	f7ff ff81 	bl	10007564 <stdio_out_chars_crlf>
10007662:	692d      	ldr	r5, [r5, #16]
10007664:	2d00      	cmp	r5, #0
10007666:	d1ef      	bne.n	10007648 <stdio_buffered_printer+0x34>
10007668:	2201      	movs	r2, #1
1000766a:	2300      	movs	r3, #0
1000766c:	e7db      	b.n	10007626 <stdio_buffered_printer+0x12>
1000766e:	46c0      	nop			@ (mov r8, r8)
10007670:	20001de8 	.word	0x20001de8
10007674:	20001df0 	.word	0x20001df0

10007678 <stdio_put_string>:
10007678:	b5f0      	push	{r4, r5, r6, r7, lr}
1000767a:	4645      	mov	r5, r8
1000767c:	46de      	mov	lr, fp
1000767e:	464e      	mov	r6, r9
10007680:	4657      	mov	r7, sl
10007682:	b5e0      	push	{r5, r6, r7, lr}
10007684:	b083      	sub	sp, #12
10007686:	4691      	mov	r9, r2
10007688:	001c      	movs	r4, r3
1000768a:	4680      	mov	r8, r0
1000768c:	000d      	movs	r5, r1
1000768e:	f7fd f89b 	bl	100047c8 <time_us_64>
10007692:	2300      	movs	r3, #0
10007694:	4a30      	ldr	r2, [pc, #192]	@ (10007758 <stdio_put_string+0xe0>)
10007696:	1812      	adds	r2, r2, r0
10007698:	414b      	adcs	r3, r1
1000769a:	2b00      	cmp	r3, #0
1000769c:	da02      	bge.n	100076a4 <stdio_put_string+0x2c>
1000769e:	2201      	movs	r2, #1
100076a0:	4b2e      	ldr	r3, [pc, #184]	@ (1000775c <stdio_put_string+0xe4>)
100076a2:	4252      	negs	r2, r2
100076a4:	492e      	ldr	r1, [pc, #184]	@ (10007760 <stdio_put_string+0xe8>)
100076a6:	0008      	movs	r0, r1
100076a8:	468a      	mov	sl, r1
100076aa:	f002 ffc9 	bl	1000a640 <__mutex_try_enter_block_until_veneer>
100076ae:	0007      	movs	r7, r0
100076b0:	1c6b      	adds	r3, r5, #1
100076b2:	d103      	bne.n	100076bc <stdio_put_string+0x44>
100076b4:	4640      	mov	r0, r8
100076b6:	f002 ff4b 	bl	1000a550 <strlen>
100076ba:	0005      	movs	r5, r0
100076bc:	2c00      	cmp	r4, #0
100076be:	d027      	beq.n	10007710 <stdio_put_string+0x98>
100076c0:	4e28      	ldr	r6, [pc, #160]	@ (10007764 <stdio_put_string+0xec>)
100076c2:	4b29      	ldr	r3, [pc, #164]	@ (10007768 <stdio_put_string+0xf0>)
100076c4:	681c      	ldr	r4, [r3, #0]
100076c6:	2c00      	cmp	r4, #0
100076c8:	d018      	beq.n	100076fc <stdio_put_string+0x84>
100076ca:	464b      	mov	r3, r9
100076cc:	2b00      	cmp	r3, #0
100076ce:	d121      	bne.n	10007714 <stdio_put_string+0x9c>
100076d0:	4b26      	ldr	r3, [pc, #152]	@ (1000776c <stdio_put_string+0xf4>)
100076d2:	4699      	mov	r9, r3
100076d4:	e002      	b.n	100076dc <stdio_put_string+0x64>
100076d6:	6924      	ldr	r4, [r4, #16]
100076d8:	2c00      	cmp	r4, #0
100076da:	d00f      	beq.n	100076fc <stdio_put_string+0x84>
100076dc:	6823      	ldr	r3, [r4, #0]
100076de:	2b00      	cmp	r3, #0
100076e0:	d0f9      	beq.n	100076d6 <stdio_put_string+0x5e>
100076e2:	464b      	mov	r3, r9
100076e4:	681b      	ldr	r3, [r3, #0]
100076e6:	2b00      	cmp	r3, #0
100076e8:	d001      	beq.n	100076ee <stdio_put_string+0x76>
100076ea:	429c      	cmp	r4, r3
100076ec:	d1f3      	bne.n	100076d6 <stdio_put_string+0x5e>
100076ee:	0020      	movs	r0, r4
100076f0:	002a      	movs	r2, r5
100076f2:	4641      	mov	r1, r8
100076f4:	47b0      	blx	r6
100076f6:	6924      	ldr	r4, [r4, #16]
100076f8:	2c00      	cmp	r4, #0
100076fa:	d1ef      	bne.n	100076dc <stdio_put_string+0x64>
100076fc:	2f00      	cmp	r7, #0
100076fe:	d126      	bne.n	1000774e <stdio_put_string+0xd6>
10007700:	0028      	movs	r0, r5
10007702:	b003      	add	sp, #12
10007704:	bcf0      	pop	{r4, r5, r6, r7}
10007706:	46bb      	mov	fp, r7
10007708:	46b2      	mov	sl, r6
1000770a:	46a9      	mov	r9, r5
1000770c:	46a0      	mov	r8, r4
1000770e:	bdf0      	pop	{r4, r5, r6, r7, pc}
10007710:	4e17      	ldr	r6, [pc, #92]	@ (10007770 <stdio_put_string+0xf8>)
10007712:	e7d6      	b.n	100076c2 <stdio_put_string+0x4a>
10007714:	4b15      	ldr	r3, [pc, #84]	@ (1000776c <stdio_put_string+0xf4>)
10007716:	4699      	mov	r9, r3
10007718:	230a      	movs	r3, #10
1000771a:	469b      	mov	fp, r3
1000771c:	e002      	b.n	10007724 <stdio_put_string+0xac>
1000771e:	6924      	ldr	r4, [r4, #16]
10007720:	2c00      	cmp	r4, #0
10007722:	d0eb      	beq.n	100076fc <stdio_put_string+0x84>
10007724:	6823      	ldr	r3, [r4, #0]
10007726:	2b00      	cmp	r3, #0
10007728:	d0f9      	beq.n	1000771e <stdio_put_string+0xa6>
1000772a:	464b      	mov	r3, r9
1000772c:	681b      	ldr	r3, [r3, #0]
1000772e:	2b00      	cmp	r3, #0
10007730:	d001      	beq.n	10007736 <stdio_put_string+0xbe>
10007732:	42a3      	cmp	r3, r4
10007734:	d1f3      	bne.n	1000771e <stdio_put_string+0xa6>
10007736:	002a      	movs	r2, r5
10007738:	4641      	mov	r1, r8
1000773a:	0020      	movs	r0, r4
1000773c:	47b0      	blx	r6
1000773e:	466b      	mov	r3, sp
10007740:	465a      	mov	r2, fp
10007742:	0020      	movs	r0, r4
10007744:	71da      	strb	r2, [r3, #7]
10007746:	1dd9      	adds	r1, r3, #7
10007748:	2201      	movs	r2, #1
1000774a:	47b0      	blx	r6
1000774c:	e7e7      	b.n	1000771e <stdio_put_string+0xa6>
1000774e:	4650      	mov	r0, sl
10007750:	f002 ff3e 	bl	1000a5d0 <__mutex_exit_veneer>
10007754:	e7d4      	b.n	10007700 <stdio_put_string+0x88>
10007756:	46c0      	nop			@ (mov r8, r8)
10007758:	000f4240 	.word	0x000f4240
1000775c:	7fffffff 	.word	0x7fffffff
10007760:	20001360 	.word	0x20001360
10007764:	10007565 	.word	0x10007565
10007768:	20001de8 	.word	0x20001de8
1000776c:	20001df0 	.word	0x20001df0
10007770:	10007555 	.word	0x10007555

10007774 <stdio_set_driver_enabled>:
10007774:	4a0a      	ldr	r2, [pc, #40]	@ (100077a0 <stdio_set_driver_enabled+0x2c>)
10007776:	6813      	ldr	r3, [r2, #0]
10007778:	2b00      	cmp	r3, #0
1000777a:	d105      	bne.n	10007788 <stdio_set_driver_enabled+0x14>
1000777c:	e00c      	b.n	10007798 <stdio_set_driver_enabled+0x24>
1000777e:	001a      	movs	r2, r3
10007780:	691b      	ldr	r3, [r3, #16]
10007782:	3210      	adds	r2, #16
10007784:	2b00      	cmp	r3, #0
10007786:	d007      	beq.n	10007798 <stdio_set_driver_enabled+0x24>
10007788:	4283      	cmp	r3, r0
1000778a:	d1f8      	bne.n	1000777e <stdio_set_driver_enabled+0xa>
1000778c:	2900      	cmp	r1, #0
1000778e:	d102      	bne.n	10007796 <stdio_set_driver_enabled+0x22>
10007790:	6918      	ldr	r0, [r3, #16]
10007792:	6010      	str	r0, [r2, #0]
10007794:	6119      	str	r1, [r3, #16]
10007796:	4770      	bx	lr
10007798:	2900      	cmp	r1, #0
1000779a:	d0fc      	beq.n	10007796 <stdio_set_driver_enabled+0x22>
1000779c:	6010      	str	r0, [r2, #0]
1000779e:	e7fa      	b.n	10007796 <stdio_set_driver_enabled+0x22>
100077a0:	20001de8 	.word	0x20001de8

100077a4 <stdio_init_all>:
100077a4:	b510      	push	{r4, lr}
100077a6:	f000 fb31 	bl	10007e0c <stdio_usb_init>
100077aa:	bd10      	pop	{r4, pc}

100077ac <__wrap_getchar>:
100077ac:	b5f0      	push	{r4, r5, r6, r7, lr}
100077ae:	4647      	mov	r7, r8
100077b0:	46ce      	mov	lr, r9
100077b2:	4b1a      	ldr	r3, [pc, #104]	@ (1000781c <__wrap_getchar+0x70>)
100077b4:	b580      	push	{r7, lr}
100077b6:	681a      	ldr	r2, [r3, #0]
100077b8:	685b      	ldr	r3, [r3, #4]
100077ba:	4691      	mov	r9, r2
100077bc:	4698      	mov	r8, r3
100077be:	b083      	sub	sp, #12
100077c0:	4f17      	ldr	r7, [pc, #92]	@ (10007820 <__wrap_getchar+0x74>)
100077c2:	4d18      	ldr	r5, [pc, #96]	@ (10007824 <__wrap_getchar+0x78>)
100077c4:	ae01      	add	r6, sp, #4
100077c6:	683c      	ldr	r4, [r7, #0]
100077c8:	2c00      	cmp	r4, #0
100077ca:	d103      	bne.n	100077d4 <__wrap_getchar+0x28>
100077cc:	e015      	b.n	100077fa <__wrap_getchar+0x4e>
100077ce:	6924      	ldr	r4, [r4, #16]
100077d0:	2c00      	cmp	r4, #0
100077d2:	d012      	beq.n	100077fa <__wrap_getchar+0x4e>
100077d4:	682b      	ldr	r3, [r5, #0]
100077d6:	2b00      	cmp	r3, #0
100077d8:	d001      	beq.n	100077de <__wrap_getchar+0x32>
100077da:	429c      	cmp	r4, r3
100077dc:	d1f7      	bne.n	100077ce <__wrap_getchar+0x22>
100077de:	68a3      	ldr	r3, [r4, #8]
100077e0:	2b00      	cmp	r3, #0
100077e2:	d0f4      	beq.n	100077ce <__wrap_getchar+0x22>
100077e4:	2101      	movs	r1, #1
100077e6:	0030      	movs	r0, r6
100077e8:	4798      	blx	r3
100077ea:	2800      	cmp	r0, #0
100077ec:	ddef      	ble.n	100077ce <__wrap_getchar+0x22>
100077ee:	7830      	ldrb	r0, [r6, #0]
100077f0:	b003      	add	sp, #12
100077f2:	bcc0      	pop	{r6, r7}
100077f4:	46b9      	mov	r9, r7
100077f6:	46b0      	mov	r8, r6
100077f8:	bdf0      	pop	{r4, r5, r6, r7, pc}
100077fa:	4b0b      	ldr	r3, [pc, #44]	@ (10007828 <__wrap_getchar+0x7c>)
100077fc:	6a5a      	ldr	r2, [r3, #36]	@ 0x24
100077fe:	4590      	cmp	r8, r2
10007800:	d807      	bhi.n	10007812 <__wrap_getchar+0x66>
10007802:	6a9b      	ldr	r3, [r3, #40]	@ 0x28
10007804:	454b      	cmp	r3, r9
10007806:	d302      	bcc.n	1000780e <__wrap_getchar+0x62>
10007808:	2002      	movs	r0, #2
1000780a:	4240      	negs	r0, r0
1000780c:	e7f0      	b.n	100077f0 <__wrap_getchar+0x44>
1000780e:	4590      	cmp	r8, r2
10007810:	d1fa      	bne.n	10007808 <__wrap_getchar+0x5c>
10007812:	2001      	movs	r0, #1
10007814:	2100      	movs	r1, #0
10007816:	f7fc ffe1 	bl	100047dc <busy_wait_us>
1000781a:	e7d4      	b.n	100077c6 <__wrap_getchar+0x1a>
1000781c:	1000aa08 	.word	0x1000aa08
10007820:	20001de8 	.word	0x20001de8
10007824:	20001df0 	.word	0x20001df0
10007828:	40054000 	.word	0x40054000

1000782c <__wrap_putchar>:
1000782c:	b5f0      	push	{r4, r5, r6, r7, lr}
1000782e:	46ce      	mov	lr, r9
10007830:	4647      	mov	r7, r8
10007832:	b580      	push	{r7, lr}
10007834:	b083      	sub	sp, #12
10007836:	466b      	mov	r3, sp
10007838:	0006      	movs	r6, r0
1000783a:	1ddd      	adds	r5, r3, #7
1000783c:	7028      	strb	r0, [r5, #0]
1000783e:	f7fc ffc3 	bl	100047c8 <time_us_64>
10007842:	2300      	movs	r3, #0
10007844:	4a19      	ldr	r2, [pc, #100]	@ (100078ac <__wrap_putchar+0x80>)
10007846:	1812      	adds	r2, r2, r0
10007848:	414b      	adcs	r3, r1
1000784a:	2b00      	cmp	r3, #0
1000784c:	da02      	bge.n	10007854 <__wrap_putchar+0x28>
1000784e:	2201      	movs	r2, #1
10007850:	4b17      	ldr	r3, [pc, #92]	@ (100078b0 <__wrap_putchar+0x84>)
10007852:	4252      	negs	r2, r2
10007854:	4917      	ldr	r1, [pc, #92]	@ (100078b4 <__wrap_putchar+0x88>)
10007856:	0008      	movs	r0, r1
10007858:	4688      	mov	r8, r1
1000785a:	f002 fef1 	bl	1000a640 <__mutex_try_enter_block_until_veneer>
1000785e:	4b16      	ldr	r3, [pc, #88]	@ (100078b8 <__wrap_putchar+0x8c>)
10007860:	4681      	mov	r9, r0
10007862:	681c      	ldr	r4, [r3, #0]
10007864:	2c00      	cmp	r4, #0
10007866:	d014      	beq.n	10007892 <__wrap_putchar+0x66>
10007868:	4f14      	ldr	r7, [pc, #80]	@ (100078bc <__wrap_putchar+0x90>)
1000786a:	e002      	b.n	10007872 <__wrap_putchar+0x46>
1000786c:	6924      	ldr	r4, [r4, #16]
1000786e:	2c00      	cmp	r4, #0
10007870:	d00f      	beq.n	10007892 <__wrap_putchar+0x66>
10007872:	6823      	ldr	r3, [r4, #0]
10007874:	2b00      	cmp	r3, #0
10007876:	d0f9      	beq.n	1000786c <__wrap_putchar+0x40>
10007878:	683b      	ldr	r3, [r7, #0]
1000787a:	2b00      	cmp	r3, #0
1000787c:	d001      	beq.n	10007882 <__wrap_putchar+0x56>
1000787e:	429c      	cmp	r4, r3
10007880:	d1f4      	bne.n	1000786c <__wrap_putchar+0x40>
10007882:	0020      	movs	r0, r4
10007884:	2201      	movs	r2, #1
10007886:	0029      	movs	r1, r5
10007888:	f7ff fe6c 	bl	10007564 <stdio_out_chars_crlf>
1000788c:	6924      	ldr	r4, [r4, #16]
1000788e:	2c00      	cmp	r4, #0
10007890:	d1ef      	bne.n	10007872 <__wrap_putchar+0x46>
10007892:	464b      	mov	r3, r9
10007894:	2b00      	cmp	r3, #0
10007896:	d105      	bne.n	100078a4 <__wrap_putchar+0x78>
10007898:	0030      	movs	r0, r6
1000789a:	b003      	add	sp, #12
1000789c:	bcc0      	pop	{r6, r7}
1000789e:	46b9      	mov	r9, r7
100078a0:	46b0      	mov	r8, r6
100078a2:	bdf0      	pop	{r4, r5, r6, r7, pc}
100078a4:	4640      	mov	r0, r8
100078a6:	f002 fe93 	bl	1000a5d0 <__mutex_exit_veneer>
100078aa:	e7f5      	b.n	10007898 <__wrap_putchar+0x6c>
100078ac:	000f4240 	.word	0x000f4240
100078b0:	7fffffff 	.word	0x7fffffff
100078b4:	20001360 	.word	0x20001360
100078b8:	20001de8 	.word	0x20001de8
100078bc:	20001df0 	.word	0x20001df0

100078c0 <__wrap_puts>:
100078c0:	b570      	push	{r4, r5, r6, lr}
100078c2:	0004      	movs	r4, r0
100078c4:	f002 fe44 	bl	1000a550 <strlen>
100078c8:	2301      	movs	r3, #1
100078ca:	0001      	movs	r1, r0
100078cc:	0005      	movs	r5, r0
100078ce:	2201      	movs	r2, #1
100078d0:	0020      	movs	r0, r4
100078d2:	f7ff fed1 	bl	10007678 <stdio_put_string>
100078d6:	4b08      	ldr	r3, [pc, #32]	@ (100078f8 <__wrap_puts+0x38>)
100078d8:	681c      	ldr	r4, [r3, #0]
100078da:	2c00      	cmp	r4, #0
100078dc:	d006      	beq.n	100078ec <__wrap_puts+0x2c>
100078de:	6863      	ldr	r3, [r4, #4]
100078e0:	2b00      	cmp	r3, #0
100078e2:	d005      	beq.n	100078f0 <__wrap_puts+0x30>
100078e4:	4798      	blx	r3
100078e6:	6924      	ldr	r4, [r4, #16]
100078e8:	2c00      	cmp	r4, #0
100078ea:	d1f8      	bne.n	100078de <__wrap_puts+0x1e>
100078ec:	0028      	movs	r0, r5
100078ee:	bd70      	pop	{r4, r5, r6, pc}
100078f0:	6924      	ldr	r4, [r4, #16]
100078f2:	2c00      	cmp	r4, #0
100078f4:	d1f3      	bne.n	100078de <__wrap_puts+0x1e>
100078f6:	e7f9      	b.n	100078ec <__wrap_puts+0x2c>
100078f8:	20001de8 	.word	0x20001de8

100078fc <__wrap_vprintf>:
100078fc:	b5f0      	push	{r4, r5, r6, r7, lr}
100078fe:	46ce      	mov	lr, r9
10007900:	4647      	mov	r7, r8
10007902:	b580      	push	{r7, lr}
10007904:	b0a3      	sub	sp, #140	@ 0x8c
10007906:	0004      	movs	r4, r0
10007908:	000d      	movs	r5, r1
1000790a:	f7fc ff5d 	bl	100047c8 <time_us_64>
1000790e:	2300      	movs	r3, #0
10007910:	4a27      	ldr	r2, [pc, #156]	@ (100079b0 <__wrap_vprintf+0xb4>)
10007912:	1812      	adds	r2, r2, r0
10007914:	414b      	adcs	r3, r1
10007916:	2b00      	cmp	r3, #0
10007918:	da02      	bge.n	10007920 <__wrap_vprintf+0x24>
1000791a:	2201      	movs	r2, #1
1000791c:	4b25      	ldr	r3, [pc, #148]	@ (100079b4 <__wrap_vprintf+0xb8>)
1000791e:	4252      	negs	r2, r2
10007920:	4e25      	ldr	r6, [pc, #148]	@ (100079b8 <__wrap_vprintf+0xbc>)
10007922:	0030      	movs	r0, r6
10007924:	f002 fe8c 	bl	1000a640 <__mutex_try_enter_block_until_veneer>
10007928:	2300      	movs	r3, #0
1000792a:	0022      	movs	r2, r4
1000792c:	9301      	str	r3, [sp, #4]
1000792e:	0007      	movs	r7, r0
10007930:	002b      	movs	r3, r5
10007932:	4822      	ldr	r0, [pc, #136]	@ (100079bc <__wrap_vprintf+0xc0>)
10007934:	a901      	add	r1, sp, #4
10007936:	f7ff fdc7 	bl	100074c8 <vfctprintf>
1000793a:	4b21      	ldr	r3, [pc, #132]	@ (100079c0 <__wrap_vprintf+0xc4>)
1000793c:	4680      	mov	r8, r0
1000793e:	4699      	mov	r9, r3
10007940:	681c      	ldr	r4, [r3, #0]
10007942:	9b01      	ldr	r3, [sp, #4]
10007944:	2b00      	cmp	r3, #0
10007946:	d01a      	beq.n	1000797e <__wrap_vprintf+0x82>
10007948:	2c00      	cmp	r4, #0
1000794a:	d02f      	beq.n	100079ac <__wrap_vprintf+0xb0>
1000794c:	4d1d      	ldr	r5, [pc, #116]	@ (100079c4 <__wrap_vprintf+0xc8>)
1000794e:	e002      	b.n	10007956 <__wrap_vprintf+0x5a>
10007950:	6924      	ldr	r4, [r4, #16]
10007952:	2c00      	cmp	r4, #0
10007954:	d00f      	beq.n	10007976 <__wrap_vprintf+0x7a>
10007956:	6823      	ldr	r3, [r4, #0]
10007958:	2b00      	cmp	r3, #0
1000795a:	d0f9      	beq.n	10007950 <__wrap_vprintf+0x54>
1000795c:	682b      	ldr	r3, [r5, #0]
1000795e:	2b00      	cmp	r3, #0
10007960:	d001      	beq.n	10007966 <__wrap_vprintf+0x6a>
10007962:	42a3      	cmp	r3, r4
10007964:	d1f4      	bne.n	10007950 <__wrap_vprintf+0x54>
10007966:	0020      	movs	r0, r4
10007968:	9a01      	ldr	r2, [sp, #4]
1000796a:	a902      	add	r1, sp, #8
1000796c:	f7ff fdfa 	bl	10007564 <stdio_out_chars_crlf>
10007970:	6924      	ldr	r4, [r4, #16]
10007972:	2c00      	cmp	r4, #0
10007974:	d1ef      	bne.n	10007956 <__wrap_vprintf+0x5a>
10007976:	464b      	mov	r3, r9
10007978:	681c      	ldr	r4, [r3, #0]
1000797a:	2300      	movs	r3, #0
1000797c:	9301      	str	r3, [sp, #4]
1000797e:	2c00      	cmp	r4, #0
10007980:	d006      	beq.n	10007990 <__wrap_vprintf+0x94>
10007982:	6863      	ldr	r3, [r4, #4]
10007984:	2b00      	cmp	r3, #0
10007986:	d00b      	beq.n	100079a0 <__wrap_vprintf+0xa4>
10007988:	4798      	blx	r3
1000798a:	6924      	ldr	r4, [r4, #16]
1000798c:	2c00      	cmp	r4, #0
1000798e:	d1f8      	bne.n	10007982 <__wrap_vprintf+0x86>
10007990:	2f00      	cmp	r7, #0
10007992:	d107      	bne.n	100079a4 <__wrap_vprintf+0xa8>
10007994:	4640      	mov	r0, r8
10007996:	b023      	add	sp, #140	@ 0x8c
10007998:	bcc0      	pop	{r6, r7}
1000799a:	46b9      	mov	r9, r7
1000799c:	46b0      	mov	r8, r6
1000799e:	bdf0      	pop	{r4, r5, r6, r7, pc}
100079a0:	6924      	ldr	r4, [r4, #16]
100079a2:	e7ec      	b.n	1000797e <__wrap_vprintf+0x82>
100079a4:	0030      	movs	r0, r6
100079a6:	f002 fe13 	bl	1000a5d0 <__mutex_exit_veneer>
100079aa:	e7f3      	b.n	10007994 <__wrap_vprintf+0x98>
100079ac:	9401      	str	r4, [sp, #4]
100079ae:	e7ef      	b.n	10007990 <__wrap_vprintf+0x94>
100079b0:	000f4240 	.word	0x000f4240
100079b4:	7fffffff 	.word	0x7fffffff
100079b8:	20001360 	.word	0x20001360
100079bc:	10007615 	.word	0x10007615
100079c0:	20001de8 	.word	0x20001de8
100079c4:	20001df0 	.word	0x20001df0

100079c8 <__wrap_printf>:
100079c8:	b40f      	push	{r0, r1, r2, r3}
100079ca:	b500      	push	{lr}
100079cc:	b083      	sub	sp, #12
100079ce:	a904      	add	r1, sp, #16
100079d0:	c901      	ldmia	r1!, {r0}
100079d2:	9101      	str	r1, [sp, #4]
100079d4:	f7ff ff92 	bl	100078fc <__wrap_vprintf>
100079d8:	b003      	add	sp, #12
100079da:	bc08      	pop	{r3}
100079dc:	b004      	add	sp, #16
100079de:	4718      	bx	r3

100079e0 <resetd_init>:
100079e0:	4770      	bx	lr
100079e2:	46c0      	nop			@ (mov r8, r8)

100079e4 <resetd_reset>:
100079e4:	2200      	movs	r2, #0
100079e6:	4b01      	ldr	r3, [pc, #4]	@ (100079ec <resetd_reset+0x8>)
100079e8:	701a      	strb	r2, [r3, #0]
100079ea:	4770      	bx	lr
100079ec:	200023e5 	.word	0x200023e5

100079f0 <resetd_open>:
100079f0:	794b      	ldrb	r3, [r1, #5]
100079f2:	2000      	movs	r0, #0
100079f4:	2bff      	cmp	r3, #255	@ 0xff
100079f6:	d10b      	bne.n	10007a10 <resetd_open+0x20>
100079f8:	798b      	ldrb	r3, [r1, #6]
100079fa:	2b00      	cmp	r3, #0
100079fc:	d108      	bne.n	10007a10 <resetd_open+0x20>
100079fe:	79cb      	ldrb	r3, [r1, #7]
10007a00:	2b01      	cmp	r3, #1
10007a02:	d105      	bne.n	10007a10 <resetd_open+0x20>
10007a04:	2a08      	cmp	r2, #8
10007a06:	d903      	bls.n	10007a10 <resetd_open+0x20>
10007a08:	4b02      	ldr	r3, [pc, #8]	@ (10007a14 <resetd_open+0x24>)
10007a0a:	788a      	ldrb	r2, [r1, #2]
10007a0c:	3009      	adds	r0, #9
10007a0e:	701a      	strb	r2, [r3, #0]
10007a10:	4770      	bx	lr
10007a12:	46c0      	nop			@ (mov r8, r8)
10007a14:	200023e5 	.word	0x200023e5

10007a18 <resetd_xfer_cb>:
10007a18:	2001      	movs	r0, #1
10007a1a:	4770      	bx	lr

10007a1c <resetd_control_xfer_cb>:
10007a1c:	b510      	push	{r4, lr}
10007a1e:	2901      	cmp	r1, #1
10007a20:	d113      	bne.n	10007a4a <resetd_control_xfer_cb+0x2e>
10007a22:	4912      	ldr	r1, [pc, #72]	@ (10007a6c <resetd_control_xfer_cb+0x50>)
10007a24:	7953      	ldrb	r3, [r2, #5]
10007a26:	7910      	ldrb	r0, [r2, #4]
10007a28:	7809      	ldrb	r1, [r1, #0]
10007a2a:	021b      	lsls	r3, r3, #8
10007a2c:	4303      	orrs	r3, r0
10007a2e:	2000      	movs	r0, #0
10007a30:	4299      	cmp	r1, r3
10007a32:	d000      	beq.n	10007a36 <resetd_control_xfer_cb+0x1a>
10007a34:	bd10      	pop	{r4, pc}
10007a36:	7853      	ldrb	r3, [r2, #1]
10007a38:	2b01      	cmp	r3, #1
10007a3a:	d008      	beq.n	10007a4e <resetd_control_xfer_cb+0x32>
10007a3c:	2b02      	cmp	r3, #2
10007a3e:	d1f9      	bne.n	10007a34 <resetd_control_xfer_cb+0x18>
10007a40:	2264      	movs	r2, #100	@ 0x64
10007a42:	2100      	movs	r1, #0
10007a44:	2000      	movs	r0, #0
10007a46:	f7fd f853 	bl	10004af0 <watchdog_reboot>
10007a4a:	2001      	movs	r0, #1
10007a4c:	e7f2      	b.n	10007a34 <resetd_control_xfer_cb+0x18>
10007a4e:	78d3      	ldrb	r3, [r2, #3]
10007a50:	7891      	ldrb	r1, [r2, #2]
10007a52:	021b      	lsls	r3, r3, #8
10007a54:	4319      	orrs	r1, r3
10007a56:	0a48      	lsrs	r0, r1, #9
10007a58:	05db      	lsls	r3, r3, #23
10007a5a:	d401      	bmi.n	10007a60 <resetd_control_xfer_cb+0x44>
10007a5c:	2001      	movs	r0, #1
10007a5e:	4240      	negs	r0, r0
10007a60:	237f      	movs	r3, #127	@ 0x7f
10007a62:	058a      	lsls	r2, r1, #22
10007a64:	0fd2      	lsrs	r2, r2, #31
10007a66:	4019      	ands	r1, r3
10007a68:	f7fd f8ca 	bl	10004c00 <rom_reset_usb_boot_extra>
10007a6c:	200023e5 	.word	0x200023e5

10007a70 <tud_descriptor_bos_cb>:
10007a70:	4800      	ldr	r0, [pc, #0]	@ (10007a74 <tud_descriptor_bos_cb+0x4>)
10007a72:	4770      	bx	lr
10007a74:	1000ad1c 	.word	0x1000ad1c

10007a78 <tud_vendor_control_xfer_cb>:
10007a78:	b570      	push	{r4, r5, r6, lr}
10007a7a:	0005      	movs	r5, r0
10007a7c:	0014      	movs	r4, r2
10007a7e:	2001      	movs	r0, #1
10007a80:	2901      	cmp	r1, #1
10007a82:	d109      	bne.n	10007a98 <tud_vendor_control_xfer_cb+0x20>
10007a84:	7853      	ldrb	r3, [r2, #1]
10007a86:	2000      	movs	r0, #0
10007a88:	2b01      	cmp	r3, #1
10007a8a:	d105      	bne.n	10007a98 <tud_vendor_control_xfer_cb+0x20>
10007a8c:	7963      	ldrb	r3, [r4, #5]
10007a8e:	7912      	ldrb	r2, [r2, #4]
10007a90:	021b      	lsls	r3, r3, #8
10007a92:	4313      	orrs	r3, r2
10007a94:	2b07      	cmp	r3, #7
10007a96:	d000      	beq.n	10007a9a <tud_vendor_control_xfer_cb+0x22>
10007a98:	bd70      	pop	{r4, r5, r6, pc}
10007a9a:	0021      	movs	r1, r4
10007a9c:	0028      	movs	r0, r5
10007a9e:	4a02      	ldr	r2, [pc, #8]	@ (10007aa8 <tud_vendor_control_xfer_cb+0x30>)
10007aa0:	339f      	adds	r3, #159	@ 0x9f
10007aa2:	f001 fa55 	bl	10008f50 <tud_control_xfer>
10007aa6:	e7f7      	b.n	10007a98 <tud_vendor_control_xfer_cb+0x20>
10007aa8:	1000ac74 	.word	0x1000ac74

10007aac <usbd_app_driver_get_cb>:
10007aac:	2301      	movs	r3, #1
10007aae:	7003      	strb	r3, [r0, #0]
10007ab0:	4800      	ldr	r0, [pc, #0]	@ (10007ab4 <usbd_app_driver_get_cb+0x8>)
10007ab2:	4770      	bx	lr
10007ab4:	1000ac54 	.word	0x1000ac54

10007ab8 <tud_cdc_line_coding_cb>:
10007ab8:	784b      	ldrb	r3, [r1, #1]
10007aba:	780a      	ldrb	r2, [r1, #0]
10007abc:	021b      	lsls	r3, r3, #8
10007abe:	4313      	orrs	r3, r2
10007ac0:	788a      	ldrb	r2, [r1, #2]
10007ac2:	b510      	push	{r4, lr}
10007ac4:	0412      	lsls	r2, r2, #16
10007ac6:	431a      	orrs	r2, r3
10007ac8:	78cb      	ldrb	r3, [r1, #3]
10007aca:	061b      	lsls	r3, r3, #24
10007acc:	4313      	orrs	r3, r2
10007ace:	2296      	movs	r2, #150	@ 0x96
10007ad0:	00d2      	lsls	r2, r2, #3
10007ad2:	4293      	cmp	r3, r2
10007ad4:	d000      	beq.n	10007ad8 <tud_cdc_line_coding_cb+0x20>
10007ad6:	bd10      	pop	{r4, pc}
10007ad8:	2200      	movs	r2, #0
10007ada:	2001      	movs	r0, #1
10007adc:	0011      	movs	r1, r2
10007ade:	4240      	negs	r0, r0
10007ae0:	f7fd f88e 	bl	10004c00 <rom_reset_usb_boot_extra>

10007ae4 <stdio_usb_set_chars_available_callback>:
10007ae4:	4b02      	ldr	r3, [pc, #8]	@ (10007af0 <stdio_usb_set_chars_available_callback+0xc>)
10007ae6:	6018      	str	r0, [r3, #0]
10007ae8:	4b02      	ldr	r3, [pc, #8]	@ (10007af4 <stdio_usb_set_chars_available_callback+0x10>)
10007aea:	6019      	str	r1, [r3, #0]
10007aec:	4770      	bx	lr
10007aee:	46c0      	nop			@ (mov r8, r8)
10007af0:	20001d88 	.word	0x20001d88
10007af4:	20001d8c 	.word	0x20001d8c

10007af8 <usb_irq>:
10007af8:	b510      	push	{r4, lr}
10007afa:	4b02      	ldr	r3, [pc, #8]	@ (10007b04 <usb_irq+0xc>)
10007afc:	7818      	ldrb	r0, [r3, #0]
10007afe:	f7fc f847 	bl	10003b90 <irq_set_pending>
10007b02:	bd10      	pop	{r4, pc}
10007b04:	200023e6 	.word	0x200023e6

10007b08 <timer_task>:
10007b08:	4b15      	ldr	r3, [pc, #84]	@ (10007b60 <timer_task+0x58>)
10007b0a:	b570      	push	{r4, r5, r6, lr}
10007b0c:	681a      	ldr	r2, [r3, #0]
10007b0e:	2a00      	cmp	r2, #0
10007b10:	d022      	beq.n	10007b58 <timer_task+0x50>
10007b12:	f3ef 8110 	mrs	r1, PRIMASK
10007b16:	b672      	cpsid	i
10007b18:	6810      	ldr	r0, [r2, #0]
10007b1a:	2800      	cmp	r0, #0
10007b1c:	d0fc      	beq.n	10007b18 <timer_task+0x10>
10007b1e:	f3bf 8f5f 	dmb	sy
10007b22:	2000      	movs	r0, #0
10007b24:	4a0f      	ldr	r2, [pc, #60]	@ (10007b64 <timer_task+0x5c>)
10007b26:	6059      	str	r1, [r3, #4]
10007b28:	7010      	strb	r0, [r2, #0]
10007b2a:	681b      	ldr	r3, [r3, #0]
10007b2c:	f3bf 8f5f 	dmb	sy
10007b30:	6018      	str	r0, [r3, #0]
10007b32:	f381 8810 	msr	PRIMASK, r1
10007b36:	2400      	movs	r4, #0
10007b38:	2500      	movs	r5, #0
10007b3a:	4e0b      	ldr	r6, [pc, #44]	@ (10007b68 <timer_task+0x60>)
10007b3c:	7830      	ldrb	r0, [r6, #0]
10007b3e:	f7fc f81b 	bl	10003b78 <irq_is_enabled>
10007b42:	2800      	cmp	r0, #0
10007b44:	d104      	bne.n	10007b50 <timer_task+0x48>
10007b46:	2400      	movs	r4, #0
10007b48:	2500      	movs	r5, #0
10007b4a:	0029      	movs	r1, r5
10007b4c:	0020      	movs	r0, r4
10007b4e:	bd70      	pop	{r4, r5, r6, pc}
10007b50:	7830      	ldrb	r0, [r6, #0]
10007b52:	f7fc f81d 	bl	10003b90 <irq_set_pending>
10007b56:	e7f8      	b.n	10007b4a <timer_task+0x42>
10007b58:	24fa      	movs	r4, #250	@ 0xfa
10007b5a:	2500      	movs	r5, #0
10007b5c:	00a4      	lsls	r4, r4, #2
10007b5e:	e7ec      	b.n	10007b3a <timer_task+0x32>
10007b60:	20002218 	.word	0x20002218
10007b64:	200023e7 	.word	0x200023e7
10007b68:	200023e6 	.word	0x200023e6

10007b6c <stdio_usb_in_chars>:
10007b6c:	b570      	push	{r4, r5, r6, lr}
10007b6e:	0004      	movs	r4, r0
10007b70:	2000      	movs	r0, #0
10007b72:	000e      	movs	r6, r1
10007b74:	f001 fb0a 	bl	1000918c <tud_cdc_n_connected>
10007b78:	2800      	cmp	r0, #0
10007b7a:	d034      	beq.n	10007be6 <stdio_usb_in_chars+0x7a>
10007b7c:	2000      	movs	r0, #0
10007b7e:	f001 fb1b 	bl	100091b8 <tud_cdc_n_available>
10007b82:	2800      	cmp	r0, #0
10007b84:	d02f      	beq.n	10007be6 <stdio_usb_in_chars+0x7a>
10007b86:	f7fc fe1f 	bl	100047c8 <time_us_64>
10007b8a:	2300      	movs	r3, #0
10007b8c:	4a17      	ldr	r2, [pc, #92]	@ (10007bec <stdio_usb_in_chars+0x80>)
10007b8e:	1812      	adds	r2, r2, r0
10007b90:	414b      	adcs	r3, r1
10007b92:	2b00      	cmp	r3, #0
10007b94:	db16      	blt.n	10007bc4 <stdio_usb_in_chars+0x58>
10007b96:	4d16      	ldr	r5, [pc, #88]	@ (10007bf0 <stdio_usb_in_chars+0x84>)
10007b98:	0028      	movs	r0, r5
10007b9a:	f002 fd51 	bl	1000a640 <__mutex_try_enter_block_until_veneer>
10007b9e:	2800      	cmp	r0, #0
10007ba0:	d021      	beq.n	10007be6 <stdio_usb_in_chars+0x7a>
10007ba2:	2000      	movs	r0, #0
10007ba4:	f001 faf2 	bl	1000918c <tud_cdc_n_connected>
10007ba8:	2800      	cmp	r0, #0
10007baa:	d10f      	bne.n	10007bcc <stdio_usb_in_chars+0x60>
10007bac:	2001      	movs	r0, #1
10007bae:	2100      	movs	r1, #0
10007bb0:	4240      	negs	r0, r0
10007bb2:	f000 fd01 	bl	100085b8 <tud_task_ext>
10007bb6:	2403      	movs	r4, #3
10007bb8:	4264      	negs	r4, r4
10007bba:	0028      	movs	r0, r5
10007bbc:	f002 fd08 	bl	1000a5d0 <__mutex_exit_veneer>
10007bc0:	0020      	movs	r0, r4
10007bc2:	bd70      	pop	{r4, r5, r6, pc}
10007bc4:	2201      	movs	r2, #1
10007bc6:	4b0b      	ldr	r3, [pc, #44]	@ (10007bf4 <stdio_usb_in_chars+0x88>)
10007bc8:	4252      	negs	r2, r2
10007bca:	e7e4      	b.n	10007b96 <stdio_usb_in_chars+0x2a>
10007bcc:	2000      	movs	r0, #0
10007bce:	f001 faf3 	bl	100091b8 <tud_cdc_n_available>
10007bd2:	2800      	cmp	r0, #0
10007bd4:	d0ea      	beq.n	10007bac <stdio_usb_in_chars+0x40>
10007bd6:	0021      	movs	r1, r4
10007bd8:	0032      	movs	r2, r6
10007bda:	2000      	movs	r0, #0
10007bdc:	f001 faf6 	bl	100091cc <tud_cdc_n_read>
10007be0:	1e04      	subs	r4, r0, #0
10007be2:	d1ea      	bne.n	10007bba <stdio_usb_in_chars+0x4e>
10007be4:	e7e7      	b.n	10007bb6 <stdio_usb_in_chars+0x4a>
10007be6:	2403      	movs	r4, #3
10007be8:	4264      	negs	r4, r4
10007bea:	e7e9      	b.n	10007bc0 <stdio_usb_in_chars+0x54>
10007bec:	000f4240 	.word	0x000f4240
10007bf0:	20002240 	.word	0x20002240
10007bf4:	7fffffff 	.word	0x7fffffff

10007bf8 <stdio_usb_out_flush>:
10007bf8:	b510      	push	{r4, lr}
10007bfa:	f7fc fde5 	bl	100047c8 <time_us_64>
10007bfe:	2300      	movs	r3, #0
10007c00:	4a0d      	ldr	r2, [pc, #52]	@ (10007c38 <stdio_usb_out_flush+0x40>)
10007c02:	1812      	adds	r2, r2, r0
10007c04:	414b      	adcs	r3, r1
10007c06:	2b00      	cmp	r3, #0
10007c08:	da02      	bge.n	10007c10 <stdio_usb_out_flush+0x18>
10007c0a:	2201      	movs	r2, #1
10007c0c:	4b0b      	ldr	r3, [pc, #44]	@ (10007c3c <stdio_usb_out_flush+0x44>)
10007c0e:	4252      	negs	r2, r2
10007c10:	4c0b      	ldr	r4, [pc, #44]	@ (10007c40 <stdio_usb_out_flush+0x48>)
10007c12:	0020      	movs	r0, r4
10007c14:	f002 fd14 	bl	1000a640 <__mutex_try_enter_block_until_veneer>
10007c18:	2800      	cmp	r0, #0
10007c1a:	d00c      	beq.n	10007c36 <stdio_usb_out_flush+0x3e>
10007c1c:	2001      	movs	r0, #1
10007c1e:	2100      	movs	r1, #0
10007c20:	4240      	negs	r0, r0
10007c22:	f000 fcc9 	bl	100085b8 <tud_task_ext>
10007c26:	2000      	movs	r0, #0
10007c28:	f001 fb14 	bl	10009254 <tud_cdc_n_write_flush>
10007c2c:	2800      	cmp	r0, #0
10007c2e:	d1f5      	bne.n	10007c1c <stdio_usb_out_flush+0x24>
10007c30:	0020      	movs	r0, r4
10007c32:	f002 fccd 	bl	1000a5d0 <__mutex_exit_veneer>
10007c36:	bd10      	pop	{r4, pc}
10007c38:	000f4240 	.word	0x000f4240
10007c3c:	7fffffff 	.word	0x7fffffff
10007c40:	20002240 	.word	0x20002240

10007c44 <stdio_usb_out_chars>:
10007c44:	b5f8      	push	{r3, r4, r5, r6, r7, lr}
10007c46:	46de      	mov	lr, fp
10007c48:	4657      	mov	r7, sl
10007c4a:	b580      	push	{r7, lr}
10007c4c:	0005      	movs	r5, r0
10007c4e:	000c      	movs	r4, r1
10007c50:	f7fc fdba 	bl	100047c8 <time_us_64>
10007c54:	2300      	movs	r3, #0
10007c56:	4a36      	ldr	r2, [pc, #216]	@ (10007d30 <stdio_usb_out_chars+0xec>)
10007c58:	1812      	adds	r2, r2, r0
10007c5a:	414b      	adcs	r3, r1
10007c5c:	2b00      	cmp	r3, #0
10007c5e:	da02      	bge.n	10007c66 <stdio_usb_out_chars+0x22>
10007c60:	2201      	movs	r2, #1
10007c62:	4b34      	ldr	r3, [pc, #208]	@ (10007d34 <stdio_usb_out_chars+0xf0>)
10007c64:	4252      	negs	r2, r2
10007c66:	4934      	ldr	r1, [pc, #208]	@ (10007d38 <stdio_usb_out_chars+0xf4>)
10007c68:	0008      	movs	r0, r1
10007c6a:	468a      	mov	sl, r1
10007c6c:	f002 fce8 	bl	1000a640 <__mutex_try_enter_block_until_veneer>
10007c70:	2800      	cmp	r0, #0
10007c72:	d103      	bne.n	10007c7c <stdio_usb_out_chars+0x38>
10007c74:	bcc0      	pop	{r6, r7}
10007c76:	46bb      	mov	fp, r7
10007c78:	46b2      	mov	sl, r6
10007c7a:	bdf8      	pop	{r3, r4, r5, r6, r7, pc}
10007c7c:	2000      	movs	r0, #0
10007c7e:	f001 fa85 	bl	1000918c <tud_cdc_n_connected>
10007c82:	2800      	cmp	r0, #0
10007c84:	d04a      	beq.n	10007d1c <stdio_usb_out_chars+0xd8>
10007c86:	2600      	movs	r6, #0
10007c88:	2c00      	cmp	r4, #0
10007c8a:	dd43      	ble.n	10007d14 <stdio_usb_out_chars+0xd0>
10007c8c:	4b2b      	ldr	r3, [pc, #172]	@ (10007d3c <stdio_usb_out_chars+0xf8>)
10007c8e:	469b      	mov	fp, r3
10007c90:	e014      	b.n	10007cbc <stdio_usb_out_chars+0x78>
10007c92:	19a9      	adds	r1, r5, r6
10007c94:	2000      	movs	r0, #0
10007c96:	f001 fb17 	bl	100092c8 <tud_cdc_n_write>
10007c9a:	0007      	movs	r7, r0
10007c9c:	2001      	movs	r0, #1
10007c9e:	2100      	movs	r1, #0
10007ca0:	4240      	negs	r0, r0
10007ca2:	f000 fc89 	bl	100085b8 <tud_task_ext>
10007ca6:	2000      	movs	r0, #0
10007ca8:	f001 fad4 	bl	10009254 <tud_cdc_n_write_flush>
10007cac:	f7fc fd8c 	bl	100047c8 <time_us_64>
10007cb0:	4b22      	ldr	r3, [pc, #136]	@ (10007d3c <stdio_usb_out_chars+0xf8>)
10007cb2:	19f6      	adds	r6, r6, r7
10007cb4:	6018      	str	r0, [r3, #0]
10007cb6:	6059      	str	r1, [r3, #4]
10007cb8:	42b4      	cmp	r4, r6
10007cba:	dd2b      	ble.n	10007d14 <stdio_usb_out_chars+0xd0>
10007cbc:	2000      	movs	r0, #0
10007cbe:	f001 fb23 	bl	10009308 <tud_cdc_n_write_available>
10007cc2:	1ba7      	subs	r7, r4, r6
10007cc4:	0002      	movs	r2, r0
10007cc6:	42b8      	cmp	r0, r7
10007cc8:	dd00      	ble.n	10007ccc <stdio_usb_out_chars+0x88>
10007cca:	003a      	movs	r2, r7
10007ccc:	2a00      	cmp	r2, #0
10007cce:	d1e0      	bne.n	10007c92 <stdio_usb_out_chars+0x4e>
10007cd0:	2001      	movs	r0, #1
10007cd2:	2100      	movs	r1, #0
10007cd4:	4240      	negs	r0, r0
10007cd6:	f000 fc6f 	bl	100085b8 <tud_task_ext>
10007cda:	2000      	movs	r0, #0
10007cdc:	f001 faba 	bl	10009254 <tud_cdc_n_write_flush>
10007ce0:	2000      	movs	r0, #0
10007ce2:	f001 fa53 	bl	1000918c <tud_cdc_n_connected>
10007ce6:	2800      	cmp	r0, #0
10007ce8:	d014      	beq.n	10007d14 <stdio_usb_out_chars+0xd0>
10007cea:	2000      	movs	r0, #0
10007cec:	f001 fb0c 	bl	10009308 <tud_cdc_n_write_available>
10007cf0:	2800      	cmp	r0, #0
10007cf2:	d1e1      	bne.n	10007cb8 <stdio_usb_out_chars+0x74>
10007cf4:	f7fc fd68 	bl	100047c8 <time_us_64>
10007cf8:	465b      	mov	r3, fp
10007cfa:	000f      	movs	r7, r1
10007cfc:	681a      	ldr	r2, [r3, #0]
10007cfe:	685b      	ldr	r3, [r3, #4]
10007d00:	2100      	movs	r1, #0
10007d02:	4684      	mov	ip, r0
10007d04:	480e      	ldr	r0, [pc, #56]	@ (10007d40 <stdio_usb_out_chars+0xfc>)
10007d06:	1812      	adds	r2, r2, r0
10007d08:	414b      	adcs	r3, r1
10007d0a:	429f      	cmp	r7, r3
10007d0c:	d802      	bhi.n	10007d14 <stdio_usb_out_chars+0xd0>
10007d0e:	d1d3      	bne.n	10007cb8 <stdio_usb_out_chars+0x74>
10007d10:	4594      	cmp	ip, r2
10007d12:	d9d1      	bls.n	10007cb8 <stdio_usb_out_chars+0x74>
10007d14:	4650      	mov	r0, sl
10007d16:	f002 fc5b 	bl	1000a5d0 <__mutex_exit_veneer>
10007d1a:	e7ab      	b.n	10007c74 <stdio_usb_out_chars+0x30>
10007d1c:	2000      	movs	r0, #0
10007d1e:	2100      	movs	r1, #0
10007d20:	4b06      	ldr	r3, [pc, #24]	@ (10007d3c <stdio_usb_out_chars+0xf8>)
10007d22:	6018      	str	r0, [r3, #0]
10007d24:	6059      	str	r1, [r3, #4]
10007d26:	4650      	mov	r0, sl
10007d28:	f002 fc52 	bl	1000a5d0 <__mutex_exit_veneer>
10007d2c:	e7a2      	b.n	10007c74 <stdio_usb_out_chars+0x30>
10007d2e:	46c0      	nop			@ (mov r8, r8)
10007d30:	000f4240 	.word	0x000f4240
10007d34:	7fffffff 	.word	0x7fffffff
10007d38:	20002240 	.word	0x20002240
10007d3c:	200014e8 	.word	0x200014e8
10007d40:	0007a120 	.word	0x0007a120

10007d44 <low_priority_worker_irq>:
10007d44:	b530      	push	{r4, r5, lr}
10007d46:	4c2a      	ldr	r4, [pc, #168]	@ (10007df0 <low_priority_worker_irq+0xac>)
10007d48:	b085      	sub	sp, #20
10007d4a:	2100      	movs	r1, #0
10007d4c:	0020      	movs	r0, r4
10007d4e:	f002 fc67 	bl	1000a620 <__mutex_try_enter_veneer>
10007d52:	2800      	cmp	r0, #0
10007d54:	d11c      	bne.n	10007d90 <low_priority_worker_irq+0x4c>
10007d56:	4b27      	ldr	r3, [pc, #156]	@ (10007df4 <low_priority_worker_irq+0xb0>)
10007d58:	681a      	ldr	r2, [r3, #0]
10007d5a:	2a00      	cmp	r2, #0
10007d5c:	d016      	beq.n	10007d8c <low_priority_worker_irq+0x48>
10007d5e:	f3ef 8110 	mrs	r1, PRIMASK
10007d62:	b672      	cpsid	i
10007d64:	6810      	ldr	r0, [r2, #0]
10007d66:	2800      	cmp	r0, #0
10007d68:	d0fc      	beq.n	10007d64 <low_priority_worker_irq+0x20>
10007d6a:	f3bf 8f5f 	dmb	sy
10007d6e:	2401      	movs	r4, #1
10007d70:	4821      	ldr	r0, [pc, #132]	@ (10007df8 <low_priority_worker_irq+0xb4>)
10007d72:	6059      	str	r1, [r3, #4]
10007d74:	7802      	ldrb	r2, [r0, #0]
10007d76:	681b      	ldr	r3, [r3, #0]
10007d78:	b2d2      	uxtb	r2, r2
10007d7a:	7004      	strb	r4, [r0, #0]
10007d7c:	f3bf 8f5f 	dmb	sy
10007d80:	2000      	movs	r0, #0
10007d82:	6018      	str	r0, [r3, #0]
10007d84:	f381 8810 	msr	PRIMASK, r1
10007d88:	2a00      	cmp	r2, #0
10007d8a:	d017      	beq.n	10007dbc <low_priority_worker_irq+0x78>
10007d8c:	b005      	add	sp, #20
10007d8e:	bd30      	pop	{r4, r5, pc}
10007d90:	2001      	movs	r0, #1
10007d92:	2100      	movs	r1, #0
10007d94:	4240      	negs	r0, r0
10007d96:	f000 fc0f 	bl	100085b8 <tud_task_ext>
10007d9a:	2000      	movs	r0, #0
10007d9c:	f001 fa0c 	bl	100091b8 <tud_cdc_n_available>
10007da0:	0005      	movs	r5, r0
10007da2:	0020      	movs	r0, r4
10007da4:	f002 fc14 	bl	1000a5d0 <__mutex_exit_veneer>
10007da8:	2d00      	cmp	r5, #0
10007daa:	d0ef      	beq.n	10007d8c <low_priority_worker_irq+0x48>
10007dac:	4b13      	ldr	r3, [pc, #76]	@ (10007dfc <low_priority_worker_irq+0xb8>)
10007dae:	681b      	ldr	r3, [r3, #0]
10007db0:	2b00      	cmp	r3, #0
10007db2:	d0eb      	beq.n	10007d8c <low_priority_worker_irq+0x48>
10007db4:	4a12      	ldr	r2, [pc, #72]	@ (10007e00 <low_priority_worker_irq+0xbc>)
10007db6:	6810      	ldr	r0, [r2, #0]
10007db8:	4798      	blx	r3
10007dba:	e7e7      	b.n	10007d8c <low_priority_worker_irq+0x48>
10007dbc:	f7fc faee 	bl	1000439c <alarm_pool_get_default>
10007dc0:	0004      	movs	r4, r0
10007dc2:	f7fc fd01 	bl	100047c8 <time_us_64>
10007dc6:	22fa      	movs	r2, #250	@ 0xfa
10007dc8:	2300      	movs	r3, #0
10007dca:	0092      	lsls	r2, r2, #2
10007dcc:	1812      	adds	r2, r2, r0
10007dce:	414b      	adcs	r3, r1
10007dd0:	2b00      	cmp	r3, #0
10007dd2:	da02      	bge.n	10007dda <low_priority_worker_irq+0x96>
10007dd4:	2201      	movs	r2, #1
10007dd6:	4b0b      	ldr	r3, [pc, #44]	@ (10007e04 <low_priority_worker_irq+0xc0>)
10007dd8:	4252      	negs	r2, r2
10007dda:	2101      	movs	r1, #1
10007ddc:	9102      	str	r1, [sp, #8]
10007dde:	2100      	movs	r1, #0
10007de0:	9101      	str	r1, [sp, #4]
10007de2:	4909      	ldr	r1, [pc, #36]	@ (10007e08 <low_priority_worker_irq+0xc4>)
10007de4:	0020      	movs	r0, r4
10007de6:	9100      	str	r1, [sp, #0]
10007de8:	f7fc fadc 	bl	100043a4 <alarm_pool_add_alarm_at>
10007dec:	e7ce      	b.n	10007d8c <low_priority_worker_irq+0x48>
10007dee:	46c0      	nop			@ (mov r8, r8)
10007df0:	20002240 	.word	0x20002240
10007df4:	20002218 	.word	0x20002218
10007df8:	200023e7 	.word	0x200023e7
10007dfc:	20001d88 	.word	0x20001d88
10007e00:	20001d8c 	.word	0x20001d8c
10007e04:	7fffffff 	.word	0x7fffffff
10007e08:	10007b09 	.word	0x10007b09

10007e0c <stdio_usb_init>:
10007e0c:	23d0      	movs	r3, #208	@ 0xd0
10007e0e:	b510      	push	{r4, lr}
10007e10:	061b      	lsls	r3, r3, #24
10007e12:	b084      	sub	sp, #16
10007e14:	681c      	ldr	r4, [r3, #0]
10007e16:	f7fc fac1 	bl	1000439c <alarm_pool_get_default>
10007e1a:	f7fc fbbd 	bl	10004598 <alarm_pool_core_num>
10007e1e:	42a0      	cmp	r0, r4
10007e20:	d002      	beq.n	10007e28 <stdio_usb_init+0x1c>
10007e22:	2000      	movs	r0, #0
10007e24:	b004      	add	sp, #16
10007e26:	bd10      	pop	{r4, pc}
10007e28:	4b29      	ldr	r3, [pc, #164]	@ (10007ed0 <stdio_usb_init+0xc4>)
10007e2a:	2100      	movs	r1, #0
10007e2c:	2000      	movs	r0, #0
10007e2e:	781b      	ldrb	r3, [r3, #0]
10007e30:	f001 fd5e 	bl	100098f0 <tusb_rhport_init>
10007e34:	4827      	ldr	r0, [pc, #156]	@ (10007ed4 <stdio_usb_init+0xc8>)
10007e36:	6803      	ldr	r3, [r0, #0]
10007e38:	2b00      	cmp	r3, #0
10007e3a:	d045      	beq.n	10007ec8 <stdio_usb_init+0xbc>
10007e3c:	2001      	movs	r0, #1
10007e3e:	f7fc f83f 	bl	10003ec0 <user_irq_claim_unused>
10007e42:	23ff      	movs	r3, #255	@ 0xff
10007e44:	4c24      	ldr	r4, [pc, #144]	@ (10007ed8 <stdio_usb_init+0xcc>)
10007e46:	4925      	ldr	r1, [pc, #148]	@ (10007edc <stdio_usb_init+0xd0>)
10007e48:	7020      	strb	r0, [r4, #0]
10007e4a:	4018      	ands	r0, r3
10007e4c:	f7fb feba 	bl	10003bc4 <irq_set_exclusive_handler>
10007e50:	7820      	ldrb	r0, [r4, #0]
10007e52:	2101      	movs	r1, #1
10007e54:	f7fb fe7e 	bl	10003b54 <irq_set_enabled>
10007e58:	2005      	movs	r0, #5
10007e5a:	f7fb fea1 	bl	10003ba0 <irq_has_shared_handler>
10007e5e:	2800      	cmp	r0, #0
10007e60:	d124      	bne.n	10007eac <stdio_usb_init+0xa0>
10007e62:	2208      	movs	r2, #8
10007e64:	2100      	movs	r1, #0
10007e66:	481e      	ldr	r0, [pc, #120]	@ (10007ee0 <stdio_usb_init+0xd4>)
10007e68:	f7fd fed2 	bl	10005c10 <__wrap_memset>
10007e6c:	f7fc fa96 	bl	1000439c <alarm_pool_get_default>
10007e70:	0004      	movs	r4, r0
10007e72:	f7fc fca9 	bl	100047c8 <time_us_64>
10007e76:	22fa      	movs	r2, #250	@ 0xfa
10007e78:	2300      	movs	r3, #0
10007e7a:	0092      	lsls	r2, r2, #2
10007e7c:	1812      	adds	r2, r2, r0
10007e7e:	414b      	adcs	r3, r1
10007e80:	2b00      	cmp	r3, #0
10007e82:	da02      	bge.n	10007e8a <stdio_usb_init+0x7e>
10007e84:	2201      	movs	r2, #1
10007e86:	4b17      	ldr	r3, [pc, #92]	@ (10007ee4 <stdio_usb_init+0xd8>)
10007e88:	4252      	negs	r2, r2
10007e8a:	2101      	movs	r1, #1
10007e8c:	9102      	str	r1, [sp, #8]
10007e8e:	2100      	movs	r1, #0
10007e90:	9101      	str	r1, [sp, #4]
10007e92:	4915      	ldr	r1, [pc, #84]	@ (10007ee8 <stdio_usb_init+0xdc>)
10007e94:	0020      	movs	r0, r4
10007e96:	9100      	str	r1, [sp, #0]
10007e98:	f7fc fa84 	bl	100043a4 <alarm_pool_add_alarm_at>
10007e9c:	2800      	cmp	r0, #0
10007e9e:	dbc0      	blt.n	10007e22 <stdio_usb_init+0x16>
10007ea0:	4812      	ldr	r0, [pc, #72]	@ (10007eec <stdio_usb_init+0xe0>)
10007ea2:	2101      	movs	r1, #1
10007ea4:	f7ff fc66 	bl	10007774 <stdio_set_driver_enabled>
10007ea8:	2001      	movs	r0, #1
10007eaa:	e7bb      	b.n	10007e24 <stdio_usb_init+0x18>
10007eac:	2001      	movs	r0, #1
10007eae:	f7fb fe1f 	bl	10003af0 <spin_lock_claim_unused>
10007eb2:	4b0b      	ldr	r3, [pc, #44]	@ (10007ee0 <stdio_usb_init+0xd4>)
10007eb4:	0001      	movs	r1, r0
10007eb6:	0018      	movs	r0, r3
10007eb8:	f7fc f864 	bl	10003f84 <critical_section_init_with_lock_num>
10007ebc:	2200      	movs	r2, #0
10007ebe:	2005      	movs	r0, #5
10007ec0:	490b      	ldr	r1, [pc, #44]	@ (10007ef0 <stdio_usb_init+0xe4>)
10007ec2:	f7fb fea9 	bl	10003c18 <irq_add_shared_handler>
10007ec6:	e7eb      	b.n	10007ea0 <stdio_usb_init+0x94>
10007ec8:	f7fc f840 	bl	10003f4c <mutex_init>
10007ecc:	e7b6      	b.n	10007e3c <stdio_usb_init+0x30>
10007ece:	46c0      	nop			@ (mov r8, r8)
10007ed0:	1000aed0 	.word	0x1000aed0
10007ed4:	20002240 	.word	0x20002240
10007ed8:	200023e6 	.word	0x200023e6
10007edc:	10007d45 	.word	0x10007d45
10007ee0:	20002218 	.word	0x20002218
10007ee4:	7fffffff 	.word	0x7fffffff
10007ee8:	10007b09 	.word	0x10007b09
10007eec:	20001320 	.word	0x20001320
10007ef0:	10007af9 	.word	0x10007af9

10007ef4 <tud_descriptor_device_cb>:
10007ef4:	4800      	ldr	r0, [pc, #0]	@ (10007ef8 <tud_descriptor_device_cb+0x4>)
10007ef6:	4770      	bx	lr
10007ef8:	1000adb8 	.word	0x1000adb8

10007efc <tud_descriptor_configuration_cb>:
10007efc:	4800      	ldr	r0, [pc, #0]	@ (10007f00 <tud_descriptor_configuration_cb+0x4>)
10007efe:	4770      	bx	lr
10007f00:	1000ad64 	.word	0x1000ad64

10007f04 <tud_descriptor_string_cb>:
10007f04:	b510      	push	{r4, lr}
10007f06:	0004      	movs	r4, r0
10007f08:	4817      	ldr	r0, [pc, #92]	@ (10007f68 <tud_descriptor_string_cb+0x64>)
10007f0a:	7803      	ldrb	r3, [r0, #0]
10007f0c:	2b00      	cmp	r3, #0
10007f0e:	d020      	beq.n	10007f52 <tud_descriptor_string_cb+0x4e>
10007f10:	2c00      	cmp	r4, #0
10007f12:	d106      	bne.n	10007f22 <tud_descriptor_string_cb+0x1e>
10007f14:	4b15      	ldr	r3, [pc, #84]	@ (10007f6c <tud_descriptor_string_cb+0x68>)
10007f16:	4816      	ldr	r0, [pc, #88]	@ (10007f70 <tud_descriptor_string_cb+0x6c>)
10007f18:	8043      	strh	r3, [r0, #2]
10007f1a:	3b06      	subs	r3, #6
10007f1c:	3bff      	subs	r3, #255	@ 0xff
10007f1e:	8003      	strh	r3, [r0, #0]
10007f20:	bd10      	pop	{r4, pc}
10007f22:	2c05      	cmp	r4, #5
10007f24:	d81d      	bhi.n	10007f62 <tud_descriptor_string_cb+0x5e>
10007f26:	4b13      	ldr	r3, [pc, #76]	@ (10007f74 <tud_descriptor_string_cb+0x70>)
10007f28:	00a4      	lsls	r4, r4, #2
10007f2a:	58e0      	ldr	r0, [r4, r3]
10007f2c:	4912      	ldr	r1, [pc, #72]	@ (10007f78 <tud_descriptor_string_cb+0x74>)
10007f2e:	2301      	movs	r3, #1
10007f30:	3801      	subs	r0, #1
10007f32:	e004      	b.n	10007f3e <tud_descriptor_string_cb+0x3a>
10007f34:	3301      	adds	r3, #1
10007f36:	800a      	strh	r2, [r1, #0]
10007f38:	3102      	adds	r1, #2
10007f3a:	2b14      	cmp	r3, #20
10007f3c:	d00d      	beq.n	10007f5a <tud_descriptor_string_cb+0x56>
10007f3e:	5cc2      	ldrb	r2, [r0, r3]
10007f40:	2a00      	cmp	r2, #0
10007f42:	d1f7      	bne.n	10007f34 <tud_descriptor_string_cb+0x30>
10007f44:	22c0      	movs	r2, #192	@ 0xc0
10007f46:	b2db      	uxtb	r3, r3
10007f48:	005b      	lsls	r3, r3, #1
10007f4a:	0092      	lsls	r2, r2, #2
10007f4c:	4808      	ldr	r0, [pc, #32]	@ (10007f70 <tud_descriptor_string_cb+0x6c>)
10007f4e:	4313      	orrs	r3, r2
10007f50:	e7e5      	b.n	10007f1e <tud_descriptor_string_cb+0x1a>
10007f52:	2111      	movs	r1, #17
10007f54:	f000 f81a 	bl	10007f8c <pico_get_unique_board_id_string>
10007f58:	e7da      	b.n	10007f10 <tud_descriptor_string_cb+0xc>
10007f5a:	23ca      	movs	r3, #202	@ 0xca
10007f5c:	4804      	ldr	r0, [pc, #16]	@ (10007f70 <tud_descriptor_string_cb+0x6c>)
10007f5e:	009b      	lsls	r3, r3, #2
10007f60:	e7dd      	b.n	10007f1e <tud_descriptor_string_cb+0x1a>
10007f62:	2000      	movs	r0, #0
10007f64:	e7dc      	b.n	10007f20 <tud_descriptor_string_cb+0x1c>
10007f66:	46c0      	nop			@ (mov r8, r8)
10007f68:	20002248 	.word	0x20002248
10007f6c:	00000409 	.word	0x00000409
10007f70:	20001dc0 	.word	0x20001dc0
10007f74:	1000ad4c 	.word	0x1000ad4c
10007f78:	20001dc2 	.word	0x20001dc2

10007f7c <_retrieve_unique_id_on_boot>:
10007f7c:	b510      	push	{r4, lr}
10007f7e:	4802      	ldr	r0, [pc, #8]	@ (10007f88 <_retrieve_unique_id_on_boot+0xc>)
10007f80:	f000 f8d8 	bl	10008134 <flash_get_unique_id>
10007f84:	bd10      	pop	{r4, pc}
10007f86:	46c0      	nop			@ (mov r8, r8)
10007f88:	20002230 	.word	0x20002230

10007f8c <pico_get_unique_board_id_string>:
10007f8c:	b530      	push	{r4, r5, lr}
10007f8e:	1e4b      	subs	r3, r1, #1
10007f90:	2901      	cmp	r1, #1
10007f92:	d100      	bne.n	10007f96 <pico_get_unique_board_id_string+0xa>
10007f94:	e0a7      	b.n	100080e6 <pico_get_unique_board_id_string+0x15a>
10007f96:	4a66      	ldr	r2, [pc, #408]	@ (10008130 <pico_get_unique_board_id_string+0x1a4>)
10007f98:	7811      	ldrb	r1, [r2, #0]
10007f9a:	090d      	lsrs	r5, r1, #4
10007f9c:	002c      	movs	r4, r5
10007f9e:	3430      	adds	r4, #48	@ 0x30
10007fa0:	299f      	cmp	r1, #159	@ 0x9f
10007fa2:	d900      	bls.n	10007fa6 <pico_get_unique_board_id_string+0x1a>
10007fa4:	e0a2      	b.n	100080ec <pico_get_unique_board_id_string+0x160>
10007fa6:	7004      	strb	r4, [r0, #0]
10007fa8:	2b01      	cmp	r3, #1
10007faa:	d100      	bne.n	10007fae <pico_get_unique_board_id_string+0x22>
10007fac:	e0be      	b.n	1000812c <pico_get_unique_board_id_string+0x1a0>
10007fae:	210f      	movs	r1, #15
10007fb0:	7814      	ldrb	r4, [r2, #0]
10007fb2:	4021      	ands	r1, r4
10007fb4:	000c      	movs	r4, r1
10007fb6:	3430      	adds	r4, #48	@ 0x30
10007fb8:	2909      	cmp	r1, #9
10007fba:	d900      	bls.n	10007fbe <pico_get_unique_board_id_string+0x32>
10007fbc:	e098      	b.n	100080f0 <pico_get_unique_board_id_string+0x164>
10007fbe:	7044      	strb	r4, [r0, #1]
10007fc0:	2b02      	cmp	r3, #2
10007fc2:	d100      	bne.n	10007fc6 <pico_get_unique_board_id_string+0x3a>
10007fc4:	e0b2      	b.n	1000812c <pico_get_unique_board_id_string+0x1a0>
10007fc6:	7854      	ldrb	r4, [r2, #1]
10007fc8:	0925      	lsrs	r5, r4, #4
10007fca:	0029      	movs	r1, r5
10007fcc:	3130      	adds	r1, #48	@ 0x30
10007fce:	2c9f      	cmp	r4, #159	@ 0x9f
10007fd0:	d900      	bls.n	10007fd4 <pico_get_unique_board_id_string+0x48>
10007fd2:	e090      	b.n	100080f6 <pico_get_unique_board_id_string+0x16a>
10007fd4:	7081      	strb	r1, [r0, #2]
10007fd6:	2b03      	cmp	r3, #3
10007fd8:	d100      	bne.n	10007fdc <pico_get_unique_board_id_string+0x50>
10007fda:	e0a7      	b.n	1000812c <pico_get_unique_board_id_string+0x1a0>
10007fdc:	210f      	movs	r1, #15
10007fde:	4021      	ands	r1, r4
10007fe0:	000c      	movs	r4, r1
10007fe2:	3430      	adds	r4, #48	@ 0x30
10007fe4:	2909      	cmp	r1, #9
10007fe6:	d900      	bls.n	10007fea <pico_get_unique_board_id_string+0x5e>
10007fe8:	e087      	b.n	100080fa <pico_get_unique_board_id_string+0x16e>
10007fea:	70c4      	strb	r4, [r0, #3]
10007fec:	2b04      	cmp	r3, #4
10007fee:	d100      	bne.n	10007ff2 <pico_get_unique_board_id_string+0x66>
10007ff0:	e09c      	b.n	1000812c <pico_get_unique_board_id_string+0x1a0>
10007ff2:	7894      	ldrb	r4, [r2, #2]
10007ff4:	0925      	lsrs	r5, r4, #4
10007ff6:	0029      	movs	r1, r5
10007ff8:	3130      	adds	r1, #48	@ 0x30
10007ffa:	2c9f      	cmp	r4, #159	@ 0x9f
10007ffc:	d900      	bls.n	10008000 <pico_get_unique_board_id_string+0x74>
10007ffe:	e07f      	b.n	10008100 <pico_get_unique_board_id_string+0x174>
10008000:	7101      	strb	r1, [r0, #4]
10008002:	2b05      	cmp	r3, #5
10008004:	d100      	bne.n	10008008 <pico_get_unique_board_id_string+0x7c>
10008006:	e091      	b.n	1000812c <pico_get_unique_board_id_string+0x1a0>
10008008:	210f      	movs	r1, #15
1000800a:	4021      	ands	r1, r4
1000800c:	000c      	movs	r4, r1
1000800e:	3430      	adds	r4, #48	@ 0x30
10008010:	2909      	cmp	r1, #9
10008012:	d900      	bls.n	10008016 <pico_get_unique_board_id_string+0x8a>
10008014:	e076      	b.n	10008104 <pico_get_unique_board_id_string+0x178>
10008016:	7144      	strb	r4, [r0, #5]
10008018:	2b06      	cmp	r3, #6
1000801a:	d100      	bne.n	1000801e <pico_get_unique_board_id_string+0x92>
1000801c:	e086      	b.n	1000812c <pico_get_unique_board_id_string+0x1a0>
1000801e:	78d4      	ldrb	r4, [r2, #3]
10008020:	0925      	lsrs	r5, r4, #4
10008022:	0029      	movs	r1, r5
10008024:	3130      	adds	r1, #48	@ 0x30
10008026:	2c9f      	cmp	r4, #159	@ 0x9f
10008028:	d900      	bls.n	1000802c <pico_get_unique_board_id_string+0xa0>
1000802a:	e06e      	b.n	1000810a <pico_get_unique_board_id_string+0x17e>
1000802c:	7181      	strb	r1, [r0, #6]
1000802e:	2b07      	cmp	r3, #7
10008030:	d100      	bne.n	10008034 <pico_get_unique_board_id_string+0xa8>
10008032:	e07b      	b.n	1000812c <pico_get_unique_board_id_string+0x1a0>
10008034:	210f      	movs	r1, #15
10008036:	4021      	ands	r1, r4
10008038:	000c      	movs	r4, r1
1000803a:	3430      	adds	r4, #48	@ 0x30
1000803c:	2909      	cmp	r1, #9
1000803e:	d866      	bhi.n	1000810e <pico_get_unique_board_id_string+0x182>
10008040:	71c4      	strb	r4, [r0, #7]
10008042:	2b08      	cmp	r3, #8
10008044:	d100      	bne.n	10008048 <pico_get_unique_board_id_string+0xbc>
10008046:	e071      	b.n	1000812c <pico_get_unique_board_id_string+0x1a0>
10008048:	7914      	ldrb	r4, [r2, #4]
1000804a:	0925      	lsrs	r5, r4, #4
1000804c:	0029      	movs	r1, r5
1000804e:	3130      	adds	r1, #48	@ 0x30
10008050:	2c9f      	cmp	r4, #159	@ 0x9f
10008052:	d85f      	bhi.n	10008114 <pico_get_unique_board_id_string+0x188>
10008054:	7201      	strb	r1, [r0, #8]
10008056:	2b09      	cmp	r3, #9
10008058:	d068      	beq.n	1000812c <pico_get_unique_board_id_string+0x1a0>
1000805a:	210f      	movs	r1, #15
1000805c:	4021      	ands	r1, r4
1000805e:	000c      	movs	r4, r1
10008060:	3430      	adds	r4, #48	@ 0x30
10008062:	2909      	cmp	r1, #9
10008064:	d858      	bhi.n	10008118 <pico_get_unique_board_id_string+0x18c>
10008066:	7244      	strb	r4, [r0, #9]
10008068:	2b0a      	cmp	r3, #10
1000806a:	d05f      	beq.n	1000812c <pico_get_unique_board_id_string+0x1a0>
1000806c:	7954      	ldrb	r4, [r2, #5]
1000806e:	0925      	lsrs	r5, r4, #4
10008070:	0029      	movs	r1, r5
10008072:	3130      	adds	r1, #48	@ 0x30
10008074:	2c9f      	cmp	r4, #159	@ 0x9f
10008076:	d852      	bhi.n	1000811e <pico_get_unique_board_id_string+0x192>
10008078:	7281      	strb	r1, [r0, #10]
1000807a:	2b0b      	cmp	r3, #11
1000807c:	d056      	beq.n	1000812c <pico_get_unique_board_id_string+0x1a0>
1000807e:	210f      	movs	r1, #15
10008080:	4021      	ands	r1, r4
10008082:	000c      	movs	r4, r1
10008084:	3430      	adds	r4, #48	@ 0x30
10008086:	2909      	cmp	r1, #9
10008088:	d84b      	bhi.n	10008122 <pico_get_unique_board_id_string+0x196>
1000808a:	72c4      	strb	r4, [r0, #11]
1000808c:	2b0c      	cmp	r3, #12
1000808e:	d04d      	beq.n	1000812c <pico_get_unique_board_id_string+0x1a0>
10008090:	7994      	ldrb	r4, [r2, #6]
10008092:	0925      	lsrs	r5, r4, #4
10008094:	0029      	movs	r1, r5
10008096:	3130      	adds	r1, #48	@ 0x30
10008098:	2c9f      	cmp	r4, #159	@ 0x9f
1000809a:	d900      	bls.n	1000809e <pico_get_unique_board_id_string+0x112>
1000809c:	3107      	adds	r1, #7
1000809e:	7301      	strb	r1, [r0, #12]
100080a0:	2b0d      	cmp	r3, #13
100080a2:	d043      	beq.n	1000812c <pico_get_unique_board_id_string+0x1a0>
100080a4:	210f      	movs	r1, #15
100080a6:	4021      	ands	r1, r4
100080a8:	000c      	movs	r4, r1
100080aa:	3430      	adds	r4, #48	@ 0x30
100080ac:	2909      	cmp	r1, #9
100080ae:	d901      	bls.n	100080b4 <pico_get_unique_board_id_string+0x128>
100080b0:	3137      	adds	r1, #55	@ 0x37
100080b2:	000c      	movs	r4, r1
100080b4:	7344      	strb	r4, [r0, #13]
100080b6:	2b0e      	cmp	r3, #14
100080b8:	d038      	beq.n	1000812c <pico_get_unique_board_id_string+0x1a0>
100080ba:	79d1      	ldrb	r1, [r2, #7]
100080bc:	090c      	lsrs	r4, r1, #4
100080be:	0022      	movs	r2, r4
100080c0:	3230      	adds	r2, #48	@ 0x30
100080c2:	299f      	cmp	r1, #159	@ 0x9f
100080c4:	d900      	bls.n	100080c8 <pico_get_unique_board_id_string+0x13c>
100080c6:	3207      	adds	r2, #7
100080c8:	7382      	strb	r2, [r0, #14]
100080ca:	2b0f      	cmp	r3, #15
100080cc:	d02e      	beq.n	1000812c <pico_get_unique_board_id_string+0x1a0>
100080ce:	220f      	movs	r2, #15
100080d0:	400a      	ands	r2, r1
100080d2:	0011      	movs	r1, r2
100080d4:	3137      	adds	r1, #55	@ 0x37
100080d6:	2a09      	cmp	r2, #9
100080d8:	d801      	bhi.n	100080de <pico_get_unique_board_id_string+0x152>
100080da:	3230      	adds	r2, #48	@ 0x30
100080dc:	0011      	movs	r1, r2
100080de:	73c1      	strb	r1, [r0, #15]
100080e0:	2b10      	cmp	r3, #16
100080e2:	d023      	beq.n	1000812c <pico_get_unique_board_id_string+0x1a0>
100080e4:	3010      	adds	r0, #16
100080e6:	2300      	movs	r3, #0
100080e8:	7003      	strb	r3, [r0, #0]
100080ea:	bd30      	pop	{r4, r5, pc}
100080ec:	3407      	adds	r4, #7
100080ee:	e75a      	b.n	10007fa6 <pico_get_unique_board_id_string+0x1a>
100080f0:	3137      	adds	r1, #55	@ 0x37
100080f2:	000c      	movs	r4, r1
100080f4:	e763      	b.n	10007fbe <pico_get_unique_board_id_string+0x32>
100080f6:	3107      	adds	r1, #7
100080f8:	e76c      	b.n	10007fd4 <pico_get_unique_board_id_string+0x48>
100080fa:	3137      	adds	r1, #55	@ 0x37
100080fc:	000c      	movs	r4, r1
100080fe:	e774      	b.n	10007fea <pico_get_unique_board_id_string+0x5e>
10008100:	3107      	adds	r1, #7
10008102:	e77d      	b.n	10008000 <pico_get_unique_board_id_string+0x74>
10008104:	3137      	adds	r1, #55	@ 0x37
10008106:	000c      	movs	r4, r1
10008108:	e785      	b.n	10008016 <pico_get_unique_board_id_string+0x8a>
1000810a:	3107      	adds	r1, #7
1000810c:	e78e      	b.n	1000802c <pico_get_unique_board_id_string+0xa0>
1000810e:	3137      	adds	r1, #55	@ 0x37
10008110:	000c      	movs	r4, r1
10008112:	e795      	b.n	10008040 <pico_get_unique_board_id_string+0xb4>
10008114:	3107      	adds	r1, #7
10008116:	e79d      	b.n	10008054 <pico_get_unique_board_id_string+0xc8>
10008118:	3137      	adds	r1, #55	@ 0x37
1000811a:	000c      	movs	r4, r1
1000811c:	e7a3      	b.n	10008066 <pico_get_unique_board_id_string+0xda>
1000811e:	3107      	adds	r1, #7
10008120:	e7aa      	b.n	10008078 <pico_get_unique_board_id_string+0xec>
10008122:	3137      	adds	r1, #55	@ 0x37
10008124:	000c      	movs	r4, r1
10008126:	72c4      	strb	r4, [r0, #11]
10008128:	2b0c      	cmp	r3, #12
1000812a:	d1b1      	bne.n	10008090 <pico_get_unique_board_id_string+0x104>
1000812c:	18c0      	adds	r0, r0, r3
1000812e:	e7da      	b.n	100080e6 <pico_get_unique_board_id_string+0x15a>
10008130:	20002230 	.word	0x20002230

10008134 <flash_get_unique_id>:
10008134:	b510      	push	{r4, lr}
10008136:	b088      	sub	sp, #32
10008138:	0004      	movs	r4, r0
1000813a:	220d      	movs	r2, #13
1000813c:	2100      	movs	r1, #0
1000813e:	4668      	mov	r0, sp
10008140:	f7fd fd66 	bl	10005c10 <__wrap_memset>
10008144:	220d      	movs	r2, #13
10008146:	2100      	movs	r1, #0
10008148:	a804      	add	r0, sp, #16
1000814a:	f7fd fd61 	bl	10005c10 <__wrap_memset>
1000814e:	234b      	movs	r3, #75	@ 0x4b
10008150:	466a      	mov	r2, sp
10008152:	4668      	mov	r0, sp
10008154:	7013      	strb	r3, [r2, #0]
10008156:	a904      	add	r1, sp, #16
10008158:	220d      	movs	r2, #13
1000815a:	f002 fa31 	bl	1000a5c0 <__flash_do_cmd_veneer>
1000815e:	2115      	movs	r1, #21
10008160:	2208      	movs	r2, #8
10008162:	0020      	movs	r0, r4
10008164:	4469      	add	r1, sp
10008166:	f7fd fd59 	bl	10005c1c <__wrap___aeabi_memcpy>
1000816a:	b008      	add	sp, #32
1000816c:	bd10      	pop	{r4, pc}
1000816e:	46c0      	nop			@ (mov r8, r8)

10008170 <dcd_init>:
10008170:	b5f8      	push	{r3, r4, r5, r6, r7, lr}
10008172:	f000 f947 	bl	10008404 <rp2040_usb_init>
10008176:	230c      	movs	r3, #12
10008178:	4d19      	ldr	r5, [pc, #100]	@ (100081e0 <dcd_init+0x70>)
1000817a:	22ff      	movs	r2, #255	@ 0xff
1000817c:	67ab      	str	r3, [r5, #120]	@ 0x78
1000817e:	2005      	movs	r0, #5
10008180:	4918      	ldr	r1, [pc, #96]	@ (100081e4 <dcd_init+0x74>)
10008182:	f7fb fd49 	bl	10003c18 <irq_add_shared_handler>
10008186:	4c18      	ldr	r4, [pc, #96]	@ (100081e8 <dcd_init+0x78>)
10008188:	2240      	movs	r2, #64	@ 0x40
1000818a:	2100      	movs	r1, #0
1000818c:	0020      	movs	r0, r4
1000818e:	f7fd fd3f 	bl	10005c10 <__wrap_memset>
10008192:	2740      	movs	r7, #64	@ 0x40
10008194:	2300      	movs	r3, #0
10008196:	2601      	movs	r6, #1
10008198:	2121      	movs	r1, #33	@ 0x21
1000819a:	4a14      	ldr	r2, [pc, #80]	@ (100081ec <dcd_init+0x7c>)
1000819c:	7066      	strb	r6, [r4, #1]
1000819e:	8327      	strh	r7, [r4, #24]
100081a0:	60a2      	str	r2, [r4, #8]
100081a2:	6013      	str	r3, [r2, #0]
100081a4:	5463      	strb	r3, [r4, r1]
100081a6:	315f      	adds	r1, #95	@ 0x5f
100081a8:	8461      	strh	r1, [r4, #34]	@ 0x22
100081aa:	3945      	subs	r1, #69	@ 0x45
100081ac:	5463      	strb	r3, [r4, r1]
100081ae:	4a10      	ldr	r2, [pc, #64]	@ (100081f0 <dcd_init+0x80>)
100081b0:	4910      	ldr	r1, [pc, #64]	@ (100081f4 <dcd_init+0x84>)
100081b2:	6063      	str	r3, [r4, #4]
100081b4:	60e2      	str	r2, [r4, #12]
100081b6:	8727      	strh	r7, [r4, #56]	@ 0x38
100081b8:	62a1      	str	r1, [r4, #40]	@ 0x28
100081ba:	600b      	str	r3, [r1, #0]
100081bc:	6263      	str	r3, [r4, #36]	@ 0x24
100081be:	62e2      	str	r2, [r4, #44]	@ 0x2c
100081c0:	f002 f9f6 	bl	1000a5b0 <__reset_non_control_endpoints_veneer>
100081c4:	2380      	movs	r3, #128	@ 0x80
100081c6:	059b      	lsls	r3, r3, #22
100081c8:	642e      	str	r6, [r5, #64]	@ 0x40
100081ca:	64eb      	str	r3, [r5, #76]	@ 0x4c
100081cc:	2390      	movs	r3, #144	@ 0x90
100081ce:	4a0a      	ldr	r2, [pc, #40]	@ (100081f8 <dcd_init+0x88>)
100081d0:	2001      	movs	r0, #1
100081d2:	50ea      	str	r2, [r5, r3]
100081d4:	2280      	movs	r2, #128	@ 0x80
100081d6:	4b09      	ldr	r3, [pc, #36]	@ (100081fc <dcd_init+0x8c>)
100081d8:	0252      	lsls	r2, r2, #9
100081da:	64da      	str	r2, [r3, #76]	@ 0x4c
100081dc:	bdf8      	pop	{r3, r4, r5, r6, r7, pc}
100081de:	46c0      	nop			@ (mov r8, r8)
100081e0:	50110000 	.word	0x50110000
100081e4:	20000545 	.word	0x20000545
100081e8:	20001df4 	.word	0x20001df4
100081ec:	50100084 	.word	0x50100084
100081f0:	50100100 	.word	0x50100100
100081f4:	50100080 	.word	0x50100080
100081f8:	0001d010 	.word	0x0001d010
100081fc:	50112000 	.word	0x50112000

10008200 <dcd_int_enable>:
10008200:	b510      	push	{r4, lr}
10008202:	2101      	movs	r1, #1
10008204:	2005      	movs	r0, #5
10008206:	f7fb fca5 	bl	10003b54 <irq_set_enabled>
1000820a:	bd10      	pop	{r4, pc}

1000820c <dcd_set_address>:
1000820c:	b510      	push	{r4, lr}
1000820e:	2200      	movs	r2, #0
10008210:	2100      	movs	r1, #0
10008212:	4802      	ldr	r0, [pc, #8]	@ (1000821c <dcd_set_address+0x10>)
10008214:	f000 f916 	bl	10008444 <hw_endpoint_xfer_start>
10008218:	bd10      	pop	{r4, pc}
1000821a:	46c0      	nop			@ (mov r8, r8)
1000821c:	20001e14 	.word	0x20001e14

10008220 <dcd_sof_enable>:
10008220:	4b04      	ldr	r3, [pc, #16]	@ (10008234 <dcd_sof_enable+0x14>)
10008222:	7019      	strb	r1, [r3, #0]
10008224:	2900      	cmp	r1, #0
10008226:	d004      	beq.n	10008232 <dcd_sof_enable+0x12>
10008228:	2180      	movs	r1, #128	@ 0x80
1000822a:	2390      	movs	r3, #144	@ 0x90
1000822c:	4a02      	ldr	r2, [pc, #8]	@ (10008238 <dcd_sof_enable+0x18>)
1000822e:	0289      	lsls	r1, r1, #10
10008230:	50d1      	str	r1, [r2, r3]
10008232:	4770      	bx	lr
10008234:	200023e1 	.word	0x200023e1
10008238:	50112000 	.word	0x50112000

1000823c <dcd_edpt0_status_complete>:
1000823c:	780b      	ldrb	r3, [r1, #0]
1000823e:	065b      	lsls	r3, r3, #25
10008240:	d102      	bne.n	10008248 <dcd_edpt0_status_complete+0xc>
10008242:	784b      	ldrb	r3, [r1, #1]
10008244:	2b05      	cmp	r3, #5
10008246:	d000      	beq.n	1000824a <dcd_edpt0_status_complete+0xe>
10008248:	4770      	bx	lr
1000824a:	788a      	ldrb	r2, [r1, #2]
1000824c:	4b01      	ldr	r3, [pc, #4]	@ (10008254 <dcd_edpt0_status_complete+0x18>)
1000824e:	601a      	str	r2, [r3, #0]
10008250:	e7fa      	b.n	10008248 <dcd_edpt0_status_complete+0xc>
10008252:	46c0      	nop			@ (mov r8, r8)
10008254:	50110000 	.word	0x50110000

10008258 <dcd_edpt_open>:
10008258:	b5f0      	push	{r4, r5, r6, r7, lr}
1000825a:	46c6      	mov	lr, r8
1000825c:	78c8      	ldrb	r0, [r1, #3]
1000825e:	b500      	push	{lr}
10008260:	0780      	lsls	r0, r0, #30
10008262:	0f83      	lsrs	r3, r0, #30
10008264:	0018      	movs	r0, r3
10008266:	2b01      	cmp	r3, #1
10008268:	d060      	beq.n	1000832c <dcd_edpt_open+0xd4>
1000826a:	788f      	ldrb	r7, [r1, #2]
1000826c:	790a      	ldrb	r2, [r1, #4]
1000826e:	794b      	ldrb	r3, [r1, #5]
10008270:	217f      	movs	r1, #127	@ 0x7f
10008272:	4039      	ands	r1, r7
10008274:	09fc      	lsrs	r4, r7, #7
10008276:	021b      	lsls	r3, r3, #8
10008278:	004e      	lsls	r6, r1, #1
1000827a:	4313      	orrs	r3, r2
1000827c:	4d33      	ldr	r5, [pc, #204]	@ (1000834c <dcd_edpt_open+0xf4>)
1000827e:	1932      	adds	r2, r6, r4
10008280:	0152      	lsls	r2, r2, #5
10008282:	18aa      	adds	r2, r5, r2
10008284:	7097      	strb	r7, [r2, #2]
10008286:	2701      	movs	r7, #1
10008288:	4067      	eors	r7, r4
1000828a:	7057      	strb	r7, [r2, #1]
1000828c:	2700      	movs	r7, #0
1000828e:	055b      	lsls	r3, r3, #21
10008290:	0d5b      	lsrs	r3, r3, #21
10008292:	70d7      	strb	r7, [r2, #3]
10008294:	8313      	strh	r3, [r2, #24]
10008296:	76d0      	strb	r0, [r2, #27]
10008298:	46b8      	mov	r8, r7
1000829a:	00ca      	lsls	r2, r1, #3
1000829c:	2c01      	cmp	r4, #1
1000829e:	d032      	beq.n	10008306 <dcd_edpt_open+0xae>
100082a0:	4f2b      	ldr	r7, [pc, #172]	@ (10008350 <dcd_edpt_open+0xf8>)
100082a2:	46bc      	mov	ip, r7
100082a4:	018f      	lsls	r7, r1, #6
100082a6:	4462      	add	r2, ip
100082a8:	46bc      	mov	ip, r7
100082aa:	44ac      	add	ip, r5
100082ac:	4667      	mov	r7, ip
100082ae:	60ba      	str	r2, [r7, #8]
100082b0:	4647      	mov	r7, r8
100082b2:	6017      	str	r7, [r2, #0]
100082b4:	2900      	cmp	r1, #0
100082b6:	d032      	beq.n	1000831e <dcd_edpt_open+0xc6>
100082b8:	4a26      	ldr	r2, [pc, #152]	@ (10008354 <dcd_edpt_open+0xfc>)
100082ba:	00c9      	lsls	r1, r1, #3
100082bc:	4690      	mov	r8, r2
100082be:	4662      	mov	r2, ip
100082c0:	4441      	add	r1, r8
100082c2:	6051      	str	r1, [r2, #4]
100082c4:	223f      	movs	r2, #63	@ 0x3f
100082c6:	333f      	adds	r3, #63	@ 0x3f
100082c8:	4393      	bics	r3, r2
100082ca:	2802      	cmp	r0, #2
100082cc:	d037      	beq.n	1000833e <dcd_edpt_open+0xe6>
100082ce:	4922      	ldr	r1, [pc, #136]	@ (10008358 <dcd_edpt_open+0x100>)
100082d0:	1937      	adds	r7, r6, r4
100082d2:	680a      	ldr	r2, [r1, #0]
100082d4:	017f      	lsls	r7, r7, #5
100082d6:	18d3      	adds	r3, r2, r3
100082d8:	600b      	str	r3, [r1, #0]
100082da:	4920      	ldr	r1, [pc, #128]	@ (1000835c <dcd_edpt_open+0x104>)
100082dc:	19ef      	adds	r7, r5, r7
100082de:	60fa      	str	r2, [r7, #12]
100082e0:	428b      	cmp	r3, r1
100082e2:	d82e      	bhi.n	10008342 <dcd_edpt_open+0xea>
100082e4:	1936      	adds	r6, r6, r4
100082e6:	0176      	lsls	r6, r6, #5
100082e8:	19ad      	adds	r5, r5, r6
100082ea:	7eeb      	ldrb	r3, [r5, #27]
100082ec:	491c      	ldr	r1, [pc, #112]	@ (10008360 <dcd_edpt_open+0x108>)
100082ee:	069b      	lsls	r3, r3, #26
100082f0:	404a      	eors	r2, r1
100082f2:	4313      	orrs	r3, r2
100082f4:	2280      	movs	r2, #128	@ 0x80
100082f6:	0612      	lsls	r2, r2, #24
100082f8:	4313      	orrs	r3, r2
100082fa:	686a      	ldr	r2, [r5, #4]
100082fc:	6013      	str	r3, [r2, #0]
100082fe:	2001      	movs	r0, #1
10008300:	bc80      	pop	{r7}
10008302:	46b8      	mov	r8, r7
10008304:	bdf0      	pop	{r4, r5, r6, r7, pc}
10008306:	4f17      	ldr	r7, [pc, #92]	@ (10008364 <dcd_edpt_open+0x10c>)
10008308:	46bc      	mov	ip, r7
1000830a:	018f      	lsls	r7, r1, #6
1000830c:	4462      	add	r2, ip
1000830e:	46bc      	mov	ip, r7
10008310:	44ac      	add	ip, r5
10008312:	4667      	mov	r7, ip
10008314:	62ba      	str	r2, [r7, #40]	@ 0x28
10008316:	4647      	mov	r7, r8
10008318:	6017      	str	r7, [r2, #0]
1000831a:	2900      	cmp	r1, #0
1000831c:	d108      	bne.n	10008330 <dcd_edpt_open+0xd8>
1000831e:	2300      	movs	r3, #0
10008320:	0164      	lsls	r4, r4, #5
10008322:	192c      	adds	r4, r5, r4
10008324:	6063      	str	r3, [r4, #4]
10008326:	4b10      	ldr	r3, [pc, #64]	@ (10008368 <dcd_edpt_open+0x110>)
10008328:	60e3      	str	r3, [r4, #12]
1000832a:	e7e8      	b.n	100082fe <dcd_edpt_open+0xa6>
1000832c:	2000      	movs	r0, #0
1000832e:	e7e7      	b.n	10008300 <dcd_edpt_open+0xa8>
10008330:	4a0b      	ldr	r2, [pc, #44]	@ (10008360 <dcd_edpt_open+0x108>)
10008332:	00c9      	lsls	r1, r1, #3
10008334:	4690      	mov	r8, r2
10008336:	4662      	mov	r2, ip
10008338:	4441      	add	r1, r8
1000833a:	6251      	str	r1, [r2, #36]	@ 0x24
1000833c:	e7c2      	b.n	100082c4 <dcd_edpt_open+0x6c>
1000833e:	005b      	lsls	r3, r3, #1
10008340:	e7c5      	b.n	100082ce <dcd_edpt_open+0x76>
10008342:	f7fc fc85 	bl	10004c50 <hard_assertion_failure>
10008346:	68fa      	ldr	r2, [r7, #12]
10008348:	e7cc      	b.n	100082e4 <dcd_edpt_open+0x8c>
1000834a:	46c0      	nop			@ (mov r8, r8)
1000834c:	20001df4 	.word	0x20001df4
10008350:	50100084 	.word	0x50100084
10008354:	50100004 	.word	0x50100004
10008358:	200021fc 	.word	0x200021fc
1000835c:	50100fff 	.word	0x50100fff
10008360:	50100000 	.word	0x50100000
10008364:	50100080 	.word	0x50100080
10008368:	50100100 	.word	0x50100100

1000836c <dcd_edpt_close_all>:
1000836c:	b510      	push	{r4, lr}
1000836e:	f002 f91f 	bl	1000a5b0 <__reset_non_control_endpoints_veneer>
10008372:	bd10      	pop	{r4, pc}

10008374 <dcd_edpt_xfer>:
10008374:	b510      	push	{r4, lr}
10008376:	207f      	movs	r0, #127	@ 0x7f
10008378:	000c      	movs	r4, r1
1000837a:	4020      	ands	r0, r4
1000837c:	0040      	lsls	r0, r0, #1
1000837e:	09e4      	lsrs	r4, r4, #7
10008380:	0011      	movs	r1, r2
10008382:	1900      	adds	r0, r0, r4
10008384:	001a      	movs	r2, r3
10008386:	4b03      	ldr	r3, [pc, #12]	@ (10008394 <dcd_edpt_xfer+0x20>)
10008388:	0140      	lsls	r0, r0, #5
1000838a:	18c0      	adds	r0, r0, r3
1000838c:	f000 f85a 	bl	10008444 <hw_endpoint_xfer_start>
10008390:	2001      	movs	r0, #1
10008392:	bd10      	pop	{r4, pc}
10008394:	20001df4 	.word	0x20001df4

10008398 <dcd_edpt_stall>:
10008398:	237f      	movs	r3, #127	@ 0x7f
1000839a:	0018      	movs	r0, r3
1000839c:	b500      	push	{lr}
1000839e:	4008      	ands	r0, r1
100083a0:	b083      	sub	sp, #12
100083a2:	420b      	tst	r3, r1
100083a4:	d104      	bne.n	100083b0 <dcd_edpt_stall+0x18>
100083a6:	424b      	negs	r3, r1
100083a8:	414b      	adcs	r3, r1
100083aa:	4a08      	ldr	r2, [pc, #32]	@ (100083cc <dcd_edpt_stall+0x34>)
100083ac:	3301      	adds	r3, #1
100083ae:	6693      	str	r3, [r2, #104]	@ 0x68
100083b0:	2280      	movs	r2, #128	@ 0x80
100083b2:	09c9      	lsrs	r1, r1, #7
100083b4:	0040      	lsls	r0, r0, #1
100083b6:	4b06      	ldr	r3, [pc, #24]	@ (100083d0 <dcd_edpt_stall+0x38>)
100083b8:	1840      	adds	r0, r0, r1
100083ba:	0140      	lsls	r0, r0, #5
100083bc:	2100      	movs	r1, #0
100083be:	18c0      	adds	r0, r0, r3
100083c0:	0112      	lsls	r2, r2, #4
100083c2:	f002 f94d 	bl	1000a660 <___hw_endpoint_buffer_control_update32_veneer>
100083c6:	b003      	add	sp, #12
100083c8:	bd00      	pop	{pc}
100083ca:	46c0      	nop			@ (mov r8, r8)
100083cc:	50112000 	.word	0x50112000
100083d0:	20001df4 	.word	0x20001df4

100083d4 <dcd_edpt_clear_stall>:
100083d4:	227f      	movs	r2, #127	@ 0x7f
100083d6:	0013      	movs	r3, r2
100083d8:	b510      	push	{r4, lr}
100083da:	400b      	ands	r3, r1
100083dc:	420a      	tst	r2, r1
100083de:	d100      	bne.n	100083e2 <dcd_edpt_clear_stall+0xe>
100083e0:	bd10      	pop	{r4, pc}
100083e2:	09c9      	lsrs	r1, r1, #7
100083e4:	005b      	lsls	r3, r3, #1
100083e6:	185b      	adds	r3, r3, r1
100083e8:	4804      	ldr	r0, [pc, #16]	@ (100083fc <dcd_edpt_clear_stall+0x28>)
100083ea:	015b      	lsls	r3, r3, #5
100083ec:	18c0      	adds	r0, r0, r3
100083ee:	2300      	movs	r3, #0
100083f0:	2200      	movs	r2, #0
100083f2:	4903      	ldr	r1, [pc, #12]	@ (10008400 <dcd_edpt_clear_stall+0x2c>)
100083f4:	70c3      	strb	r3, [r0, #3]
100083f6:	f002 f933 	bl	1000a660 <___hw_endpoint_buffer_control_update32_veneer>
100083fa:	e7f1      	b.n	100083e0 <dcd_edpt_clear_stall+0xc>
100083fc:	20001df4 	.word	0x20001df4
10008400:	fffff7ff 	.word	0xfffff7ff

10008404 <rp2040_usb_init>:
10008404:	2280      	movs	r2, #128	@ 0x80
10008406:	4b0a      	ldr	r3, [pc, #40]	@ (10008430 <rp2040_usb_init+0x2c>)
10008408:	0452      	lsls	r2, r2, #17
1000840a:	b510      	push	{r4, lr}
1000840c:	601a      	str	r2, [r3, #0]
1000840e:	4b09      	ldr	r3, [pc, #36]	@ (10008434 <rp2040_usb_init+0x30>)
10008410:	4909      	ldr	r1, [pc, #36]	@ (10008438 <rp2040_usb_init+0x34>)
10008412:	601a      	str	r2, [r3, #0]
10008414:	0010      	movs	r0, r2
10008416:	680b      	ldr	r3, [r1, #0]
10008418:	4398      	bics	r0, r3
1000841a:	d1fb      	bne.n	10008414 <rp2040_usb_init+0x10>
1000841c:	2280      	movs	r2, #128	@ 0x80
1000841e:	2100      	movs	r1, #0
10008420:	0152      	lsls	r2, r2, #5
10008422:	4806      	ldr	r0, [pc, #24]	@ (1000843c <rp2040_usb_init+0x38>)
10008424:	f7fd fbf4 	bl	10005c10 <__wrap_memset>
10008428:	2209      	movs	r2, #9
1000842a:	4b05      	ldr	r3, [pc, #20]	@ (10008440 <rp2040_usb_init+0x3c>)
1000842c:	675a      	str	r2, [r3, #116]	@ 0x74
1000842e:	bd10      	pop	{r4, pc}
10008430:	4000e000 	.word	0x4000e000
10008434:	4000f000 	.word	0x4000f000
10008438:	4000c008 	.word	0x4000c008
1000843c:	50100000 	.word	0x50100000
10008440:	50110000 	.word	0x50110000

10008444 <hw_endpoint_xfer_start>:
10008444:	2300      	movs	r3, #0
10008446:	b510      	push	{r4, lr}
10008448:	82c3      	strh	r3, [r0, #22]
1000844a:	3301      	adds	r3, #1
1000844c:	8282      	strh	r2, [r0, #20]
1000844e:	7683      	strb	r3, [r0, #26]
10008450:	6101      	str	r1, [r0, #16]
10008452:	0004      	movs	r4, r0
10008454:	f002 f8c4 	bl	1000a5e0 <__e15_is_bulkin_ep_veneer>
10008458:	2800      	cmp	r0, #0
1000845a:	d004      	beq.n	10008466 <hw_endpoint_xfer_start+0x22>
1000845c:	2180      	movs	r1, #128	@ 0x80
1000845e:	2390      	movs	r3, #144	@ 0x90
10008460:	4a07      	ldr	r2, [pc, #28]	@ (10008480 <hw_endpoint_xfer_start+0x3c>)
10008462:	0289      	lsls	r1, r1, #10
10008464:	50d1      	str	r1, [r2, r3]
10008466:	0020      	movs	r0, r4
10008468:	f002 f8ca 	bl	1000a600 <__e15_is_critical_frame_period_veneer>
1000846c:	2800      	cmp	r0, #0
1000846e:	d002      	beq.n	10008476 <hw_endpoint_xfer_start+0x32>
10008470:	2301      	movs	r3, #1
10008472:	7723      	strb	r3, [r4, #28]
10008474:	bd10      	pop	{r4, pc}
10008476:	0020      	movs	r0, r4
10008478:	f002 f8ea 	bl	1000a650 <__hw_endpoint_start_next_buffer_veneer>
1000847c:	e7fa      	b.n	10008474 <hw_endpoint_xfer_start+0x30>
1000847e:	46c0      	nop			@ (mov r8, r8)
10008480:	50112000 	.word	0x50112000

10008484 <tud_event_hook_cb>:
10008484:	4770      	bx	lr
10008486:	46c0      	nop			@ (mov r8, r8)

10008488 <tud_sof_cb>:
10008488:	4770      	bx	lr
1000848a:	46c0      	nop			@ (mov r8, r8)

1000848c <tud_descriptor_device_qualifier_cb>:
1000848c:	2000      	movs	r0, #0
1000848e:	4770      	bx	lr

10008490 <tud_descriptor_other_speed_configuration_cb>:
10008490:	2000      	movs	r0, #0
10008492:	4770      	bx	lr

10008494 <tud_mount_cb>:
10008494:	4770      	bx	lr
10008496:	46c0      	nop			@ (mov r8, r8)

10008498 <tud_umount_cb>:
10008498:	4770      	bx	lr
1000849a:	46c0      	nop			@ (mov r8, r8)

1000849c <tud_suspend_cb>:
1000849c:	4770      	bx	lr
1000849e:	46c0      	nop			@ (mov r8, r8)

100084a0 <tud_resume_cb>:
100084a0:	4770      	bx	lr
100084a2:	46c0      	nop			@ (mov r8, r8)

100084a4 <tud_mounted>:
100084a4:	4b02      	ldr	r3, [pc, #8]	@ (100084b0 <tud_mounted+0xc>)
100084a6:	7858      	ldrb	r0, [r3, #1]
100084a8:	1e43      	subs	r3, r0, #1
100084aa:	4198      	sbcs	r0, r3
100084ac:	b2c0      	uxtb	r0, r0
100084ae:	4770      	bx	lr
100084b0:	200018a0 	.word	0x200018a0

100084b4 <tud_suspended>:
100084b4:	4b02      	ldr	r3, [pc, #8]	@ (100084c0 <tud_suspended+0xc>)
100084b6:	7818      	ldrb	r0, [r3, #0]
100084b8:	0740      	lsls	r0, r0, #29
100084ba:	0fc0      	lsrs	r0, r0, #31
100084bc:	4770      	bx	lr
100084be:	46c0      	nop			@ (mov r8, r8)
100084c0:	200018a0 	.word	0x200018a0

100084c4 <tud_rhport_init>:
100084c4:	b5f0      	push	{r4, r5, r6, r7, lr}
100084c6:	46d6      	mov	lr, sl
100084c8:	464f      	mov	r7, r9
100084ca:	4646      	mov	r6, r8
100084cc:	b5c0      	push	{r6, r7, lr}
100084ce:	4b2f      	ldr	r3, [pc, #188]	@ (1000858c <tud_rhport_init+0xc8>)
100084d0:	0007      	movs	r7, r0
100084d2:	469a      	mov	sl, r3
100084d4:	781b      	ldrb	r3, [r3, #0]
100084d6:	000e      	movs	r6, r1
100084d8:	2bff      	cmp	r3, #255	@ 0xff
100084da:	d150      	bne.n	1000857e <tud_rhport_init+0xba>
100084dc:	2900      	cmp	r1, #0
100084de:	d041      	beq.n	10008564 <tud_rhport_init+0xa0>
100084e0:	2100      	movs	r1, #0
100084e2:	2254      	movs	r2, #84	@ 0x54
100084e4:	482a      	ldr	r0, [pc, #168]	@ (10008590 <tud_rhport_init+0xcc>)
100084e6:	f7fd fb93 	bl	10005c10 <__wrap_memset>
100084ea:	2200      	movs	r2, #0
100084ec:	4c29      	ldr	r4, [pc, #164]	@ (10008594 <tud_rhport_init+0xd0>)
100084ee:	4b2a      	ldr	r3, [pc, #168]	@ (10008598 <tud_rhport_init+0xd4>)
100084f0:	0020      	movs	r0, r4
100084f2:	701a      	strb	r2, [r3, #0]
100084f4:	f7fb fd2a 	bl	10003f4c <mutex_init>
100084f8:	4b28      	ldr	r3, [pc, #160]	@ (1000859c <tud_rhport_init+0xd8>)
100084fa:	601c      	str	r4, [r3, #0]
100084fc:	4c28      	ldr	r4, [pc, #160]	@ (100085a0 <tud_rhport_init+0xdc>)
100084fe:	0020      	movs	r0, r4
10008500:	3c14      	subs	r4, #20
10008502:	f7fb fd31 	bl	10003f68 <critical_section_init>
10008506:	0020      	movs	r0, r4
10008508:	f001 fdf2 	bl	1000a0f0 <tu_fifo_clear>
1000850c:	4b25      	ldr	r3, [pc, #148]	@ (100085a4 <tud_rhport_init+0xe0>)
1000850e:	4d26      	ldr	r5, [pc, #152]	@ (100085a8 <tud_rhport_init+0xe4>)
10008510:	601c      	str	r4, [r3, #0]
10008512:	4b26      	ldr	r3, [pc, #152]	@ (100085ac <tud_rhport_init+0xe8>)
10008514:	2b00      	cmp	r3, #0
10008516:	d004      	beq.n	10008522 <tud_rhport_init+0x5e>
10008518:	0028      	movs	r0, r5
1000851a:	f7ff fac7 	bl	10007aac <usbd_app_driver_get_cb>
1000851e:	4b24      	ldr	r3, [pc, #144]	@ (100085b0 <tud_rhport_init+0xec>)
10008520:	6018      	str	r0, [r3, #0]
10008522:	4924      	ldr	r1, [pc, #144]	@ (100085b4 <tud_rhport_init+0xf0>)
10008524:	2400      	movs	r4, #0
10008526:	4689      	mov	r9, r1
10008528:	4921      	ldr	r1, [pc, #132]	@ (100085b0 <tud_rhport_init+0xec>)
1000852a:	2300      	movs	r3, #0
1000852c:	4688      	mov	r8, r1
1000852e:	782a      	ldrb	r2, [r5, #0]
10008530:	e010      	b.n	10008554 <tud_rhport_init+0x90>
10008532:	4643      	mov	r3, r8
10008534:	681b      	ldr	r3, [r3, #0]
10008536:	0162      	lsls	r2, r4, #5
10008538:	189b      	adds	r3, r3, r2
1000853a:	2b00      	cmp	r3, #0
1000853c:	d012      	beq.n	10008564 <tud_rhport_init+0xa0>
1000853e:	685b      	ldr	r3, [r3, #4]
10008540:	2b00      	cmp	r3, #0
10008542:	d00f      	beq.n	10008564 <tud_rhport_init+0xa0>
10008544:	4798      	blx	r3
10008546:	782a      	ldrb	r2, [r5, #0]
10008548:	3401      	adds	r4, #1
1000854a:	b2e4      	uxtb	r4, r4
1000854c:	1c51      	adds	r1, r2, #1
1000854e:	0023      	movs	r3, r4
10008550:	42a1      	cmp	r1, r4
10008552:	db09      	blt.n	10008568 <tud_rhport_init+0xa4>
10008554:	42a2      	cmp	r2, r4
10008556:	d8ec      	bhi.n	10008532 <tud_rhport_init+0x6e>
10008558:	1a9b      	subs	r3, r3, r2
1000855a:	015b      	lsls	r3, r3, #5
1000855c:	444b      	add	r3, r9
1000855e:	685b      	ldr	r3, [r3, #4]
10008560:	2b00      	cmp	r3, #0
10008562:	d1ef      	bne.n	10008544 <tud_rhport_init+0x80>
10008564:	2000      	movs	r0, #0
10008566:	e00b      	b.n	10008580 <tud_rhport_init+0xbc>
10008568:	4653      	mov	r3, sl
1000856a:	0031      	movs	r1, r6
1000856c:	0038      	movs	r0, r7
1000856e:	701f      	strb	r7, [r3, #0]
10008570:	f7ff fdfe 	bl	10008170 <dcd_init>
10008574:	2800      	cmp	r0, #0
10008576:	d0f5      	beq.n	10008564 <tud_rhport_init+0xa0>
10008578:	0038      	movs	r0, r7
1000857a:	f7ff fe41 	bl	10008200 <dcd_int_enable>
1000857e:	2001      	movs	r0, #1
10008580:	bce0      	pop	{r5, r6, r7}
10008582:	46ba      	mov	sl, r7
10008584:	46b1      	mov	r9, r6
10008586:	46a8      	mov	r8, r5
10008588:	bdf0      	pop	{r4, r5, r6, r7, pc}
1000858a:	46c0      	nop			@ (mov r8, r8)
1000858c:	20001354 	.word	0x20001354
10008590:	200018a0 	.word	0x200018a0
10008594:	20001898 	.word	0x20001898
10008598:	200023e2 	.word	0x200023e2
1000859c:	200018f4 	.word	0x200018f4
100085a0:	2000134c 	.word	0x2000134c
100085a4:	200018f8 	.word	0x200018f8
100085a8:	200023e0 	.word	0x200023e0
100085ac:	10007aad 	.word	0x10007aad
100085b0:	200016f0 	.word	0x200016f0
100085b4:	1000ae74 	.word	0x1000ae74

100085b8 <tud_task_ext>:
100085b8:	b5f0      	push	{r4, r5, r6, r7, lr}
100085ba:	46de      	mov	lr, fp
100085bc:	4657      	mov	r7, sl
100085be:	464e      	mov	r6, r9
100085c0:	4645      	mov	r5, r8
100085c2:	b5e0      	push	{r5, r6, r7, lr}
100085c4:	4bc8      	ldr	r3, [pc, #800]	@ (100088e8 <tud_task_ext+0x330>)
100085c6:	b091      	sub	sp, #68	@ 0x44
100085c8:	9302      	str	r3, [sp, #8]
100085ca:	781b      	ldrb	r3, [r3, #0]
100085cc:	2bff      	cmp	r3, #255	@ 0xff
100085ce:	d100      	bne.n	100085d2 <tud_task_ext+0x1a>
100085d0:	e13e      	b.n	10008850 <tud_task_ext+0x298>
100085d2:	4bc6      	ldr	r3, [pc, #792]	@ (100088ec <tud_task_ext+0x334>)
100085d4:	4ec6      	ldr	r6, [pc, #792]	@ (100088f0 <tud_task_ext+0x338>)
100085d6:	469b      	mov	fp, r3
100085d8:	465f      	mov	r7, fp
100085da:	4bc6      	ldr	r3, [pc, #792]	@ (100088f4 <tud_task_ext+0x33c>)
100085dc:	ac0d      	add	r4, sp, #52	@ 0x34
100085de:	9301      	str	r3, [sp, #4]
100085e0:	4bc5      	ldr	r3, [pc, #788]	@ (100088f8 <tud_task_ext+0x340>)
100085e2:	9300      	str	r3, [sp, #0]
100085e4:	6835      	ldr	r5, [r6, #0]
100085e6:	696a      	ldr	r2, [r5, #20]
100085e8:	f3ef 8110 	mrs	r1, PRIMASK
100085ec:	b672      	cpsid	i
100085ee:	6813      	ldr	r3, [r2, #0]
100085f0:	2b00      	cmp	r3, #0
100085f2:	d0fc      	beq.n	100085ee <tud_task_ext+0x36>
100085f4:	f3bf 8f5f 	dmb	sy
100085f8:	61a9      	str	r1, [r5, #24]
100085fa:	0028      	movs	r0, r5
100085fc:	0021      	movs	r1, r4
100085fe:	f001 fbaf 	bl	10009d60 <tu_fifo_read>
10008602:	696a      	ldr	r2, [r5, #20]
10008604:	69ab      	ldr	r3, [r5, #24]
10008606:	f3bf 8f5f 	dmb	sy
1000860a:	2100      	movs	r1, #0
1000860c:	6011      	str	r1, [r2, #0]
1000860e:	f383 8810 	msr	PRIMASK, r3
10008612:	2800      	cmp	r0, #0
10008614:	d100      	bne.n	10008618 <tud_task_ext+0x60>
10008616:	e11b      	b.n	10008850 <tud_task_ext+0x298>
10008618:	7863      	ldrb	r3, [r4, #1]
1000861a:	2b08      	cmp	r3, #8
1000861c:	d8e2      	bhi.n	100085e4 <tud_task_ext+0x2c>
1000861e:	009b      	lsls	r3, r3, #2
10008620:	58fb      	ldr	r3, [r7, r3]
10008622:	469f      	mov	pc, r3
10008624:	6863      	ldr	r3, [r4, #4]
10008626:	2b00      	cmp	r3, #0
10008628:	d0dc      	beq.n	100085e4 <tud_task_ext+0x2c>
1000862a:	68a0      	ldr	r0, [r4, #8]
1000862c:	4798      	blx	r3
1000862e:	e7d9      	b.n	100085e4 <tud_task_ext+0x2c>
10008630:	227f      	movs	r2, #127	@ 0x7f
10008632:	7921      	ldrb	r1, [r4, #4]
10008634:	4daf      	ldr	r5, [pc, #700]	@ (100088f4 <tud_task_ext+0x33c>)
10008636:	400a      	ands	r2, r1
10008638:	0053      	lsls	r3, r2, #1
1000863a:	18eb      	adds	r3, r5, r3
1000863c:	4698      	mov	r8, r3
1000863e:	09c8      	lsrs	r0, r1, #7
10008640:	4480      	add	r8, r0
10008642:	4640      	mov	r0, r8
10008644:	2301      	movs	r3, #1
10008646:	3030      	adds	r0, #48	@ 0x30
10008648:	7905      	ldrb	r5, [r0, #4]
1000864a:	439d      	bics	r5, r3
1000864c:	7105      	strb	r5, [r0, #4]
1000864e:	7905      	ldrb	r5, [r0, #4]
10008650:	3303      	adds	r3, #3
10008652:	439d      	bics	r5, r3
10008654:	7105      	strb	r5, [r0, #4]
10008656:	2a00      	cmp	r2, #0
10008658:	d100      	bne.n	1000865c <tud_task_ext+0xa4>
1000865a:	e100      	b.n	1000885e <tud_task_ext+0x2a6>
1000865c:	4643      	mov	r3, r8
1000865e:	4aa7      	ldr	r2, [pc, #668]	@ (100088fc <tud_task_ext+0x344>)
10008660:	7d1b      	ldrb	r3, [r3, #20]
10008662:	7812      	ldrb	r2, [r2, #0]
10008664:	4293      	cmp	r3, r2
10008666:	d300      	bcc.n	1000866a <tud_task_ext+0xb2>
10008668:	e0ef      	b.n	1000884a <tud_task_ext+0x292>
1000866a:	4aa5      	ldr	r2, [pc, #660]	@ (10008900 <tud_task_ext+0x348>)
1000866c:	015b      	lsls	r3, r3, #5
1000866e:	6815      	ldr	r5, [r2, #0]
10008670:	18ed      	adds	r5, r5, r3
10008672:	2d00      	cmp	r5, #0
10008674:	d100      	bne.n	10008678 <tud_task_ext+0xc0>
10008676:	e0eb      	b.n	10008850 <tud_task_ext+0x298>
10008678:	68a3      	ldr	r3, [r4, #8]
1000867a:	7962      	ldrb	r2, [r4, #5]
1000867c:	7820      	ldrb	r0, [r4, #0]
1000867e:	69ad      	ldr	r5, [r5, #24]
10008680:	47a8      	blx	r5
10008682:	e7af      	b.n	100085e4 <tud_task_ext+0x2c>
10008684:	4a9f      	ldr	r2, [pc, #636]	@ (10008904 <tud_task_ext+0x34c>)
10008686:	7813      	ldrb	r3, [r2, #0]
10008688:	2b00      	cmp	r3, #0
1000868a:	d100      	bne.n	1000868e <tud_task_ext+0xd6>
1000868c:	e0e0      	b.n	10008850 <tud_task_ext+0x298>
1000868e:	7813      	ldrb	r3, [r2, #0]
10008690:	3b01      	subs	r3, #1
10008692:	b2db      	uxtb	r3, r3
10008694:	7013      	strb	r3, [r2, #0]
10008696:	7813      	ldrb	r3, [r2, #0]
10008698:	2b00      	cmp	r3, #0
1000869a:	d1a3      	bne.n	100085e4 <tud_task_ext+0x2c>
1000869c:	2201      	movs	r2, #1
1000869e:	4d95      	ldr	r5, [pc, #596]	@ (100088f4 <tud_task_ext+0x33c>)
100086a0:	2101      	movs	r1, #1
100086a2:	782b      	ldrb	r3, [r5, #0]
100086a4:	2004      	movs	r0, #4
100086a6:	4313      	orrs	r3, r2
100086a8:	702b      	strb	r3, [r5, #0]
100086aa:	2334      	movs	r3, #52	@ 0x34
100086ac:	5cea      	ldrb	r2, [r5, r3]
100086ae:	438a      	bics	r2, r1
100086b0:	54ea      	strb	r2, [r5, r3]
100086b2:	5cea      	ldrb	r2, [r5, r3]
100086b4:	4382      	bics	r2, r0
100086b6:	54ea      	strb	r2, [r5, r3]
100086b8:	3301      	adds	r3, #1
100086ba:	5cea      	ldrb	r2, [r5, r3]
100086bc:	438a      	bics	r2, r1
100086be:	54ea      	strb	r2, [r5, r3]
100086c0:	5cea      	ldrb	r2, [r5, r3]
100086c2:	4382      	bics	r2, r0
100086c4:	54ea      	strb	r2, [r5, r3]
100086c6:	7823      	ldrb	r3, [r4, #0]
100086c8:	2000      	movs	r0, #0
100086ca:	469b      	mov	fp, r3
100086cc:	f000 fc9e 	bl	1000900c <usbd_control_set_complete_callback>
100086d0:	2260      	movs	r2, #96	@ 0x60
100086d2:	7923      	ldrb	r3, [r4, #4]
100086d4:	401a      	ands	r2, r3
100086d6:	2a60      	cmp	r2, #96	@ 0x60
100086d8:	d100      	bne.n	100086dc <tud_task_ext+0x124>
100086da:	e0ef      	b.n	100088bc <tud_task_ext+0x304>
100086dc:	2a40      	cmp	r2, #64	@ 0x40
100086de:	d100      	bne.n	100086e2 <tud_task_ext+0x12a>
100086e0:	e0f5      	b.n	100088ce <tud_task_ext+0x316>
100086e2:	06db      	lsls	r3, r3, #27
100086e4:	0edb      	lsrs	r3, r3, #27
100086e6:	2b01      	cmp	r3, #1
100086e8:	d100      	bne.n	100086ec <tud_task_ext+0x134>
100086ea:	e113      	b.n	10008914 <tud_task_ext+0x35c>
100086ec:	2b02      	cmp	r3, #2
100086ee:	d100      	bne.n	100086f2 <tud_task_ext+0x13a>
100086f0:	e0c7      	b.n	10008882 <tud_task_ext+0x2ca>
100086f2:	2b00      	cmp	r3, #0
100086f4:	d000      	beq.n	100086f8 <tud_task_ext+0x140>
100086f6:	e0e1      	b.n	100088bc <tud_task_ext+0x304>
100086f8:	2a20      	cmp	r2, #32
100086fa:	d100      	bne.n	100086fe <tud_task_ext+0x146>
100086fc:	e21c      	b.n	10008b38 <tud_task_ext+0x580>
100086fe:	2a00      	cmp	r2, #0
10008700:	d000      	beq.n	10008704 <tud_task_ext+0x14c>
10008702:	e0db      	b.n	100088bc <tud_task_ext+0x304>
10008704:	7963      	ldrb	r3, [r4, #5]
10008706:	2b09      	cmp	r3, #9
10008708:	d900      	bls.n	1000870c <tud_task_ext+0x154>
1000870a:	e0d7      	b.n	100088bc <tud_task_ext+0x304>
1000870c:	4a7e      	ldr	r2, [pc, #504]	@ (10008908 <tud_task_ext+0x350>)
1000870e:	009b      	lsls	r3, r3, #2
10008710:	58d3      	ldr	r3, [r2, r3]
10008712:	469f      	mov	pc, r3
10008714:	4d77      	ldr	r5, [pc, #476]	@ (100088f4 <tud_task_ext+0x33c>)
10008716:	782b      	ldrb	r3, [r5, #0]
10008718:	07db      	lsls	r3, r3, #31
1000871a:	d400      	bmi.n	1000871e <tud_task_ext+0x166>
1000871c:	e762      	b.n	100085e4 <tud_task_ext+0x2c>
1000871e:	f7ff febf 	bl	100084a0 <tud_resume_cb>
10008722:	e75f      	b.n	100085e4 <tud_task_ext+0x2c>
10008724:	9b01      	ldr	r3, [sp, #4]
10008726:	78db      	ldrb	r3, [r3, #3]
10008728:	07db      	lsls	r3, r3, #31
1000872a:	d400      	bmi.n	1000872e <tud_task_ext+0x176>
1000872c:	e75a      	b.n	100085e4 <tud_task_ext+0x2c>
1000872e:	6860      	ldr	r0, [r4, #4]
10008730:	f7ff feaa 	bl	10008488 <tud_sof_cb>
10008734:	e756      	b.n	100085e4 <tud_task_ext+0x2c>
10008736:	4d6f      	ldr	r5, [pc, #444]	@ (100088f4 <tud_task_ext+0x33c>)
10008738:	782b      	ldrb	r3, [r5, #0]
1000873a:	07db      	lsls	r3, r3, #31
1000873c:	d400      	bmi.n	10008740 <tud_task_ext+0x188>
1000873e:	e751      	b.n	100085e4 <tud_task_ext+0x2c>
10008740:	7828      	ldrb	r0, [r5, #0]
10008742:	0700      	lsls	r0, r0, #28
10008744:	0fc0      	lsrs	r0, r0, #31
10008746:	f7ff fea9 	bl	1000849c <tud_suspend_cb>
1000874a:	e74b      	b.n	100085e4 <tud_task_ext+0x2c>
1000874c:	7823      	ldrb	r3, [r4, #0]
1000874e:	496a      	ldr	r1, [pc, #424]	@ (100088f8 <tud_task_ext+0x340>)
10008750:	4699      	mov	r9, r3
10008752:	468b      	mov	fp, r1
10008754:	4b69      	ldr	r3, [pc, #420]	@ (100088fc <tud_task_ext+0x344>)
10008756:	496a      	ldr	r1, [pc, #424]	@ (10008900 <tud_task_ext+0x348>)
10008758:	4698      	mov	r8, r3
1000875a:	468a      	mov	sl, r1
1000875c:	0039      	movs	r1, r7
1000875e:	781a      	ldrb	r2, [r3, #0]
10008760:	4647      	mov	r7, r8
10008762:	2300      	movs	r3, #0
10008764:	46b0      	mov	r8, r6
10008766:	2500      	movs	r5, #0
10008768:	464e      	mov	r6, r9
1000876a:	4689      	mov	r9, r1
1000876c:	e010      	b.n	10008790 <tud_task_ext+0x1d8>
1000876e:	4653      	mov	r3, sl
10008770:	681b      	ldr	r3, [r3, #0]
10008772:	016a      	lsls	r2, r5, #5
10008774:	189b      	adds	r3, r3, r2
10008776:	2b00      	cmp	r3, #0
10008778:	d100      	bne.n	1000877c <tud_task_ext+0x1c4>
1000877a:	e076      	b.n	1000886a <tud_task_ext+0x2b2>
1000877c:	68db      	ldr	r3, [r3, #12]
1000877e:	0030      	movs	r0, r6
10008780:	4798      	blx	r3
10008782:	783a      	ldrb	r2, [r7, #0]
10008784:	3501      	adds	r5, #1
10008786:	b2ed      	uxtb	r5, r5
10008788:	1c51      	adds	r1, r2, #1
1000878a:	002b      	movs	r3, r5
1000878c:	428d      	cmp	r5, r1
1000878e:	dc44      	bgt.n	1000881a <tud_task_ext+0x262>
10008790:	4295      	cmp	r5, r2
10008792:	d3ec      	bcc.n	1000876e <tud_task_ext+0x1b6>
10008794:	1a9b      	subs	r3, r3, r2
10008796:	015b      	lsls	r3, r3, #5
10008798:	445b      	add	r3, fp
1000879a:	e7ef      	b.n	1000877c <tud_task_ext+0x1c4>
1000879c:	7823      	ldrb	r3, [r4, #0]
1000879e:	4958      	ldr	r1, [pc, #352]	@ (10008900 <tud_task_ext+0x348>)
100087a0:	4699      	mov	r9, r3
100087a2:	4b56      	ldr	r3, [pc, #344]	@ (100088fc <tud_task_ext+0x344>)
100087a4:	468a      	mov	sl, r1
100087a6:	4698      	mov	r8, r3
100087a8:	0031      	movs	r1, r6
100087aa:	46bb      	mov	fp, r7
100087ac:	464e      	mov	r6, r9
100087ae:	781a      	ldrb	r2, [r3, #0]
100087b0:	2500      	movs	r5, #0
100087b2:	2300      	movs	r3, #0
100087b4:	4647      	mov	r7, r8
100087b6:	4689      	mov	r9, r1
100087b8:	e00f      	b.n	100087da <tud_task_ext+0x222>
100087ba:	4653      	mov	r3, sl
100087bc:	681b      	ldr	r3, [r3, #0]
100087be:	016a      	lsls	r2, r5, #5
100087c0:	189b      	adds	r3, r3, r2
100087c2:	2b00      	cmp	r3, #0
100087c4:	d055      	beq.n	10008872 <tud_task_ext+0x2ba>
100087c6:	68db      	ldr	r3, [r3, #12]
100087c8:	0030      	movs	r0, r6
100087ca:	4798      	blx	r3
100087cc:	783a      	ldrb	r2, [r7, #0]
100087ce:	3501      	adds	r5, #1
100087d0:	b2ed      	uxtb	r5, r5
100087d2:	1c51      	adds	r1, r2, #1
100087d4:	002b      	movs	r3, r5
100087d6:	428d      	cmp	r5, r1
100087d8:	dc07      	bgt.n	100087ea <tud_task_ext+0x232>
100087da:	4295      	cmp	r5, r2
100087dc:	d3ed      	bcc.n	100087ba <tud_task_ext+0x202>
100087de:	1a9b      	subs	r3, r3, r2
100087e0:	9a00      	ldr	r2, [sp, #0]
100087e2:	015b      	lsls	r3, r3, #5
100087e4:	4694      	mov	ip, r2
100087e6:	4463      	add	r3, ip
100087e8:	e7ed      	b.n	100087c6 <tud_task_ext+0x20e>
100087ea:	9d01      	ldr	r5, [sp, #4]
100087ec:	2254      	movs	r2, #84	@ 0x54
100087ee:	2100      	movs	r1, #0
100087f0:	0028      	movs	r0, r5
100087f2:	f7fd fa0d 	bl	10005c10 <__wrap_memset>
100087f6:	2210      	movs	r2, #16
100087f8:	21ff      	movs	r1, #255	@ 0xff
100087fa:	4844      	ldr	r0, [pc, #272]	@ (1000890c <tud_task_ext+0x354>)
100087fc:	f7fd fa08 	bl	10005c10 <__wrap_memset>
10008800:	0028      	movs	r0, r5
10008802:	2220      	movs	r2, #32
10008804:	21ff      	movs	r1, #255	@ 0xff
10008806:	3014      	adds	r0, #20
10008808:	464e      	mov	r6, r9
1000880a:	465f      	mov	r7, fp
1000880c:	f7fd fa00 	bl	10005c10 <__wrap_memset>
10008810:	f000 fbf2 	bl	10008ff8 <usbd_control_reset>
10008814:	f7ff fe40 	bl	10008498 <tud_umount_cb>
10008818:	e6e4      	b.n	100085e4 <tud_task_ext+0x2c>
1000881a:	4d36      	ldr	r5, [pc, #216]	@ (100088f4 <tud_task_ext+0x33c>)
1000881c:	2254      	movs	r2, #84	@ 0x54
1000881e:	2100      	movs	r1, #0
10008820:	0028      	movs	r0, r5
10008822:	f7fd f9f5 	bl	10005c10 <__wrap_memset>
10008826:	2210      	movs	r2, #16
10008828:	21ff      	movs	r1, #255	@ 0xff
1000882a:	1d28      	adds	r0, r5, #4
1000882c:	f7fd f9f0 	bl	10005c10 <__wrap_memset>
10008830:	0028      	movs	r0, r5
10008832:	2220      	movs	r2, #32
10008834:	21ff      	movs	r1, #255	@ 0xff
10008836:	3014      	adds	r0, #20
10008838:	4646      	mov	r6, r8
1000883a:	464f      	mov	r7, r9
1000883c:	f7fd f9e8 	bl	10005c10 <__wrap_memset>
10008840:	f000 fbda 	bl	10008ff8 <usbd_control_reset>
10008844:	7923      	ldrb	r3, [r4, #4]
10008846:	70ab      	strb	r3, [r5, #2]
10008848:	e6cc      	b.n	100085e4 <tud_task_ext+0x2c>
1000884a:	1c50      	adds	r0, r2, #1
1000884c:	4298      	cmp	r0, r3
1000884e:	da13      	bge.n	10008878 <tud_task_ext+0x2c0>
10008850:	b011      	add	sp, #68	@ 0x44
10008852:	bcf0      	pop	{r4, r5, r6, r7}
10008854:	46bb      	mov	fp, r7
10008856:	46b2      	mov	sl, r6
10008858:	46a9      	mov	r9, r5
1000885a:	46a0      	mov	r8, r4
1000885c:	bdf0      	pop	{r4, r5, r6, r7, pc}
1000885e:	68a3      	ldr	r3, [r4, #8]
10008860:	7962      	ldrb	r2, [r4, #5]
10008862:	7820      	ldrb	r0, [r4, #0]
10008864:	f000 fbe6 	bl	10009034 <usbd_control_xfer_cb>
10008868:	e6bc      	b.n	100085e4 <tud_task_ext+0x2c>
1000886a:	4646      	mov	r6, r8
1000886c:	464f      	mov	r7, r9
1000886e:	4d21      	ldr	r5, [pc, #132]	@ (100088f4 <tud_task_ext+0x33c>)
10008870:	e7e6      	b.n	10008840 <tud_task_ext+0x288>
10008872:	464e      	mov	r6, r9
10008874:	465f      	mov	r7, fp
10008876:	e7cb      	b.n	10008810 <tud_task_ext+0x258>
10008878:	4d1f      	ldr	r5, [pc, #124]	@ (100088f8 <tud_task_ext+0x340>)
1000887a:	1a9b      	subs	r3, r3, r2
1000887c:	015b      	lsls	r3, r3, #5
1000887e:	195d      	adds	r5, r3, r5
10008880:	e6fa      	b.n	10008678 <tud_task_ext+0xc0>
10008882:	2370      	movs	r3, #112	@ 0x70
10008884:	7a21      	ldrb	r1, [r4, #8]
10008886:	420b      	tst	r3, r1
10008888:	d118      	bne.n	100088bc <tud_task_ext+0x304>
1000888a:	09c8      	lsrs	r0, r1, #7
1000888c:	4682      	mov	sl, r0
1000888e:	330f      	adds	r3, #15
10008890:	400b      	ands	r3, r1
10008892:	005b      	lsls	r3, r3, #1
10008894:	4698      	mov	r8, r3
10008896:	4819      	ldr	r0, [pc, #100]	@ (100088fc <tud_task_ext+0x344>)
10008898:	18eb      	adds	r3, r5, r3
1000889a:	4453      	add	r3, sl
1000889c:	7d1b      	ldrb	r3, [r3, #20]
1000889e:	7800      	ldrb	r0, [r0, #0]
100088a0:	4699      	mov	r9, r3
100088a2:	4283      	cmp	r3, r0
100088a4:	d266      	bcs.n	10008974 <tud_task_ext+0x3bc>
100088a6:	4816      	ldr	r0, [pc, #88]	@ (10008900 <tud_task_ext+0x348>)
100088a8:	015b      	lsls	r3, r3, #5
100088aa:	6800      	ldr	r0, [r0, #0]
100088ac:	4681      	mov	r9, r0
100088ae:	4499      	add	r9, r3
100088b0:	2a00      	cmp	r2, #0
100088b2:	d100      	bne.n	100088b6 <tud_task_ext+0x2fe>
100088b4:	e15f      	b.n	10008b76 <tud_task_ext+0x5be>
100088b6:	464b      	mov	r3, r9
100088b8:	2b00      	cmp	r3, #0
100088ba:	d168      	bne.n	1000898e <tud_task_ext+0x3d6>
100088bc:	7820      	ldrb	r0, [r4, #0]
100088be:	2100      	movs	r1, #0
100088c0:	f7ff fd6a 	bl	10008398 <dcd_edpt_stall>
100088c4:	2180      	movs	r1, #128	@ 0x80
100088c6:	7820      	ldrb	r0, [r4, #0]
100088c8:	f7ff fd66 	bl	10008398 <dcd_edpt_stall>
100088cc:	e68a      	b.n	100085e4 <tud_task_ext+0x2c>
100088ce:	4810      	ldr	r0, [pc, #64]	@ (10008910 <tud_task_ext+0x358>)
100088d0:	f000 fb9c 	bl	1000900c <usbd_control_set_complete_callback>
100088d4:	2101      	movs	r1, #1
100088d6:	4658      	mov	r0, fp
100088d8:	aa0e      	add	r2, sp, #56	@ 0x38
100088da:	f7ff f8cd 	bl	10007a78 <tud_vendor_control_xfer_cb>
100088de:	2800      	cmp	r0, #0
100088e0:	d000      	beq.n	100088e4 <tud_task_ext+0x32c>
100088e2:	e67f      	b.n	100085e4 <tud_task_ext+0x2c>
100088e4:	e7ea      	b.n	100088bc <tud_task_ext+0x304>
100088e6:	46c0      	nop			@ (mov r8, r8)
100088e8:	20001354 	.word	0x20001354
100088ec:	1000adcc 	.word	0x1000adcc
100088f0:	200018f8 	.word	0x200018f8
100088f4:	200018a0 	.word	0x200018a0
100088f8:	1000ae74 	.word	0x1000ae74
100088fc:	200023e0 	.word	0x200023e0
10008900:	200016f0 	.word	0x200016f0
10008904:	200023e2 	.word	0x200023e2
10008908:	1000adf0 	.word	0x1000adf0
1000890c:	200018a4 	.word	0x200018a4
10008910:	10007a79 	.word	0x10007a79
10008914:	7a23      	ldrb	r3, [r4, #8]
10008916:	2b0f      	cmp	r3, #15
10008918:	d8d0      	bhi.n	100088bc <tud_task_ext+0x304>
1000891a:	4acf      	ldr	r2, [pc, #828]	@ (10008c58 <tud_task_ext+0x6a0>)
1000891c:	18eb      	adds	r3, r5, r3
1000891e:	791b      	ldrb	r3, [r3, #4]
10008920:	7815      	ldrb	r5, [r2, #0]
10008922:	42ab      	cmp	r3, r5
10008924:	d33e      	bcc.n	100089a4 <tud_task_ext+0x3ec>
10008926:	1c69      	adds	r1, r5, #1
10008928:	4299      	cmp	r1, r3
1000892a:	dbc7      	blt.n	100088bc <tud_task_ext+0x304>
1000892c:	1b5d      	subs	r5, r3, r5
1000892e:	4bcb      	ldr	r3, [pc, #812]	@ (10008c5c <tud_task_ext+0x6a4>)
10008930:	016d      	lsls	r5, r5, #5
10008932:	18ed      	adds	r5, r5, r3
10008934:	6968      	ldr	r0, [r5, #20]
10008936:	f000 fb69 	bl	1000900c <usbd_control_set_complete_callback>
1000893a:	2101      	movs	r1, #1
1000893c:	4658      	mov	r0, fp
1000893e:	696b      	ldr	r3, [r5, #20]
10008940:	aa0e      	add	r2, sp, #56	@ 0x38
10008942:	4798      	blx	r3
10008944:	2800      	cmp	r0, #0
10008946:	d000      	beq.n	1000894a <tud_task_ext+0x392>
10008948:	e64c      	b.n	100085e4 <tud_task_ext+0x2c>
1000894a:	2260      	movs	r2, #96	@ 0x60
1000894c:	0015      	movs	r5, r2
1000894e:	7923      	ldrb	r3, [r4, #4]
10008950:	401d      	ands	r5, r3
10008952:	421a      	tst	r2, r3
10008954:	d1b2      	bne.n	100088bc <tud_task_ext+0x304>
10008956:	7963      	ldrb	r3, [r4, #5]
10008958:	3b0a      	subs	r3, #10
1000895a:	2b01      	cmp	r3, #1
1000895c:	d8ae      	bhi.n	100088bc <tud_task_ext+0x304>
1000895e:	f000 fb55 	bl	1000900c <usbd_control_set_complete_callback>
10008962:	7963      	ldrb	r3, [r4, #5]
10008964:	2b0a      	cmp	r3, #10
10008966:	d100      	bne.n	1000896a <tud_task_ext+0x3b2>
10008968:	e199      	b.n	10008c9e <tud_task_ext+0x6e6>
1000896a:	4658      	mov	r0, fp
1000896c:	a90e      	add	r1, sp, #56	@ 0x38
1000896e:	f000 fad9 	bl	10008f24 <tud_control_status>
10008972:	e637      	b.n	100085e4 <tud_task_ext+0x2c>
10008974:	1c43      	adds	r3, r0, #1
10008976:	454b      	cmp	r3, r9
10008978:	da00      	bge.n	1000897c <tud_task_ext+0x3c4>
1000897a:	e0f7      	b.n	10008b6c <tud_task_ext+0x5b4>
1000897c:	464b      	mov	r3, r9
1000897e:	1a1b      	subs	r3, r3, r0
10008980:	015b      	lsls	r3, r3, #5
10008982:	4699      	mov	r9, r3
10008984:	48b5      	ldr	r0, [pc, #724]	@ (10008c5c <tud_task_ext+0x6a4>)
10008986:	4481      	add	r9, r0
10008988:	2a00      	cmp	r2, #0
1000898a:	d100      	bne.n	1000898e <tud_task_ext+0x3d6>
1000898c:	e0f3      	b.n	10008b76 <tud_task_ext+0x5be>
1000898e:	464b      	mov	r3, r9
10008990:	6958      	ldr	r0, [r3, #20]
10008992:	f000 fb3b 	bl	1000900c <usbd_control_set_complete_callback>
10008996:	464b      	mov	r3, r9
10008998:	2101      	movs	r1, #1
1000899a:	4658      	mov	r0, fp
1000899c:	695b      	ldr	r3, [r3, #20]
1000899e:	aa0e      	add	r2, sp, #56	@ 0x38
100089a0:	4798      	blx	r3
100089a2:	e79c      	b.n	100088de <tud_task_ext+0x326>
100089a4:	4aae      	ldr	r2, [pc, #696]	@ (10008c60 <tud_task_ext+0x6a8>)
100089a6:	015b      	lsls	r3, r3, #5
100089a8:	6815      	ldr	r5, [r2, #0]
100089aa:	18ed      	adds	r5, r5, r3
100089ac:	2d00      	cmp	r5, #0
100089ae:	d1c1      	bne.n	10008934 <tud_task_ext+0x37c>
100089b0:	e784      	b.n	100088bc <tud_task_ext+0x304>
100089b2:	79a3      	ldrb	r3, [r4, #6]
100089b4:	4699      	mov	r9, r3
100089b6:	786b      	ldrb	r3, [r5, #1]
100089b8:	4599      	cmp	r9, r3
100089ba:	d0d6      	beq.n	1000896a <tud_task_ext+0x3b2>
100089bc:	786b      	ldrb	r3, [r5, #1]
100089be:	2b00      	cmp	r3, #0
100089c0:	d000      	beq.n	100089c4 <tud_task_ext+0x40c>
100089c2:	e133      	b.n	10008c2c <tud_task_ext+0x674>
100089c4:	464b      	mov	r3, r9
100089c6:	706b      	strb	r3, [r5, #1]
100089c8:	2b00      	cmp	r3, #0
100089ca:	d100      	bne.n	100089ce <tud_task_ext+0x416>
100089cc:	e12b      	b.n	10008c26 <tud_task_ext+0x66e>
100089ce:	4648      	mov	r0, r9
100089d0:	3801      	subs	r0, #1
100089d2:	b2c0      	uxtb	r0, r0
100089d4:	f7ff fa92 	bl	10007efc <tud_descriptor_configuration_cb>
100089d8:	2800      	cmp	r0, #0
100089da:	d100      	bne.n	100089de <tud_task_ext+0x426>
100089dc:	e17e      	b.n	10008cdc <tud_task_ext+0x724>
100089de:	7843      	ldrb	r3, [r0, #1]
100089e0:	9307      	str	r3, [sp, #28]
100089e2:	2b02      	cmp	r3, #2
100089e4:	d000      	beq.n	100089e8 <tud_task_ext+0x430>
100089e6:	e179      	b.n	10008cdc <tud_task_ext+0x724>
100089e8:	2201      	movs	r2, #1
100089ea:	79c1      	ldrb	r1, [r0, #7]
100089ec:	46b1      	mov	r9, r6
100089ee:	118b      	asrs	r3, r1, #6
100089f0:	1149      	asrs	r1, r1, #5
100089f2:	4013      	ands	r3, r2
100089f4:	400a      	ands	r2, r1
100089f6:	2130      	movs	r1, #48	@ 0x30
100089f8:	0112      	lsls	r2, r2, #4
100089fa:	015b      	lsls	r3, r3, #5
100089fc:	4313      	orrs	r3, r2
100089fe:	782a      	ldrb	r2, [r5, #0]
10008a00:	46a8      	mov	r8, r5
10008a02:	438a      	bics	r2, r1
10008a04:	4313      	orrs	r3, r2
10008a06:	702b      	strb	r3, [r5, #0]
10008a08:	2309      	movs	r3, #9
10008a0a:	469a      	mov	sl, r3
10008a0c:	4482      	add	sl, r0
10008a0e:	4656      	mov	r6, sl
10008a10:	46ba      	mov	sl, r7
10008a12:	78c3      	ldrb	r3, [r0, #3]
10008a14:	7882      	ldrb	r2, [r0, #2]
10008a16:	021b      	lsls	r3, r3, #8
10008a18:	4313      	orrs	r3, r2
10008a1a:	18c3      	adds	r3, r0, r3
10008a1c:	9305      	str	r3, [sp, #20]
10008a1e:	4b8e      	ldr	r3, [pc, #568]	@ (10008c58 <tud_task_ext+0x6a0>)
10008a20:	9304      	str	r3, [sp, #16]
10008a22:	4b8e      	ldr	r3, [pc, #568]	@ (10008c5c <tud_task_ext+0x6a4>)
10008a24:	9308      	str	r3, [sp, #32]
10008a26:	4b8e      	ldr	r3, [pc, #568]	@ (10008c60 <tud_task_ext+0x6a8>)
10008a28:	9309      	str	r3, [sp, #36]	@ 0x24
10008a2a:	4b8e      	ldr	r3, [pc, #568]	@ (10008c64 <tud_task_ext+0x6ac>)
10008a2c:	930a      	str	r3, [sp, #40]	@ 0x28
10008a2e:	9b05      	ldr	r3, [sp, #20]
10008a30:	42b3      	cmp	r3, r6
10008a32:	d800      	bhi.n	10008a36 <tud_task_ext+0x47e>
10008a34:	e155      	b.n	10008ce2 <tud_task_ext+0x72a>
10008a36:	7873      	ldrb	r3, [r6, #1]
10008a38:	2201      	movs	r2, #1
10008a3a:	2b0b      	cmp	r3, #11
10008a3c:	d103      	bne.n	10008a46 <tud_task_ext+0x48e>
10008a3e:	7833      	ldrb	r3, [r6, #0]
10008a40:	78f2      	ldrb	r2, [r6, #3]
10008a42:	18f6      	adds	r6, r6, r3
10008a44:	7873      	ldrb	r3, [r6, #1]
10008a46:	2b04      	cmp	r3, #4
10008a48:	d000      	beq.n	10008a4c <tud_task_ext+0x494>
10008a4a:	e144      	b.n	10008cd6 <tud_task_ext+0x71e>
10008a4c:	9b05      	ldr	r3, [sp, #20]
10008a4e:	2700      	movs	r7, #0
10008a50:	1b9b      	subs	r3, r3, r6
10008a52:	b29b      	uxth	r3, r3
10008a54:	9306      	str	r3, [sp, #24]
10008a56:	9b04      	ldr	r3, [sp, #16]
10008a58:	920b      	str	r2, [sp, #44]	@ 0x2c
10008a5a:	781d      	ldrb	r5, [r3, #0]
10008a5c:	2300      	movs	r3, #0
10008a5e:	9303      	str	r3, [sp, #12]
10008a60:	e01b      	b.n	10008a9a <tud_task_ext+0x4e2>
10008a62:	9a09      	ldr	r2, [sp, #36]	@ 0x24
10008a64:	017b      	lsls	r3, r7, #5
10008a66:	6815      	ldr	r5, [r2, #0]
10008a68:	18ed      	adds	r5, r5, r3
10008a6a:	2d00      	cmp	r5, #0
10008a6c:	d100      	bne.n	10008a70 <tud_task_ext+0x4b8>
10008a6e:	e132      	b.n	10008cd6 <tud_task_ext+0x71e>
10008a70:	0031      	movs	r1, r6
10008a72:	4658      	mov	r0, fp
10008a74:	692b      	ldr	r3, [r5, #16]
10008a76:	9a06      	ldr	r2, [sp, #24]
10008a78:	4798      	blx	r3
10008a7a:	4684      	mov	ip, r0
10008a7c:	2808      	cmp	r0, #8
10008a7e:	d903      	bls.n	10008a88 <tud_task_ext+0x4d0>
10008a80:	9a06      	ldr	r2, [sp, #24]
10008a82:	4282      	cmp	r2, r0
10008a84:	d300      	bcc.n	10008a88 <tud_task_ext+0x4d0>
10008a86:	e113      	b.n	10008cb0 <tud_task_ext+0x6f8>
10008a88:	9b04      	ldr	r3, [sp, #16]
10008a8a:	3701      	adds	r7, #1
10008a8c:	781d      	ldrb	r5, [r3, #0]
10008a8e:	b2ff      	uxtb	r7, r7
10008a90:	1c6b      	adds	r3, r5, #1
10008a92:	9703      	str	r7, [sp, #12]
10008a94:	429f      	cmp	r7, r3
10008a96:	dd00      	ble.n	10008a9a <tud_task_ext+0x4e2>
10008a98:	e11d      	b.n	10008cd6 <tud_task_ext+0x71e>
10008a9a:	42bd      	cmp	r5, r7
10008a9c:	d8e1      	bhi.n	10008a62 <tud_task_ext+0x4aa>
10008a9e:	9b03      	ldr	r3, [sp, #12]
10008aa0:	1b5d      	subs	r5, r3, r5
10008aa2:	9b08      	ldr	r3, [sp, #32]
10008aa4:	016d      	lsls	r5, r5, #5
10008aa6:	469c      	mov	ip, r3
10008aa8:	4465      	add	r5, ip
10008aaa:	e7e1      	b.n	10008a70 <tud_task_ext+0x4b8>
10008aac:	786b      	ldrb	r3, [r5, #1]
10008aae:	aa0c      	add	r2, sp, #48	@ 0x30
10008ab0:	3202      	adds	r2, #2
10008ab2:	7013      	strb	r3, [r2, #0]
10008ab4:	4658      	mov	r0, fp
10008ab6:	2301      	movs	r3, #1
10008ab8:	a90e      	add	r1, sp, #56	@ 0x38
10008aba:	f000 fa49 	bl	10008f50 <tud_control_xfer>
10008abe:	e591      	b.n	100085e4 <tud_task_ext+0x2c>
10008ac0:	88e3      	ldrh	r3, [r4, #6]
10008ac2:	0a1a      	lsrs	r2, r3, #8
10008ac4:	b2d8      	uxtb	r0, r3
10008ac6:	2a0f      	cmp	r2, #15
10008ac8:	d900      	bls.n	10008acc <tud_task_ext+0x514>
10008aca:	e6f7      	b.n	100088bc <tud_task_ext+0x304>
10008acc:	4966      	ldr	r1, [pc, #408]	@ (10008c68 <tud_task_ext+0x6b0>)
10008ace:	0093      	lsls	r3, r2, #2
10008ad0:	58cb      	ldr	r3, [r1, r3]
10008ad2:	469f      	mov	pc, r3
10008ad4:	a80e      	add	r0, sp, #56	@ 0x38
10008ad6:	f000 fa9f 	bl	10009018 <usbd_control_set_request>
10008ada:	4658      	mov	r0, fp
10008adc:	79a1      	ldrb	r1, [r4, #6]
10008ade:	f7ff fb95 	bl	1000820c <dcd_set_address>
10008ae2:	2202      	movs	r2, #2
10008ae4:	782b      	ldrb	r3, [r5, #0]
10008ae6:	4313      	orrs	r3, r2
10008ae8:	702b      	strb	r3, [r5, #0]
10008aea:	e57b      	b.n	100085e4 <tud_task_ext+0x2c>
10008aec:	88e3      	ldrh	r3, [r4, #6]
10008aee:	2b01      	cmp	r3, #1
10008af0:	d000      	beq.n	10008af4 <tud_task_ext+0x53c>
10008af2:	e6e3      	b.n	100088bc <tud_task_ext+0x304>
10008af4:	2208      	movs	r2, #8
10008af6:	782b      	ldrb	r3, [r5, #0]
10008af8:	4658      	mov	r0, fp
10008afa:	4393      	bics	r3, r2
10008afc:	a90e      	add	r1, sp, #56	@ 0x38
10008afe:	702b      	strb	r3, [r5, #0]
10008b00:	f000 fa10 	bl	10008f24 <tud_control_status>
10008b04:	e56e      	b.n	100085e4 <tud_task_ext+0x2c>
10008b06:	2002      	movs	r0, #2
10008b08:	7829      	ldrb	r1, [r5, #0]
10008b0a:	ab0c      	add	r3, sp, #48	@ 0x30
10008b0c:	1c9a      	adds	r2, r3, #2
10008b0e:	068b      	lsls	r3, r1, #26
10008b10:	0889      	lsrs	r1, r1, #2
10008b12:	0fdb      	lsrs	r3, r3, #31
10008b14:	4001      	ands	r1, r0
10008b16:	430b      	orrs	r3, r1
10008b18:	8013      	strh	r3, [r2, #0]
10008b1a:	4658      	mov	r0, fp
10008b1c:	2302      	movs	r3, #2
10008b1e:	a90e      	add	r1, sp, #56	@ 0x38
10008b20:	f000 fa16 	bl	10008f50 <tud_control_xfer>
10008b24:	e55e      	b.n	100085e4 <tud_task_ext+0x2c>
10008b26:	88e3      	ldrh	r3, [r4, #6]
10008b28:	2b01      	cmp	r3, #1
10008b2a:	d000      	beq.n	10008b2e <tud_task_ext+0x576>
10008b2c:	e6c6      	b.n	100088bc <tud_task_ext+0x304>
10008b2e:	2208      	movs	r2, #8
10008b30:	782b      	ldrb	r3, [r5, #0]
10008b32:	4313      	orrs	r3, r2
10008b34:	702b      	strb	r3, [r5, #0]
10008b36:	e718      	b.n	1000896a <tud_task_ext+0x3b2>
10008b38:	7a23      	ldrb	r3, [r4, #8]
10008b3a:	2b0f      	cmp	r3, #15
10008b3c:	d900      	bls.n	10008b40 <tud_task_ext+0x588>
10008b3e:	e6bd      	b.n	100088bc <tud_task_ext+0x304>
10008b40:	18eb      	adds	r3, r5, r3
10008b42:	791d      	ldrb	r5, [r3, #4]
10008b44:	4b44      	ldr	r3, [pc, #272]	@ (10008c58 <tud_task_ext+0x6a0>)
10008b46:	781b      	ldrb	r3, [r3, #0]
10008b48:	429d      	cmp	r5, r3
10008b4a:	d228      	bcs.n	10008b9e <tud_task_ext+0x5e6>
10008b4c:	4b44      	ldr	r3, [pc, #272]	@ (10008c60 <tud_task_ext+0x6a8>)
10008b4e:	016d      	lsls	r5, r5, #5
10008b50:	681b      	ldr	r3, [r3, #0]
10008b52:	195d      	adds	r5, r3, r5
10008b54:	2d00      	cmp	r5, #0
10008b56:	d100      	bne.n	10008b5a <tud_task_ext+0x5a2>
10008b58:	e6b0      	b.n	100088bc <tud_task_ext+0x304>
10008b5a:	6968      	ldr	r0, [r5, #20]
10008b5c:	f000 fa56 	bl	1000900c <usbd_control_set_complete_callback>
10008b60:	2101      	movs	r1, #1
10008b62:	4658      	mov	r0, fp
10008b64:	696b      	ldr	r3, [r5, #20]
10008b66:	aa0e      	add	r2, sp, #56	@ 0x38
10008b68:	4798      	blx	r3
10008b6a:	e6b8      	b.n	100088de <tud_task_ext+0x326>
10008b6c:	2a00      	cmp	r2, #0
10008b6e:	d000      	beq.n	10008b72 <tud_task_ext+0x5ba>
10008b70:	e6a4      	b.n	100088bc <tud_task_ext+0x304>
10008b72:	2300      	movs	r3, #0
10008b74:	4699      	mov	r9, r3
10008b76:	7962      	ldrb	r2, [r4, #5]
10008b78:	2002      	movs	r0, #2
10008b7a:	0013      	movs	r3, r2
10008b7c:	9203      	str	r2, [sp, #12]
10008b7e:	4383      	bics	r3, r0
10008b80:	2b01      	cmp	r3, #1
10008b82:	d015      	beq.n	10008bb0 <tud_task_ext+0x5f8>
10008b84:	2a00      	cmp	r2, #0
10008b86:	d000      	beq.n	10008b8a <tud_task_ext+0x5d2>
10008b88:	e698      	b.n	100088bc <tud_task_ext+0x304>
10008b8a:	002b      	movs	r3, r5
10008b8c:	4443      	add	r3, r8
10008b8e:	4453      	add	r3, sl
10008b90:	3330      	adds	r3, #48	@ 0x30
10008b92:	791b      	ldrb	r3, [r3, #4]
10008b94:	aa0c      	add	r2, sp, #48	@ 0x30
10008b96:	079b      	lsls	r3, r3, #30
10008b98:	0fdb      	lsrs	r3, r3, #31
10008b9a:	3202      	adds	r2, #2
10008b9c:	e7bc      	b.n	10008b18 <tud_task_ext+0x560>
10008b9e:	1c5a      	adds	r2, r3, #1
10008ba0:	42aa      	cmp	r2, r5
10008ba2:	da00      	bge.n	10008ba6 <tud_task_ext+0x5ee>
10008ba4:	e68a      	b.n	100088bc <tud_task_ext+0x304>
10008ba6:	1aed      	subs	r5, r5, r3
10008ba8:	4b2c      	ldr	r3, [pc, #176]	@ (10008c5c <tud_task_ext+0x6a4>)
10008baa:	016d      	lsls	r5, r5, #5
10008bac:	18ed      	adds	r5, r5, r3
10008bae:	e7d4      	b.n	10008b5a <tud_task_ext+0x5a2>
10008bb0:	88e3      	ldrh	r3, [r4, #6]
10008bb2:	2b00      	cmp	r3, #0
10008bb4:	d112      	bne.n	10008bdc <tud_task_ext+0x624>
10008bb6:	9b02      	ldr	r3, [sp, #8]
10008bb8:	7818      	ldrb	r0, [r3, #0]
10008bba:	9b03      	ldr	r3, [sp, #12]
10008bbc:	2b01      	cmp	r3, #1
10008bbe:	d023      	beq.n	10008c08 <tud_task_ext+0x650>
10008bc0:	f7ff fbea 	bl	10008398 <dcd_edpt_stall>
10008bc4:	4643      	mov	r3, r8
10008bc6:	2102      	movs	r1, #2
10008bc8:	18eb      	adds	r3, r5, r3
10008bca:	4453      	add	r3, sl
10008bcc:	3330      	adds	r3, #48	@ 0x30
10008bce:	791a      	ldrb	r2, [r3, #4]
10008bd0:	430a      	orrs	r2, r1
10008bd2:	2101      	movs	r1, #1
10008bd4:	711a      	strb	r2, [r3, #4]
10008bd6:	791a      	ldrb	r2, [r3, #4]
10008bd8:	430a      	orrs	r2, r1
10008bda:	711a      	strb	r2, [r3, #4]
10008bdc:	464b      	mov	r3, r9
10008bde:	2b00      	cmp	r3, #0
10008be0:	d100      	bne.n	10008be4 <tud_task_ext+0x62c>
10008be2:	e4ff      	b.n	100085e4 <tud_task_ext+0x2c>
10008be4:	6958      	ldr	r0, [r3, #20]
10008be6:	f000 fa11 	bl	1000900c <usbd_control_set_complete_callback>
10008bea:	464b      	mov	r3, r9
10008bec:	2101      	movs	r1, #1
10008bee:	695b      	ldr	r3, [r3, #20]
10008bf0:	aa0e      	add	r2, sp, #56	@ 0x38
10008bf2:	4658      	mov	r0, fp
10008bf4:	4798      	blx	r3
10008bf6:	2000      	movs	r0, #0
10008bf8:	f000 fa08 	bl	1000900c <usbd_control_set_complete_callback>
10008bfc:	2335      	movs	r3, #53	@ 0x35
10008bfe:	5ceb      	ldrb	r3, [r5, r3]
10008c00:	07db      	lsls	r3, r3, #31
10008c02:	d500      	bpl.n	10008c06 <tud_task_ext+0x64e>
10008c04:	e4ee      	b.n	100085e4 <tud_task_ext+0x2c>
10008c06:	e6b0      	b.n	1000896a <tud_task_ext+0x3b2>
10008c08:	f7ff fbe4 	bl	100083d4 <dcd_edpt_clear_stall>
10008c0c:	4643      	mov	r3, r8
10008c0e:	2102      	movs	r1, #2
10008c10:	18eb      	adds	r3, r5, r3
10008c12:	4453      	add	r3, sl
10008c14:	3330      	adds	r3, #48	@ 0x30
10008c16:	791a      	ldrb	r2, [r3, #4]
10008c18:	438a      	bics	r2, r1
10008c1a:	711a      	strb	r2, [r3, #4]
10008c1c:	791a      	ldrb	r2, [r3, #4]
10008c1e:	9903      	ldr	r1, [sp, #12]
10008c20:	438a      	bics	r2, r1
10008c22:	711a      	strb	r2, [r3, #4]
10008c24:	e7da      	b.n	10008bdc <tud_task_ext+0x624>
10008c26:	f7ff fc37 	bl	10008498 <tud_umount_cb>
10008c2a:	e69e      	b.n	1000896a <tud_task_ext+0x3b2>
10008c2c:	2100      	movs	r1, #0
10008c2e:	4658      	mov	r0, fp
10008c30:	f7ff faf6 	bl	10008220 <dcd_sof_enable>
10008c34:	4658      	mov	r0, fp
10008c36:	f7ff fb99 	bl	1000836c <dcd_edpt_close_all>
10008c3a:	78ab      	ldrb	r3, [r5, #2]
10008c3c:	4907      	ldr	r1, [pc, #28]	@ (10008c5c <tud_task_ext+0x6a4>)
10008c3e:	9303      	str	r3, [sp, #12]
10008c40:	9104      	str	r1, [sp, #16]
10008c42:	4b05      	ldr	r3, [pc, #20]	@ (10008c58 <tud_task_ext+0x6a0>)
10008c44:	4906      	ldr	r1, [pc, #24]	@ (10008c60 <tud_task_ext+0x6a8>)
10008c46:	4698      	mov	r8, r3
10008c48:	781a      	ldrb	r2, [r3, #0]
10008c4a:	9105      	str	r1, [sp, #20]
10008c4c:	2300      	movs	r3, #0
10008c4e:	0029      	movs	r1, r5
10008c50:	001d      	movs	r5, r3
10008c52:	468a      	mov	sl, r1
10008c54:	e01b      	b.n	10008c8e <tud_task_ext+0x6d6>
10008c56:	46c0      	nop			@ (mov r8, r8)
10008c58:	200023e0 	.word	0x200023e0
10008c5c:	1000ae74 	.word	0x1000ae74
10008c60:	200016f0 	.word	0x200016f0
10008c64:	200018b4 	.word	0x200018b4
10008c68:	1000ae18 	.word	0x1000ae18
10008c6c:	9b05      	ldr	r3, [sp, #20]
10008c6e:	016a      	lsls	r2, r5, #5
10008c70:	681b      	ldr	r3, [r3, #0]
10008c72:	189b      	adds	r3, r3, r2
10008c74:	2b00      	cmp	r3, #0
10008c76:	d04d      	beq.n	10008d14 <tud_task_ext+0x75c>
10008c78:	68db      	ldr	r3, [r3, #12]
10008c7a:	4658      	mov	r0, fp
10008c7c:	4798      	blx	r3
10008c7e:	4643      	mov	r3, r8
10008c80:	781a      	ldrb	r2, [r3, #0]
10008c82:	3501      	adds	r5, #1
10008c84:	b2ed      	uxtb	r5, r5
10008c86:	1c51      	adds	r1, r2, #1
10008c88:	002b      	movs	r3, r5
10008c8a:	428d      	cmp	r5, r1
10008c8c:	dc2e      	bgt.n	10008cec <tud_task_ext+0x734>
10008c8e:	4295      	cmp	r5, r2
10008c90:	d3ec      	bcc.n	10008c6c <tud_task_ext+0x6b4>
10008c92:	1a9b      	subs	r3, r3, r2
10008c94:	9a04      	ldr	r2, [sp, #16]
10008c96:	015b      	lsls	r3, r3, #5
10008c98:	4694      	mov	ip, r2
10008c9a:	4463      	add	r3, ip
10008c9c:	e7ec      	b.n	10008c78 <tud_task_ext+0x6c0>
10008c9e:	ab0c      	add	r3, sp, #48	@ 0x30
10008ca0:	1c9a      	adds	r2, r3, #2
10008ca2:	4658      	mov	r0, fp
10008ca4:	2301      	movs	r3, #1
10008ca6:	a90e      	add	r1, sp, #56	@ 0x38
10008ca8:	7015      	strb	r5, [r2, #0]
10008caa:	f000 f951 	bl	10008f50 <tud_control_xfer>
10008cae:	e499      	b.n	100085e4 <tud_task_ext+0x2c>
10008cb0:	9a0b      	ldr	r2, [sp, #44]	@ 0x2c
10008cb2:	2a01      	cmp	r2, #1
10008cb4:	d04f      	beq.n	10008d56 <tud_task_ext+0x79e>
10008cb6:	2a00      	cmp	r2, #0
10008cb8:	d03c      	beq.n	10008d34 <tud_task_ext+0x77c>
10008cba:	2300      	movs	r3, #0
10008cbc:	78b0      	ldrb	r0, [r6, #2]
10008cbe:	e004      	b.n	10008cca <tud_task_ext+0x712>
10008cc0:	3301      	adds	r3, #1
10008cc2:	b2db      	uxtb	r3, r3
10008cc4:	710f      	strb	r7, [r1, #4]
10008cc6:	4293      	cmp	r3, r2
10008cc8:	d234      	bcs.n	10008d34 <tud_task_ext+0x77c>
10008cca:	18c1      	adds	r1, r0, r3
10008ccc:	b2c9      	uxtb	r1, r1
10008cce:	4441      	add	r1, r8
10008cd0:	790d      	ldrb	r5, [r1, #4]
10008cd2:	2dff      	cmp	r5, #255	@ 0xff
10008cd4:	d0f4      	beq.n	10008cc0 <tud_task_ext+0x708>
10008cd6:	464e      	mov	r6, r9
10008cd8:	4645      	mov	r5, r8
10008cda:	4657      	mov	r7, sl
10008cdc:	2300      	movs	r3, #0
10008cde:	706b      	strb	r3, [r5, #1]
10008ce0:	e5ec      	b.n	100088bc <tud_task_ext+0x304>
10008ce2:	464e      	mov	r6, r9
10008ce4:	4657      	mov	r7, sl
10008ce6:	f7ff fbd5 	bl	10008494 <tud_mount_cb>
10008cea:	e63e      	b.n	1000896a <tud_task_ext+0x3b2>
10008cec:	4655      	mov	r5, sl
10008cee:	2254      	movs	r2, #84	@ 0x54
10008cf0:	2100      	movs	r1, #0
10008cf2:	0028      	movs	r0, r5
10008cf4:	f7fc ff8c 	bl	10005c10 <__wrap_memset>
10008cf8:	2210      	movs	r2, #16
10008cfa:	21ff      	movs	r1, #255	@ 0xff
10008cfc:	1d28      	adds	r0, r5, #4
10008cfe:	f7fc ff87 	bl	10005c10 <__wrap_memset>
10008d02:	0028      	movs	r0, r5
10008d04:	2220      	movs	r2, #32
10008d06:	21ff      	movs	r1, #255	@ 0xff
10008d08:	3014      	adds	r0, #20
10008d0a:	f7fc ff81 	bl	10005c10 <__wrap_memset>
10008d0e:	9b03      	ldr	r3, [sp, #12]
10008d10:	70ab      	strb	r3, [r5, #2]
10008d12:	e657      	b.n	100089c4 <tud_task_ext+0x40c>
10008d14:	4655      	mov	r5, sl
10008d16:	e7fa      	b.n	10008d0e <tud_task_ext+0x756>
10008d18:	f7fe feaa 	bl	10007a70 <tud_descriptor_bos_cb>
10008d1c:	1e02      	subs	r2, r0, #0
10008d1e:	d100      	bne.n	10008d22 <tud_task_ext+0x76a>
10008d20:	e5cc      	b.n	100088bc <tud_task_ext+0x304>
10008d22:	78d3      	ldrb	r3, [r2, #3]
10008d24:	7891      	ldrb	r1, [r2, #2]
10008d26:	021b      	lsls	r3, r3, #8
10008d28:	430b      	orrs	r3, r1
10008d2a:	4658      	mov	r0, fp
10008d2c:	a90e      	add	r1, sp, #56	@ 0x38
10008d2e:	f000 f90f 	bl	10008f50 <tud_control_xfer>
10008d32:	e5d4      	b.n	100088de <tud_task_ext+0x326>
10008d34:	4665      	mov	r5, ip
10008d36:	003b      	movs	r3, r7
10008d38:	002a      	movs	r2, r5
10008d3a:	0031      	movs	r1, r6
10008d3c:	980a      	ldr	r0, [sp, #40]	@ 0x28
10008d3e:	f000 fe7f 	bl	10009a40 <tu_edpt_bind_driver>
10008d42:	46ac      	mov	ip, r5
10008d44:	9b04      	ldr	r3, [sp, #16]
10008d46:	9a03      	ldr	r2, [sp, #12]
10008d48:	781b      	ldrb	r3, [r3, #0]
10008d4a:	4466      	add	r6, ip
10008d4c:	3301      	adds	r3, #1
10008d4e:	4293      	cmp	r3, r2
10008d50:	db00      	blt.n	10008d54 <tud_task_ext+0x79c>
10008d52:	e66c      	b.n	10008a2e <tud_task_ext+0x476>
10008d54:	e7bf      	b.n	10008cd6 <tud_task_ext+0x71e>
10008d56:	4b17      	ldr	r3, [pc, #92]	@ (10008db4 <tud_task_ext+0x7fc>)
10008d58:	6929      	ldr	r1, [r5, #16]
10008d5a:	4299      	cmp	r1, r3
10008d5c:	d1ad      	bne.n	10008cba <tud_task_ext+0x702>
10008d5e:	9a07      	ldr	r2, [sp, #28]
10008d60:	e7ab      	b.n	10008cba <tud_task_ext+0x702>
10008d62:	f7ff fb93 	bl	1000848c <tud_descriptor_device_qualifier_cb>
10008d66:	1e02      	subs	r2, r0, #0
10008d68:	d100      	bne.n	10008d6c <tud_task_ext+0x7b4>
10008d6a:	e5a7      	b.n	100088bc <tud_task_ext+0x304>
10008d6c:	4658      	mov	r0, fp
10008d6e:	7813      	ldrb	r3, [r2, #0]
10008d70:	a90e      	add	r1, sp, #56	@ 0x38
10008d72:	f000 f8ed 	bl	10008f50 <tud_control_xfer>
10008d76:	e5b2      	b.n	100088de <tud_task_ext+0x326>
10008d78:	8921      	ldrh	r1, [r4, #8]
10008d7a:	f7ff f8c3 	bl	10007f04 <tud_descriptor_string_cb>
10008d7e:	1e02      	subs	r2, r0, #0
10008d80:	d1f4      	bne.n	10008d6c <tud_task_ext+0x7b4>
10008d82:	e59b      	b.n	100088bc <tud_task_ext+0x304>
10008d84:	2a02      	cmp	r2, #2
10008d86:	d00f      	beq.n	10008da8 <tud_task_ext+0x7f0>
10008d88:	f7ff fb82 	bl	10008490 <tud_descriptor_other_speed_configuration_cb>
10008d8c:	1e02      	subs	r2, r0, #0
10008d8e:	d1c8      	bne.n	10008d22 <tud_task_ext+0x76a>
10008d90:	e594      	b.n	100088bc <tud_task_ext+0x304>
10008d92:	f7ff f8af 	bl	10007ef4 <tud_descriptor_device_cb>
10008d96:	1e02      	subs	r2, r0, #0
10008d98:	d100      	bne.n	10008d9c <tud_task_ext+0x7e4>
10008d9a:	e58f      	b.n	100088bc <tud_task_ext+0x304>
10008d9c:	2312      	movs	r3, #18
10008d9e:	4658      	mov	r0, fp
10008da0:	a90e      	add	r1, sp, #56	@ 0x38
10008da2:	f000 f8d5 	bl	10008f50 <tud_control_xfer>
10008da6:	e59a      	b.n	100088de <tud_task_ext+0x326>
10008da8:	f7ff f8a8 	bl	10007efc <tud_descriptor_configuration_cb>
10008dac:	1e02      	subs	r2, r0, #0
10008dae:	d1b8      	bne.n	10008d22 <tud_task_ext+0x76a>
10008db0:	e584      	b.n	100088bc <tud_task_ext+0x304>
10008db2:	46c0      	nop			@ (mov r8, r8)
10008db4:	10009409 	.word	0x10009409

10008db8 <usbd_open_edpt_pair>:
10008db8:	b5f8      	push	{r3, r4, r5, r6, r7, lr}
10008dba:	4657      	mov	r7, sl
10008dbc:	464e      	mov	r6, r9
10008dbe:	46de      	mov	lr, fp
10008dc0:	4645      	mov	r5, r8
10008dc2:	000c      	movs	r4, r1
10008dc4:	b5e0      	push	{r5, r6, r7, lr}
10008dc6:	0016      	movs	r6, r2
10008dc8:	001f      	movs	r7, r3
10008dca:	2a00      	cmp	r2, #0
10008dcc:	d03c      	beq.n	10008e48 <usbd_open_edpt_pair+0x90>
10008dce:	2370      	movs	r3, #112	@ 0x70
10008dd0:	4698      	mov	r8, r3
10008dd2:	4b1e      	ldr	r3, [pc, #120]	@ (10008e4c <usbd_open_edpt_pair+0x94>)
10008dd4:	2500      	movs	r5, #0
10008dd6:	469b      	mov	fp, r3
10008dd8:	4b1d      	ldr	r3, [pc, #116]	@ (10008e50 <usbd_open_edpt_pair+0x98>)
10008dda:	469a      	mov	sl, r3
10008ddc:	e01a      	b.n	10008e14 <usbd_open_edpt_pair+0x5c>
10008dde:	465b      	mov	r3, fp
10008de0:	781b      	ldrb	r3, [r3, #0]
10008de2:	0020      	movs	r0, r4
10008de4:	4699      	mov	r9, r3
10008de6:	4653      	mov	r3, sl
10008de8:	7899      	ldrb	r1, [r3, #2]
10008dea:	f000 fdeb 	bl	100099c4 <tu_edpt_validate>
10008dee:	2800      	cmp	r0, #0
10008df0:	d01c      	beq.n	10008e2c <usbd_open_edpt_pair+0x74>
10008df2:	0021      	movs	r1, r4
10008df4:	4648      	mov	r0, r9
10008df6:	f7ff fa2f 	bl	10008258 <dcd_edpt_open>
10008dfa:	2800      	cmp	r0, #0
10008dfc:	d016      	beq.n	10008e2c <usbd_open_edpt_pair+0x74>
10008dfe:	78a3      	ldrb	r3, [r4, #2]
10008e00:	09da      	lsrs	r2, r3, #7
10008e02:	2a01      	cmp	r2, #1
10008e04:	d019      	beq.n	10008e3a <usbd_open_edpt_pair+0x82>
10008e06:	9a0a      	ldr	r2, [sp, #40]	@ 0x28
10008e08:	3501      	adds	r5, #1
10008e0a:	7013      	strb	r3, [r2, #0]
10008e0c:	7823      	ldrb	r3, [r4, #0]
10008e0e:	18e4      	adds	r4, r4, r3
10008e10:	42b5      	cmp	r5, r6
10008e12:	da19      	bge.n	10008e48 <usbd_open_edpt_pair+0x90>
10008e14:	7863      	ldrb	r3, [r4, #1]
10008e16:	2b05      	cmp	r3, #5
10008e18:	d108      	bne.n	10008e2c <usbd_open_edpt_pair+0x74>
10008e1a:	78e3      	ldrb	r3, [r4, #3]
10008e1c:	079b      	lsls	r3, r3, #30
10008e1e:	0f9b      	lsrs	r3, r3, #30
10008e20:	42bb      	cmp	r3, r7
10008e22:	d103      	bne.n	10008e2c <usbd_open_edpt_pair+0x74>
10008e24:	4642      	mov	r2, r8
10008e26:	78a3      	ldrb	r3, [r4, #2]
10008e28:	421a      	tst	r2, r3
10008e2a:	d0d8      	beq.n	10008dde <usbd_open_edpt_pair+0x26>
10008e2c:	2000      	movs	r0, #0
10008e2e:	bcf0      	pop	{r4, r5, r6, r7}
10008e30:	46bb      	mov	fp, r7
10008e32:	46b2      	mov	sl, r6
10008e34:	46a9      	mov	r9, r5
10008e36:	46a0      	mov	r8, r4
10008e38:	bdf8      	pop	{r3, r4, r5, r6, r7, pc}
10008e3a:	9a0b      	ldr	r2, [sp, #44]	@ 0x2c
10008e3c:	3501      	adds	r5, #1
10008e3e:	7013      	strb	r3, [r2, #0]
10008e40:	7823      	ldrb	r3, [r4, #0]
10008e42:	18e4      	adds	r4, r4, r3
10008e44:	42b5      	cmp	r5, r6
10008e46:	dbe5      	blt.n	10008e14 <usbd_open_edpt_pair+0x5c>
10008e48:	2001      	movs	r0, #1
10008e4a:	e7f0      	b.n	10008e2e <usbd_open_edpt_pair+0x76>
10008e4c:	20001354 	.word	0x20001354
10008e50:	200018a0 	.word	0x200018a0

10008e54 <usbd_edpt_open>:
10008e54:	2270      	movs	r2, #112	@ 0x70
10008e56:	b570      	push	{r4, r5, r6, lr}
10008e58:	788b      	ldrb	r3, [r1, #2]
10008e5a:	000c      	movs	r4, r1
10008e5c:	421a      	tst	r2, r3
10008e5e:	d001      	beq.n	10008e64 <usbd_edpt_open+0x10>
10008e60:	2000      	movs	r0, #0
10008e62:	bd70      	pop	{r4, r5, r6, pc}
10008e64:	4b06      	ldr	r3, [pc, #24]	@ (10008e80 <usbd_edpt_open+0x2c>)
10008e66:	0020      	movs	r0, r4
10008e68:	781d      	ldrb	r5, [r3, #0]
10008e6a:	4b06      	ldr	r3, [pc, #24]	@ (10008e84 <usbd_edpt_open+0x30>)
10008e6c:	7899      	ldrb	r1, [r3, #2]
10008e6e:	f000 fda9 	bl	100099c4 <tu_edpt_validate>
10008e72:	2800      	cmp	r0, #0
10008e74:	d0f4      	beq.n	10008e60 <usbd_edpt_open+0xc>
10008e76:	0021      	movs	r1, r4
10008e78:	0028      	movs	r0, r5
10008e7a:	f7ff f9ed 	bl	10008258 <dcd_edpt_open>
10008e7e:	e7f0      	b.n	10008e62 <usbd_edpt_open+0xe>
10008e80:	20001354 	.word	0x20001354
10008e84:	200018a0 	.word	0x200018a0

10008e88 <usbd_edpt_claim>:
10008e88:	000b      	movs	r3, r1
10008e8a:	207f      	movs	r0, #127	@ 0x7f
10008e8c:	b510      	push	{r4, lr}
10008e8e:	4018      	ands	r0, r3
10008e90:	09db      	lsrs	r3, r3, #7
10008e92:	3334      	adds	r3, #52	@ 0x34
10008e94:	0040      	lsls	r0, r0, #1
10008e96:	4a04      	ldr	r2, [pc, #16]	@ (10008ea8 <usbd_edpt_claim+0x20>)
10008e98:	18c0      	adds	r0, r0, r3
10008e9a:	4b04      	ldr	r3, [pc, #16]	@ (10008eac <usbd_edpt_claim+0x24>)
10008e9c:	6811      	ldr	r1, [r2, #0]
10008e9e:	18c0      	adds	r0, r0, r3
10008ea0:	f000 fd4c 	bl	1000993c <tu_edpt_claim>
10008ea4:	bd10      	pop	{r4, pc}
10008ea6:	46c0      	nop			@ (mov r8, r8)
10008ea8:	200018f4 	.word	0x200018f4
10008eac:	200018a0 	.word	0x200018a0

10008eb0 <usbd_edpt_release>:
10008eb0:	000b      	movs	r3, r1
10008eb2:	207f      	movs	r0, #127	@ 0x7f
10008eb4:	b510      	push	{r4, lr}
10008eb6:	4018      	ands	r0, r3
10008eb8:	09db      	lsrs	r3, r3, #7
10008eba:	3334      	adds	r3, #52	@ 0x34
10008ebc:	0040      	lsls	r0, r0, #1
10008ebe:	4a04      	ldr	r2, [pc, #16]	@ (10008ed0 <usbd_edpt_release+0x20>)
10008ec0:	18c0      	adds	r0, r0, r3
10008ec2:	4b04      	ldr	r3, [pc, #16]	@ (10008ed4 <usbd_edpt_release+0x24>)
10008ec4:	6811      	ldr	r1, [r2, #0]
10008ec6:	18c0      	adds	r0, r0, r3
10008ec8:	f000 fd60 	bl	1000998c <tu_edpt_release>
10008ecc:	bd10      	pop	{r4, pc}
10008ece:	46c0      	nop			@ (mov r8, r8)
10008ed0:	200018f4 	.word	0x200018f4
10008ed4:	200018a0 	.word	0x200018a0

10008ed8 <usbd_edpt_xfer>:
10008ed8:	b570      	push	{r4, r5, r6, lr}
10008eda:	247f      	movs	r4, #127	@ 0x7f
10008edc:	480f      	ldr	r0, [pc, #60]	@ (10008f1c <usbd_edpt_xfer+0x44>)
10008ede:	400c      	ands	r4, r1
10008ee0:	0064      	lsls	r4, r4, #1
10008ee2:	1904      	adds	r4, r0, r4
10008ee4:	09cd      	lsrs	r5, r1, #7
10008ee6:	1964      	adds	r4, r4, r5
10008ee8:	3430      	adds	r4, #48	@ 0x30
10008eea:	7920      	ldrb	r0, [r4, #4]
10008eec:	07c0      	lsls	r0, r0, #31
10008eee:	d501      	bpl.n	10008ef4 <usbd_edpt_xfer+0x1c>
10008ef0:	2000      	movs	r0, #0
10008ef2:	bd70      	pop	{r4, r5, r6, pc}
10008ef4:	2601      	movs	r6, #1
10008ef6:	7925      	ldrb	r5, [r4, #4]
10008ef8:	4809      	ldr	r0, [pc, #36]	@ (10008f20 <usbd_edpt_xfer+0x48>)
10008efa:	4335      	orrs	r5, r6
10008efc:	7800      	ldrb	r0, [r0, #0]
10008efe:	7125      	strb	r5, [r4, #4]
10008f00:	f7ff fa38 	bl	10008374 <dcd_edpt_xfer>
10008f04:	2800      	cmp	r0, #0
10008f06:	d1f4      	bne.n	10008ef2 <usbd_edpt_xfer+0x1a>
10008f08:	2201      	movs	r2, #1
10008f0a:	7923      	ldrb	r3, [r4, #4]
10008f0c:	4393      	bics	r3, r2
10008f0e:	7123      	strb	r3, [r4, #4]
10008f10:	7923      	ldrb	r3, [r4, #4]
10008f12:	3203      	adds	r2, #3
10008f14:	4393      	bics	r3, r2
10008f16:	7123      	strb	r3, [r4, #4]
10008f18:	e7ea      	b.n	10008ef0 <usbd_edpt_xfer+0x18>
10008f1a:	46c0      	nop			@ (mov r8, r8)
10008f1c:	200018a0 	.word	0x200018a0
10008f20:	20001354 	.word	0x20001354

10008f24 <tud_control_status>:
10008f24:	b570      	push	{r4, r5, r6, lr}
10008f26:	4c09      	ldr	r4, [pc, #36]	@ (10008f4c <tud_control_status+0x28>)
10008f28:	0006      	movs	r6, r0
10008f2a:	2208      	movs	r2, #8
10008f2c:	0020      	movs	r0, r4
10008f2e:	000d      	movs	r5, r1
10008f30:	f7fc fe74 	bl	10005c1c <__wrap___aeabi_memcpy>
10008f34:	2300      	movs	r3, #0
10008f36:	2180      	movs	r1, #128	@ 0x80
10008f38:	60e3      	str	r3, [r4, #12]
10008f3a:	60a3      	str	r3, [r4, #8]
10008f3c:	782b      	ldrb	r3, [r5, #0]
10008f3e:	0030      	movs	r0, r6
10008f40:	4399      	bics	r1, r3
10008f42:	2200      	movs	r2, #0
10008f44:	2300      	movs	r3, #0
10008f46:	f7ff ffc7 	bl	10008ed8 <usbd_edpt_xfer>
10008f4a:	bd70      	pop	{r4, r5, r6, pc}
10008f4c:	20001880 	.word	0x20001880

10008f50 <tud_control_xfer>:
10008f50:	b5f8      	push	{r3, r4, r5, r6, r7, lr}
10008f52:	46ce      	mov	lr, r9
10008f54:	4647      	mov	r7, r8
10008f56:	4690      	mov	r8, r2
10008f58:	4e25      	ldr	r6, [pc, #148]	@ (10008ff0 <tud_control_xfer+0xa0>)
10008f5a:	b580      	push	{r7, lr}
10008f5c:	4681      	mov	r9, r0
10008f5e:	2208      	movs	r2, #8
10008f60:	0030      	movs	r0, r6
10008f62:	000d      	movs	r5, r1
10008f64:	001f      	movs	r7, r3
10008f66:	f7fc fe59 	bl	10005c1c <__wrap___aeabi_memcpy>
10008f6a:	4643      	mov	r3, r8
10008f6c:	60b3      	str	r3, [r6, #8]
10008f6e:	2300      	movs	r3, #0
10008f70:	81f3      	strh	r3, [r6, #14]
10008f72:	79ec      	ldrb	r4, [r5, #7]
10008f74:	79ab      	ldrb	r3, [r5, #6]
10008f76:	0224      	lsls	r4, r4, #8
10008f78:	431c      	orrs	r4, r3
10008f7a:	1c23      	adds	r3, r4, #0
10008f7c:	42bc      	cmp	r4, r7
10008f7e:	d900      	bls.n	10008f82 <tud_control_xfer+0x32>
10008f80:	1c3b      	adds	r3, r7, #0
10008f82:	b29f      	uxth	r7, r3
10008f84:	81b3      	strh	r3, [r6, #12]
10008f86:	2c00      	cmp	r4, #0
10008f88:	d00d      	beq.n	10008fa6 <tud_control_xfer+0x56>
10008f8a:	2f00      	cmp	r7, #0
10008f8c:	d017      	beq.n	10008fbe <tud_control_xfer+0x6e>
10008f8e:	4642      	mov	r2, r8
10008f90:	2a00      	cmp	r2, #0
10008f92:	d02b      	beq.n	10008fec <tud_control_xfer+0x9c>
10008f94:	2f40      	cmp	r7, #64	@ 0x40
10008f96:	d81b      	bhi.n	10008fd0 <tud_control_xfer+0x80>
10008f98:	b29f      	uxth	r7, r3
10008f9a:	7833      	ldrb	r3, [r6, #0]
10008f9c:	2b7f      	cmp	r3, #127	@ 0x7f
10008f9e:	d81c      	bhi.n	10008fda <tud_control_xfer+0x8a>
10008fa0:	2100      	movs	r1, #0
10008fa2:	4a14      	ldr	r2, [pc, #80]	@ (10008ff4 <tud_control_xfer+0xa4>)
10008fa4:	e00f      	b.n	10008fc6 <tud_control_xfer+0x76>
10008fa6:	2180      	movs	r1, #128	@ 0x80
10008fa8:	782b      	ldrb	r3, [r5, #0]
10008faa:	2200      	movs	r2, #0
10008fac:	4399      	bics	r1, r3
10008fae:	4648      	mov	r0, r9
10008fb0:	2300      	movs	r3, #0
10008fb2:	f7ff ff91 	bl	10008ed8 <usbd_edpt_xfer>
10008fb6:	bcc0      	pop	{r6, r7}
10008fb8:	46b9      	mov	r9, r7
10008fba:	46b0      	mov	r8, r6
10008fbc:	bdf8      	pop	{r3, r4, r5, r6, r7, pc}
10008fbe:	237f      	movs	r3, #127	@ 0x7f
10008fc0:	2200      	movs	r2, #0
10008fc2:	7831      	ldrb	r1, [r6, #0]
10008fc4:	4399      	bics	r1, r3
10008fc6:	003b      	movs	r3, r7
10008fc8:	4648      	mov	r0, r9
10008fca:	f7ff ff85 	bl	10008ed8 <usbd_edpt_xfer>
10008fce:	e7f2      	b.n	10008fb6 <tud_control_xfer+0x66>
10008fd0:	2340      	movs	r3, #64	@ 0x40
10008fd2:	b29f      	uxth	r7, r3
10008fd4:	7833      	ldrb	r3, [r6, #0]
10008fd6:	2b7f      	cmp	r3, #127	@ 0x7f
10008fd8:	d9e2      	bls.n	10008fa0 <tud_control_xfer+0x50>
10008fda:	4c06      	ldr	r4, [pc, #24]	@ (10008ff4 <tud_control_xfer+0xa4>)
10008fdc:	003a      	movs	r2, r7
10008fde:	4641      	mov	r1, r8
10008fe0:	0020      	movs	r0, r4
10008fe2:	f7fc fe1b 	bl	10005c1c <__wrap___aeabi_memcpy>
10008fe6:	2180      	movs	r1, #128	@ 0x80
10008fe8:	0022      	movs	r2, r4
10008fea:	e7ec      	b.n	10008fc6 <tud_control_xfer+0x76>
10008fec:	2000      	movs	r0, #0
10008fee:	e7e2      	b.n	10008fb6 <tud_control_xfer+0x66>
10008ff0:	20001880 	.word	0x20001880
10008ff4:	20001840 	.word	0x20001840

10008ff8 <usbd_control_reset>:
10008ff8:	b510      	push	{r4, lr}
10008ffa:	2214      	movs	r2, #20
10008ffc:	2100      	movs	r1, #0
10008ffe:	4802      	ldr	r0, [pc, #8]	@ (10009008 <usbd_control_reset+0x10>)
10009000:	f7fc fe06 	bl	10005c10 <__wrap_memset>
10009004:	bd10      	pop	{r4, pc}
10009006:	46c0      	nop			@ (mov r8, r8)
10009008:	20001880 	.word	0x20001880

1000900c <usbd_control_set_complete_callback>:
1000900c:	4b01      	ldr	r3, [pc, #4]	@ (10009014 <usbd_control_set_complete_callback+0x8>)
1000900e:	6118      	str	r0, [r3, #16]
10009010:	4770      	bx	lr
10009012:	46c0      	nop			@ (mov r8, r8)
10009014:	20001880 	.word	0x20001880

10009018 <usbd_control_set_request>:
10009018:	b510      	push	{r4, lr}
1000901a:	4c05      	ldr	r4, [pc, #20]	@ (10009030 <usbd_control_set_request+0x18>)
1000901c:	0001      	movs	r1, r0
1000901e:	2208      	movs	r2, #8
10009020:	0020      	movs	r0, r4
10009022:	f7fc fdfb 	bl	10005c1c <__wrap___aeabi_memcpy>
10009026:	2300      	movs	r3, #0
10009028:	60a3      	str	r3, [r4, #8]
1000902a:	60e3      	str	r3, [r4, #12]
1000902c:	bd10      	pop	{r4, pc}
1000902e:	46c0      	nop			@ (mov r8, r8)
10009030:	20001880 	.word	0x20001880

10009034 <usbd_control_xfer_cb>:
10009034:	b570      	push	{r4, r5, r6, lr}
10009036:	4c38      	ldr	r4, [pc, #224]	@ (10009118 <usbd_control_xfer_cb+0xe4>)
10009038:	001d      	movs	r5, r3
1000903a:	7823      	ldrb	r3, [r4, #0]
1000903c:	0006      	movs	r6, r0
1000903e:	09da      	lsrs	r2, r3, #7
10009040:	09c9      	lsrs	r1, r1, #7
10009042:	428a      	cmp	r2, r1
10009044:	d010      	beq.n	10009068 <usbd_control_xfer_cb+0x34>
10009046:	2000      	movs	r0, #0
10009048:	2d00      	cmp	r5, #0
1000904a:	d000      	beq.n	1000904e <usbd_control_xfer_cb+0x1a>
1000904c:	bd70      	pop	{r4, r5, r6, pc}
1000904e:	0021      	movs	r1, r4
10009050:	0030      	movs	r0, r6
10009052:	f7ff f8f3 	bl	1000823c <dcd_edpt0_status_complete>
10009056:	6923      	ldr	r3, [r4, #16]
10009058:	2b00      	cmp	r3, #0
1000905a:	d003      	beq.n	10009064 <usbd_control_xfer_cb+0x30>
1000905c:	0022      	movs	r2, r4
1000905e:	2103      	movs	r1, #3
10009060:	0030      	movs	r0, r6
10009062:	4798      	blx	r3
10009064:	2001      	movs	r0, #1
10009066:	e7f1      	b.n	1000904c <usbd_control_xfer_cb+0x18>
10009068:	2b7f      	cmp	r3, #127	@ 0x7f
1000906a:	d806      	bhi.n	1000907a <usbd_control_xfer_cb+0x46>
1000906c:	68a0      	ldr	r0, [r4, #8]
1000906e:	2800      	cmp	r0, #0
10009070:	d034      	beq.n	100090dc <usbd_control_xfer_cb+0xa8>
10009072:	002a      	movs	r2, r5
10009074:	4929      	ldr	r1, [pc, #164]	@ (1000911c <usbd_control_xfer_cb+0xe8>)
10009076:	f7fc fdd1 	bl	10005c1c <__wrap___aeabi_memcpy>
1000907a:	89e2      	ldrh	r2, [r4, #14]
1000907c:	68a1      	ldr	r1, [r4, #8]
1000907e:	1952      	adds	r2, r2, r5
10009080:	88e3      	ldrh	r3, [r4, #6]
10009082:	b292      	uxth	r2, r2
10009084:	1949      	adds	r1, r1, r5
10009086:	81e2      	strh	r2, [r4, #14]
10009088:	60a1      	str	r1, [r4, #8]
1000908a:	4293      	cmp	r3, r2
1000908c:	d014      	beq.n	100090b8 <usbd_control_xfer_cb+0x84>
1000908e:	2d3f      	cmp	r5, #63	@ 0x3f
10009090:	d912      	bls.n	100090b8 <usbd_control_xfer_cb+0x84>
10009092:	89a3      	ldrh	r3, [r4, #12]
10009094:	1a98      	subs	r0, r3, r2
10009096:	1c05      	adds	r5, r0, #0
10009098:	b280      	uxth	r0, r0
1000909a:	2840      	cmp	r0, #64	@ 0x40
1000909c:	d82a      	bhi.n	100090f4 <usbd_control_xfer_cb+0xc0>
1000909e:	7820      	ldrb	r0, [r4, #0]
100090a0:	b2ad      	uxth	r5, r5
100090a2:	287f      	cmp	r0, #127	@ 0x7f
100090a4:	d828      	bhi.n	100090f8 <usbd_control_xfer_cb+0xc4>
100090a6:	2100      	movs	r1, #0
100090a8:	429a      	cmp	r2, r3
100090aa:	d032      	beq.n	10009112 <usbd_control_xfer_cb+0xde>
100090ac:	4a1b      	ldr	r2, [pc, #108]	@ (1000911c <usbd_control_xfer_cb+0xe8>)
100090ae:	002b      	movs	r3, r5
100090b0:	0030      	movs	r0, r6
100090b2:	f7ff ff11 	bl	10008ed8 <usbd_edpt_xfer>
100090b6:	e7c9      	b.n	1000904c <usbd_control_xfer_cb+0x18>
100090b8:	6923      	ldr	r3, [r4, #16]
100090ba:	2b00      	cmp	r3, #0
100090bc:	d005      	beq.n	100090ca <usbd_control_xfer_cb+0x96>
100090be:	0022      	movs	r2, r4
100090c0:	2102      	movs	r1, #2
100090c2:	0030      	movs	r0, r6
100090c4:	4798      	blx	r3
100090c6:	2800      	cmp	r0, #0
100090c8:	d00a      	beq.n	100090e0 <usbd_control_xfer_cb+0xac>
100090ca:	2180      	movs	r1, #128	@ 0x80
100090cc:	7823      	ldrb	r3, [r4, #0]
100090ce:	2200      	movs	r2, #0
100090d0:	4399      	bics	r1, r3
100090d2:	0030      	movs	r0, r6
100090d4:	2300      	movs	r3, #0
100090d6:	f7ff feff 	bl	10008ed8 <usbd_edpt_xfer>
100090da:	e7b7      	b.n	1000904c <usbd_control_xfer_cb+0x18>
100090dc:	2000      	movs	r0, #0
100090de:	e7b5      	b.n	1000904c <usbd_control_xfer_cb+0x18>
100090e0:	2100      	movs	r1, #0
100090e2:	0030      	movs	r0, r6
100090e4:	f7ff f958 	bl	10008398 <dcd_edpt_stall>
100090e8:	0030      	movs	r0, r6
100090ea:	2180      	movs	r1, #128	@ 0x80
100090ec:	f7ff f954 	bl	10008398 <dcd_edpt_stall>
100090f0:	2001      	movs	r0, #1
100090f2:	e7ab      	b.n	1000904c <usbd_control_xfer_cb+0x18>
100090f4:	2540      	movs	r5, #64	@ 0x40
100090f6:	e7d2      	b.n	1000909e <usbd_control_xfer_cb+0x6a>
100090f8:	429a      	cmp	r2, r3
100090fa:	d007      	beq.n	1000910c <usbd_control_xfer_cb+0xd8>
100090fc:	4c07      	ldr	r4, [pc, #28]	@ (1000911c <usbd_control_xfer_cb+0xe8>)
100090fe:	002a      	movs	r2, r5
10009100:	0020      	movs	r0, r4
10009102:	f7fc fd8b 	bl	10005c1c <__wrap___aeabi_memcpy>
10009106:	2180      	movs	r1, #128	@ 0x80
10009108:	0022      	movs	r2, r4
1000910a:	e7d0      	b.n	100090ae <usbd_control_xfer_cb+0x7a>
1000910c:	2180      	movs	r1, #128	@ 0x80
1000910e:	2200      	movs	r2, #0
10009110:	e7cd      	b.n	100090ae <usbd_control_xfer_cb+0x7a>
10009112:	2200      	movs	r2, #0
10009114:	e7cb      	b.n	100090ae <usbd_control_xfer_cb+0x7a>
10009116:	46c0      	nop			@ (mov r8, r8)
10009118:	20001880 	.word	0x20001880
1000911c:	20001840 	.word	0x20001840

10009120 <_prep_out_transaction.isra.0>:
10009120:	b570      	push	{r4, r5, r6, lr}
10009122:	0004      	movs	r4, r0
10009124:	f7ff f9be 	bl	100084a4 <tud_mounted>
10009128:	2800      	cmp	r0, #0
1000912a:	d100      	bne.n	1000912e <_prep_out_transaction.isra.0+0xe>
1000912c:	bd70      	pop	{r4, r5, r6, pc}
1000912e:	f7ff f9c1 	bl	100084b4 <tud_suspended>
10009132:	2800      	cmp	r0, #0
10009134:	d1fa      	bne.n	1000912c <_prep_out_transaction.isra.0+0xc>
10009136:	23c8      	movs	r3, #200	@ 0xc8
10009138:	4363      	muls	r3, r4
1000913a:	4d12      	ldr	r5, [pc, #72]	@ (10009184 <_prep_out_transaction.isra.0+0x64>)
1000913c:	18ee      	adds	r6, r5, r3
1000913e:	78f1      	ldrb	r1, [r6, #3]
10009140:	2900      	cmp	r1, #0
10009142:	d0f3      	beq.n	1000912c <_prep_out_transaction.isra.0+0xc>
10009144:	3310      	adds	r3, #16
10009146:	195d      	adds	r5, r3, r5
10009148:	0028      	movs	r0, r5
1000914a:	f000 fdf3 	bl	10009d34 <tu_fifo_remaining>
1000914e:	283f      	cmp	r0, #63	@ 0x3f
10009150:	d9ec      	bls.n	1000912c <_prep_out_transaction.isra.0+0xc>
10009152:	2000      	movs	r0, #0
10009154:	78f1      	ldrb	r1, [r6, #3]
10009156:	f7ff fe97 	bl	10008e88 <usbd_edpt_claim>
1000915a:	2800      	cmp	r0, #0
1000915c:	d0e6      	beq.n	1000912c <_prep_out_transaction.isra.0+0xc>
1000915e:	0028      	movs	r0, r5
10009160:	f000 fde8 	bl	10009d34 <tu_fifo_remaining>
10009164:	78f1      	ldrb	r1, [r6, #3]
10009166:	283f      	cmp	r0, #63	@ 0x3f
10009168:	d907      	bls.n	1000917a <_prep_out_transaction.isra.0+0x5a>
1000916a:	4b07      	ldr	r3, [pc, #28]	@ (10009188 <_prep_out_transaction.isra.0+0x68>)
1000916c:	01e2      	lsls	r2, r4, #7
1000916e:	18d2      	adds	r2, r2, r3
10009170:	2000      	movs	r0, #0
10009172:	2340      	movs	r3, #64	@ 0x40
10009174:	f7ff feb0 	bl	10008ed8 <usbd_edpt_xfer>
10009178:	e7d8      	b.n	1000912c <_prep_out_transaction.isra.0+0xc>
1000917a:	2000      	movs	r0, #0
1000917c:	f7ff fe98 	bl	10008eb0 <usbd_edpt_release>
10009180:	e7d4      	b.n	1000912c <_prep_out_transaction.isra.0+0xc>
10009182:	46c0      	nop			@ (mov r8, r8)
10009184:	20001778 	.word	0x20001778
10009188:	200016f4 	.word	0x200016f4

1000918c <tud_cdc_n_connected>:
1000918c:	b510      	push	{r4, lr}
1000918e:	0004      	movs	r4, r0
10009190:	f7ff f988 	bl	100084a4 <tud_mounted>
10009194:	2800      	cmp	r0, #0
10009196:	d101      	bne.n	1000919c <tud_cdc_n_connected+0x10>
10009198:	2000      	movs	r0, #0
1000919a:	bd10      	pop	{r4, pc}
1000919c:	f7ff f98a 	bl	100084b4 <tud_suspended>
100091a0:	2800      	cmp	r0, #0
100091a2:	d1f9      	bne.n	10009198 <tud_cdc_n_connected+0xc>
100091a4:	22c8      	movs	r2, #200	@ 0xc8
100091a6:	4362      	muls	r2, r4
100091a8:	4b02      	ldr	r3, [pc, #8]	@ (100091b4 <tud_cdc_n_connected+0x28>)
100091aa:	3001      	adds	r0, #1
100091ac:	189b      	adds	r3, r3, r2
100091ae:	791b      	ldrb	r3, [r3, #4]
100091b0:	4018      	ands	r0, r3
100091b2:	e7f2      	b.n	1000919a <tud_cdc_n_connected+0xe>
100091b4:	20001778 	.word	0x20001778

100091b8 <tud_cdc_n_available>:
100091b8:	23c8      	movs	r3, #200	@ 0xc8
100091ba:	b510      	push	{r4, lr}
100091bc:	4343      	muls	r3, r0
100091be:	4802      	ldr	r0, [pc, #8]	@ (100091c8 <tud_cdc_n_available+0x10>)
100091c0:	1818      	adds	r0, r3, r0
100091c2:	f000 fd99 	bl	10009cf8 <tu_fifo_count>
100091c6:	bd10      	pop	{r4, pc}
100091c8:	20001788 	.word	0x20001788

100091cc <tud_cdc_n_read>:
100091cc:	b5f8      	push	{r3, r4, r5, r6, r7, lr}
100091ce:	24c8      	movs	r4, #200	@ 0xc8
100091d0:	2380      	movs	r3, #128	@ 0x80
100091d2:	4344      	muls	r4, r0
100091d4:	4f1c      	ldr	r7, [pc, #112]	@ (10009248 <tud_cdc_n_read+0x7c>)
100091d6:	3410      	adds	r4, #16
100091d8:	0005      	movs	r5, r0
100091da:	193c      	adds	r4, r7, r4
100091dc:	025b      	lsls	r3, r3, #9
100091de:	429a      	cmp	r2, r3
100091e0:	d300      	bcc.n	100091e4 <tud_cdc_n_read+0x18>
100091e2:	4a1a      	ldr	r2, [pc, #104]	@ (1000924c <tud_cdc_n_read+0x80>)
100091e4:	0020      	movs	r0, r4
100091e6:	b292      	uxth	r2, r2
100091e8:	f000 fe08 	bl	10009dfc <tu_fifo_read_n>
100091ec:	0006      	movs	r6, r0
100091ee:	f7ff f959 	bl	100084a4 <tud_mounted>
100091f2:	2800      	cmp	r0, #0
100091f4:	d101      	bne.n	100091fa <tud_cdc_n_read+0x2e>
100091f6:	0030      	movs	r0, r6
100091f8:	bdf8      	pop	{r3, r4, r5, r6, r7, pc}
100091fa:	f7ff f95b 	bl	100084b4 <tud_suspended>
100091fe:	2800      	cmp	r0, #0
10009200:	d1f9      	bne.n	100091f6 <tud_cdc_n_read+0x2a>
10009202:	23c8      	movs	r3, #200	@ 0xc8
10009204:	436b      	muls	r3, r5
10009206:	18ff      	adds	r7, r7, r3
10009208:	78fb      	ldrb	r3, [r7, #3]
1000920a:	2b00      	cmp	r3, #0
1000920c:	d0f3      	beq.n	100091f6 <tud_cdc_n_read+0x2a>
1000920e:	0020      	movs	r0, r4
10009210:	f000 fd90 	bl	10009d34 <tu_fifo_remaining>
10009214:	283f      	cmp	r0, #63	@ 0x3f
10009216:	d9ee      	bls.n	100091f6 <tud_cdc_n_read+0x2a>
10009218:	2000      	movs	r0, #0
1000921a:	78f9      	ldrb	r1, [r7, #3]
1000921c:	f7ff fe34 	bl	10008e88 <usbd_edpt_claim>
10009220:	2800      	cmp	r0, #0
10009222:	d0e8      	beq.n	100091f6 <tud_cdc_n_read+0x2a>
10009224:	0020      	movs	r0, r4
10009226:	f000 fd85 	bl	10009d34 <tu_fifo_remaining>
1000922a:	78f9      	ldrb	r1, [r7, #3]
1000922c:	283f      	cmp	r0, #63	@ 0x3f
1000922e:	d907      	bls.n	10009240 <tud_cdc_n_read+0x74>
10009230:	4b07      	ldr	r3, [pc, #28]	@ (10009250 <tud_cdc_n_read+0x84>)
10009232:	01ea      	lsls	r2, r5, #7
10009234:	18d2      	adds	r2, r2, r3
10009236:	2000      	movs	r0, #0
10009238:	2340      	movs	r3, #64	@ 0x40
1000923a:	f7ff fe4d 	bl	10008ed8 <usbd_edpt_xfer>
1000923e:	e7da      	b.n	100091f6 <tud_cdc_n_read+0x2a>
10009240:	2000      	movs	r0, #0
10009242:	f7ff fe35 	bl	10008eb0 <usbd_edpt_release>
10009246:	e7d6      	b.n	100091f6 <tud_cdc_n_read+0x2a>
10009248:	20001778 	.word	0x20001778
1000924c:	0000ffff 	.word	0x0000ffff
10009250:	200016f4 	.word	0x200016f4

10009254 <tud_cdc_n_write_flush>:
10009254:	b5f8      	push	{r3, r4, r5, r6, r7, lr}
10009256:	0004      	movs	r4, r0
10009258:	f7ff f924 	bl	100084a4 <tud_mounted>
1000925c:	2800      	cmp	r0, #0
1000925e:	d101      	bne.n	10009264 <tud_cdc_n_write_flush+0x10>
10009260:	2000      	movs	r0, #0
10009262:	bdf8      	pop	{r3, r4, r5, r6, r7, pc}
10009264:	f7ff f926 	bl	100084b4 <tud_suspended>
10009268:	2800      	cmp	r0, #0
1000926a:	d1f9      	bne.n	10009260 <tud_cdc_n_write_flush+0xc>
1000926c:	25c8      	movs	r5, #200	@ 0xc8
1000926e:	4365      	muls	r5, r4
10009270:	002e      	movs	r6, r5
10009272:	4f13      	ldr	r7, [pc, #76]	@ (100092c0 <tud_cdc_n_write_flush+0x6c>)
10009274:	3624      	adds	r6, #36	@ 0x24
10009276:	19f6      	adds	r6, r6, r7
10009278:	0030      	movs	r0, r6
1000927a:	f000 fd3d 	bl	10009cf8 <tu_fifo_count>
1000927e:	2800      	cmp	r0, #0
10009280:	d0ee      	beq.n	10009260 <tud_cdc_n_write_flush+0xc>
10009282:	197f      	adds	r7, r7, r5
10009284:	2000      	movs	r0, #0
10009286:	78b9      	ldrb	r1, [r7, #2]
10009288:	f7ff fdfe 	bl	10008e88 <usbd_edpt_claim>
1000928c:	2800      	cmp	r0, #0
1000928e:	d0e7      	beq.n	10009260 <tud_cdc_n_write_flush+0xc>
10009290:	4d0c      	ldr	r5, [pc, #48]	@ (100092c4 <tud_cdc_n_write_flush+0x70>)
10009292:	01e4      	lsls	r4, r4, #7
10009294:	1965      	adds	r5, r4, r5
10009296:	0029      	movs	r1, r5
10009298:	2240      	movs	r2, #64	@ 0x40
1000929a:	0030      	movs	r0, r6
1000929c:	f000 fdae 	bl	10009dfc <tu_fifo_read_n>
100092a0:	78b9      	ldrb	r1, [r7, #2]
100092a2:	1e04      	subs	r4, r0, #0
100092a4:	d008      	beq.n	100092b8 <tud_cdc_n_write_flush+0x64>
100092a6:	0003      	movs	r3, r0
100092a8:	002a      	movs	r2, r5
100092aa:	2000      	movs	r0, #0
100092ac:	f7ff fe14 	bl	10008ed8 <usbd_edpt_xfer>
100092b0:	2800      	cmp	r0, #0
100092b2:	d0d5      	beq.n	10009260 <tud_cdc_n_write_flush+0xc>
100092b4:	0020      	movs	r0, r4
100092b6:	e7d4      	b.n	10009262 <tud_cdc_n_write_flush+0xe>
100092b8:	2000      	movs	r0, #0
100092ba:	f7ff fdf9 	bl	10008eb0 <usbd_edpt_release>
100092be:	e7cf      	b.n	10009260 <tud_cdc_n_write_flush+0xc>
100092c0:	20001778 	.word	0x20001778
100092c4:	20001734 	.word	0x20001734

100092c8 <tud_cdc_n_write>:
100092c8:	b570      	push	{r4, r5, r6, lr}
100092ca:	24c8      	movs	r4, #200	@ 0xc8
100092cc:	4344      	muls	r4, r0
100092ce:	4b0c      	ldr	r3, [pc, #48]	@ (10009300 <tud_cdc_n_write+0x38>)
100092d0:	0005      	movs	r5, r0
100092d2:	18e4      	adds	r4, r4, r3
100092d4:	2380      	movs	r3, #128	@ 0x80
100092d6:	025b      	lsls	r3, r3, #9
100092d8:	429a      	cmp	r2, r3
100092da:	d300      	bcc.n	100092de <tud_cdc_n_write+0x16>
100092dc:	4a09      	ldr	r2, [pc, #36]	@ (10009304 <tud_cdc_n_write+0x3c>)
100092de:	0020      	movs	r0, r4
100092e0:	b292      	uxth	r2, r2
100092e2:	f000 fe51 	bl	10009f88 <tu_fifo_write_n>
100092e6:	0006      	movs	r6, r0
100092e8:	0020      	movs	r0, r4
100092ea:	f000 fd05 	bl	10009cf8 <tu_fifo_count>
100092ee:	283f      	cmp	r0, #63	@ 0x3f
100092f0:	d801      	bhi.n	100092f6 <tud_cdc_n_write+0x2e>
100092f2:	0030      	movs	r0, r6
100092f4:	bd70      	pop	{r4, r5, r6, pc}
100092f6:	0028      	movs	r0, r5
100092f8:	f7ff ffac 	bl	10009254 <tud_cdc_n_write_flush>
100092fc:	e7f9      	b.n	100092f2 <tud_cdc_n_write+0x2a>
100092fe:	46c0      	nop			@ (mov r8, r8)
10009300:	2000179c 	.word	0x2000179c
10009304:	0000ffff 	.word	0x0000ffff

10009308 <tud_cdc_n_write_available>:
10009308:	23c8      	movs	r3, #200	@ 0xc8
1000930a:	b510      	push	{r4, lr}
1000930c:	4343      	muls	r3, r0
1000930e:	4802      	ldr	r0, [pc, #8]	@ (10009318 <tud_cdc_n_write_available+0x10>)
10009310:	1818      	adds	r0, r3, r0
10009312:	f000 fd0f 	bl	10009d34 <tu_fifo_remaining>
10009316:	bd10      	pop	{r4, pc}
10009318:	2000179c 	.word	0x2000179c

1000931c <cdcd_init>:
1000931c:	b5f0      	push	{r4, r5, r6, r7, lr}
1000931e:	2500      	movs	r5, #0
10009320:	4c18      	ldr	r4, [pc, #96]	@ (10009384 <cdcd_init+0x68>)
10009322:	b083      	sub	sp, #12
10009324:	22c8      	movs	r2, #200	@ 0xc8
10009326:	2100      	movs	r1, #0
10009328:	0020      	movs	r0, r4
1000932a:	f7fc fc71 	bl	10005c10 <__wrap_memset>
1000932e:	4b16      	ldr	r3, [pc, #88]	@ (10009388 <cdcd_init+0x6c>)
10009330:	0021      	movs	r1, r4
10009332:	701d      	strb	r5, [r3, #0]
10009334:	23ff      	movs	r3, #255	@ 0xff
10009336:	7163      	strb	r3, [r4, #5]
10009338:	23e1      	movs	r3, #225	@ 0xe1
1000933a:	025b      	lsls	r3, r3, #9
1000933c:	60a3      	str	r3, [r4, #8]
1000933e:	0020      	movs	r0, r4
10009340:	2308      	movs	r3, #8
10009342:	2240      	movs	r2, #64	@ 0x40
10009344:	73a3      	strb	r3, [r4, #14]
10009346:	3138      	adds	r1, #56	@ 0x38
10009348:	9500      	str	r5, [sp, #0]
1000934a:	3b07      	subs	r3, #7
1000934c:	3010      	adds	r0, #16
1000934e:	f000 fc9d 	bl	10009c8c <tu_fifo_config>
10009352:	0027      	movs	r7, r4
10009354:	2301      	movs	r3, #1
10009356:	0021      	movs	r1, r4
10009358:	0020      	movs	r0, r4
1000935a:	0026      	movs	r6, r4
1000935c:	2240      	movs	r2, #64	@ 0x40
1000935e:	3178      	adds	r1, #120	@ 0x78
10009360:	9300      	str	r3, [sp, #0]
10009362:	37b8      	adds	r7, #184	@ 0xb8
10009364:	3024      	adds	r0, #36	@ 0x24
10009366:	f000 fc91 	bl	10009c8c <tu_fifo_config>
1000936a:	36c0      	adds	r6, #192	@ 0xc0
1000936c:	0038      	movs	r0, r7
1000936e:	f7fa fded 	bl	10003f4c <mutex_init>
10009372:	0030      	movs	r0, r6
10009374:	f7fa fdea 	bl	10003f4c <mutex_init>
10009378:	61e5      	str	r5, [r4, #28]
1000937a:	6227      	str	r7, [r4, #32]
1000937c:	6326      	str	r6, [r4, #48]	@ 0x30
1000937e:	6365      	str	r5, [r4, #52]	@ 0x34
10009380:	b003      	add	sp, #12
10009382:	bdf0      	pop	{r4, r5, r6, r7, pc}
10009384:	20001778 	.word	0x20001778
10009388:	20001774 	.word	0x20001774

1000938c <cdcd_deinit>:
1000938c:	4a0a      	ldr	r2, [pc, #40]	@ (100093b8 <cdcd_deinit+0x2c>)
1000938e:	6b11      	ldr	r1, [r2, #48]	@ 0x30
10009390:	6a13      	ldr	r3, [r2, #32]
10009392:	2900      	cmp	r1, #0
10009394:	d00c      	beq.n	100093b0 <cdcd_deinit+0x24>
10009396:	2b00      	cmp	r3, #0
10009398:	d007      	beq.n	100093aa <cdcd_deinit+0x1e>
1000939a:	2300      	movs	r3, #0
1000939c:	61d3      	str	r3, [r2, #28]
1000939e:	6353      	str	r3, [r2, #52]	@ 0x34
100093a0:	6313      	str	r3, [r2, #48]	@ 0x30
100093a2:	2300      	movs	r3, #0
100093a4:	6213      	str	r3, [r2, #32]
100093a6:	2001      	movs	r0, #1
100093a8:	4770      	bx	lr
100093aa:	6353      	str	r3, [r2, #52]	@ 0x34
100093ac:	6313      	str	r3, [r2, #48]	@ 0x30
100093ae:	e7fa      	b.n	100093a6 <cdcd_deinit+0x1a>
100093b0:	2b00      	cmp	r3, #0
100093b2:	d0f8      	beq.n	100093a6 <cdcd_deinit+0x1a>
100093b4:	61d1      	str	r1, [r2, #28]
100093b6:	e7f4      	b.n	100093a2 <cdcd_deinit+0x16>
100093b8:	20001778 	.word	0x20001778

100093bc <cdcd_reset>:
100093bc:	b570      	push	{r4, r5, r6, lr}
100093be:	4c0f      	ldr	r4, [pc, #60]	@ (100093fc <cdcd_reset+0x40>)
100093c0:	2205      	movs	r2, #5
100093c2:	2100      	movs	r1, #0
100093c4:	0020      	movs	r0, r4
100093c6:	f7fc fc23 	bl	10005c10 <__wrap_memset>
100093ca:	4d0d      	ldr	r5, [pc, #52]	@ (10009400 <cdcd_reset+0x44>)
100093cc:	782b      	ldrb	r3, [r5, #0]
100093ce:	07da      	lsls	r2, r3, #31
100093d0:	d507      	bpl.n	100093e2 <cdcd_reset+0x26>
100093d2:	4c0c      	ldr	r4, [pc, #48]	@ (10009404 <cdcd_reset+0x48>)
100093d4:	079b      	lsls	r3, r3, #30
100093d6:	d50c      	bpl.n	100093f2 <cdcd_reset+0x36>
100093d8:	2101      	movs	r1, #1
100093da:	0020      	movs	r0, r4
100093dc:	f000 fea8 	bl	1000a130 <tu_fifo_set_overwritable>
100093e0:	bd70      	pop	{r4, r5, r6, pc}
100093e2:	0020      	movs	r0, r4
100093e4:	3010      	adds	r0, #16
100093e6:	f000 fe83 	bl	1000a0f0 <tu_fifo_clear>
100093ea:	782b      	ldrb	r3, [r5, #0]
100093ec:	4c05      	ldr	r4, [pc, #20]	@ (10009404 <cdcd_reset+0x48>)
100093ee:	079b      	lsls	r3, r3, #30
100093f0:	d4f2      	bmi.n	100093d8 <cdcd_reset+0x1c>
100093f2:	0020      	movs	r0, r4
100093f4:	f000 fe7c 	bl	1000a0f0 <tu_fifo_clear>
100093f8:	e7ee      	b.n	100093d8 <cdcd_reset+0x1c>
100093fa:	46c0      	nop			@ (mov r8, r8)
100093fc:	20001778 	.word	0x20001778
10009400:	20001774 	.word	0x20001774
10009404:	2000179c 	.word	0x2000179c

10009408 <cdcd_open>:
10009408:	b5f0      	push	{r4, r5, r6, r7, lr}
1000940a:	794b      	ldrb	r3, [r1, #5]
1000940c:	0006      	movs	r6, r0
1000940e:	b083      	sub	sp, #12
10009410:	2b02      	cmp	r3, #2
10009412:	d102      	bne.n	1000941a <cdcd_open+0x12>
10009414:	798b      	ldrb	r3, [r1, #6]
10009416:	2b02      	cmp	r3, #2
10009418:	d003      	beq.n	10009422 <cdcd_open+0x1a>
1000941a:	2500      	movs	r5, #0
1000941c:	0028      	movs	r0, r5
1000941e:	b003      	add	sp, #12
10009420:	bdf0      	pop	{r4, r5, r6, r7, pc}
10009422:	4f20      	ldr	r7, [pc, #128]	@ (100094a4 <cdcd_open+0x9c>)
10009424:	78bb      	ldrb	r3, [r7, #2]
10009426:	2b00      	cmp	r3, #0
10009428:	d1f7      	bne.n	1000941a <cdcd_open+0x12>
1000942a:	788b      	ldrb	r3, [r1, #2]
1000942c:	2509      	movs	r5, #9
1000942e:	703b      	strb	r3, [r7, #0]
10009430:	780c      	ldrb	r4, [r1, #0]
10009432:	190c      	adds	r4, r1, r4
10009434:	7863      	ldrb	r3, [r4, #1]
10009436:	2b24      	cmp	r3, #36	@ 0x24
10009438:	d007      	beq.n	1000944a <cdcd_open+0x42>
1000943a:	e00c      	b.n	10009456 <cdcd_open+0x4e>
1000943c:	7823      	ldrb	r3, [r4, #0]
1000943e:	18e4      	adds	r4, r4, r3
10009440:	195d      	adds	r5, r3, r5
10009442:	7863      	ldrb	r3, [r4, #1]
10009444:	b2ad      	uxth	r5, r5
10009446:	2b24      	cmp	r3, #36	@ 0x24
10009448:	d105      	bne.n	10009456 <cdcd_open+0x4e>
1000944a:	4295      	cmp	r5, r2
1000944c:	d9f6      	bls.n	1000943c <cdcd_open+0x34>
1000944e:	2000      	movs	r0, #0
10009450:	f7ff fe66 	bl	10009120 <_prep_out_transaction.isra.0>
10009454:	e7e2      	b.n	1000941c <cdcd_open+0x14>
10009456:	001a      	movs	r2, r3
10009458:	2b05      	cmp	r3, #5
1000945a:	d015      	beq.n	10009488 <cdcd_open+0x80>
1000945c:	2a04      	cmp	r2, #4
1000945e:	d1f6      	bne.n	1000944e <cdcd_open+0x46>
10009460:	7963      	ldrb	r3, [r4, #5]
10009462:	2b0a      	cmp	r3, #10
10009464:	d1f3      	bne.n	1000944e <cdcd_open+0x46>
10009466:	4b10      	ldr	r3, [pc, #64]	@ (100094a8 <cdcd_open+0xa0>)
10009468:	7827      	ldrb	r7, [r4, #0]
1000946a:	9301      	str	r3, [sp, #4]
1000946c:	3301      	adds	r3, #1
1000946e:	9300      	str	r3, [sp, #0]
10009470:	0030      	movs	r0, r6
10009472:	2302      	movs	r3, #2
10009474:	19e1      	adds	r1, r4, r7
10009476:	3a02      	subs	r2, #2
10009478:	f7ff fc9e 	bl	10008db8 <usbd_open_edpt_pair>
1000947c:	2800      	cmp	r0, #0
1000947e:	d0cc      	beq.n	1000941a <cdcd_open+0x12>
10009480:	350e      	adds	r5, #14
10009482:	19ed      	adds	r5, r5, r7
10009484:	b2ad      	uxth	r5, r5
10009486:	e7e2      	b.n	1000944e <cdcd_open+0x46>
10009488:	0021      	movs	r1, r4
1000948a:	0030      	movs	r0, r6
1000948c:	f7ff fce2 	bl	10008e54 <usbd_edpt_open>
10009490:	2800      	cmp	r0, #0
10009492:	d0c2      	beq.n	1000941a <cdcd_open+0x12>
10009494:	78a3      	ldrb	r3, [r4, #2]
10009496:	707b      	strb	r3, [r7, #1]
10009498:	7823      	ldrb	r3, [r4, #0]
1000949a:	195d      	adds	r5, r3, r5
1000949c:	18e4      	adds	r4, r4, r3
1000949e:	7862      	ldrb	r2, [r4, #1]
100094a0:	b2ad      	uxth	r5, r5
100094a2:	e7db      	b.n	1000945c <cdcd_open+0x54>
100094a4:	20001778 	.word	0x20001778
100094a8:	2000177a 	.word	0x2000177a

100094ac <cdcd_control_xfer_cb>:
100094ac:	b5f8      	push	{r3, r4, r5, r6, r7, lr}
100094ae:	2360      	movs	r3, #96	@ 0x60
100094b0:	0014      	movs	r4, r2
100094b2:	7812      	ldrb	r2, [r2, #0]
100094b4:	0005      	movs	r5, r0
100094b6:	4013      	ands	r3, r2
100094b8:	2000      	movs	r0, #0
100094ba:	2b20      	cmp	r3, #32
100094bc:	d107      	bne.n	100094ce <cdcd_control_xfer_cb+0x22>
100094be:	4a30      	ldr	r2, [pc, #192]	@ (10009580 <cdcd_control_xfer_cb+0xd4>)
100094c0:	7963      	ldrb	r3, [r4, #5]
100094c2:	7927      	ldrb	r7, [r4, #4]
100094c4:	7816      	ldrb	r6, [r2, #0]
100094c6:	021b      	lsls	r3, r3, #8
100094c8:	433b      	orrs	r3, r7
100094ca:	429e      	cmp	r6, r3
100094cc:	d000      	beq.n	100094d0 <cdcd_control_xfer_cb+0x24>
100094ce:	bdf8      	pop	{r3, r4, r5, r6, r7, pc}
100094d0:	7863      	ldrb	r3, [r4, #1]
100094d2:	2b22      	cmp	r3, #34	@ 0x22
100094d4:	d01a      	beq.n	1000950c <cdcd_control_xfer_cb+0x60>
100094d6:	d807      	bhi.n	100094e8 <cdcd_control_xfer_cb+0x3c>
100094d8:	2b20      	cmp	r3, #32
100094da:	d034      	beq.n	10009546 <cdcd_control_xfer_cb+0x9a>
100094dc:	2b21      	cmp	r3, #33	@ 0x21
100094de:	d1f6      	bne.n	100094ce <cdcd_control_xfer_cb+0x22>
100094e0:	2901      	cmp	r1, #1
100094e2:	d03e      	beq.n	10009562 <cdcd_control_xfer_cb+0xb6>
100094e4:	2001      	movs	r0, #1
100094e6:	e7f2      	b.n	100094ce <cdcd_control_xfer_cb+0x22>
100094e8:	2b23      	cmp	r3, #35	@ 0x23
100094ea:	d1f0      	bne.n	100094ce <cdcd_control_xfer_cb+0x22>
100094ec:	2901      	cmp	r1, #1
100094ee:	d040      	beq.n	10009572 <cdcd_control_xfer_cb+0xc6>
100094f0:	2903      	cmp	r1, #3
100094f2:	d1f7      	bne.n	100094e4 <cdcd_control_xfer_cb+0x38>
100094f4:	4b23      	ldr	r3, [pc, #140]	@ (10009584 <cdcd_control_xfer_cb+0xd8>)
100094f6:	2b00      	cmp	r3, #0
100094f8:	d0f4      	beq.n	100094e4 <cdcd_control_xfer_cb+0x38>
100094fa:	78e1      	ldrb	r1, [r4, #3]
100094fc:	78a3      	ldrb	r3, [r4, #2]
100094fe:	0209      	lsls	r1, r1, #8
10009500:	2000      	movs	r0, #0
10009502:	4319      	orrs	r1, r3
10009504:	e000      	b.n	10009508 <cdcd_control_xfer_cb+0x5c>
10009506:	bf00      	nop
10009508:	2001      	movs	r0, #1
1000950a:	e7e0      	b.n	100094ce <cdcd_control_xfer_cb+0x22>
1000950c:	2901      	cmp	r1, #1
1000950e:	d030      	beq.n	10009572 <cdcd_control_xfer_cb+0xc6>
10009510:	2903      	cmp	r1, #3
10009512:	d1e7      	bne.n	100094e4 <cdcd_control_xfer_cb+0x38>
10009514:	2501      	movs	r5, #1
10009516:	002e      	movs	r6, r5
10009518:	78a3      	ldrb	r3, [r4, #2]
1000951a:	78e4      	ldrb	r4, [r4, #3]
1000951c:	3902      	subs	r1, #2
1000951e:	0224      	lsls	r4, r4, #8
10009520:	431c      	orrs	r4, r3
10009522:	7114      	strb	r4, [r2, #4]
10009524:	4026      	ands	r6, r4
10009526:	3224      	adds	r2, #36	@ 0x24
10009528:	0010      	movs	r0, r2
1000952a:	4071      	eors	r1, r6
1000952c:	f000 fe00 	bl	1000a130 <tu_fifo_set_overwritable>
10009530:	4b15      	ldr	r3, [pc, #84]	@ (10009588 <cdcd_control_xfer_cb+0xdc>)
10009532:	2b00      	cmp	r3, #0
10009534:	d0d6      	beq.n	100094e4 <cdcd_control_xfer_cb+0x38>
10009536:	0862      	lsrs	r2, r4, #1
10009538:	2000      	movs	r0, #0
1000953a:	0031      	movs	r1, r6
1000953c:	402a      	ands	r2, r5
1000953e:	e000      	b.n	10009542 <cdcd_control_xfer_cb+0x96>
10009540:	bf00      	nop
10009542:	2001      	movs	r0, #1
10009544:	e7c3      	b.n	100094ce <cdcd_control_xfer_cb+0x22>
10009546:	2901      	cmp	r1, #1
10009548:	d00b      	beq.n	10009562 <cdcd_control_xfer_cb+0xb6>
1000954a:	2903      	cmp	r1, #3
1000954c:	d1ca      	bne.n	100094e4 <cdcd_control_xfer_cb+0x38>
1000954e:	4b0f      	ldr	r3, [pc, #60]	@ (1000958c <cdcd_control_xfer_cb+0xe0>)
10009550:	2b00      	cmp	r3, #0
10009552:	d0c7      	beq.n	100094e4 <cdcd_control_xfer_cb+0x38>
10009554:	3208      	adds	r2, #8
10009556:	2000      	movs	r0, #0
10009558:	0011      	movs	r1, r2
1000955a:	f7fe faad 	bl	10007ab8 <tud_cdc_line_coding_cb>
1000955e:	2001      	movs	r0, #1
10009560:	e7b5      	b.n	100094ce <cdcd_control_xfer_cb+0x22>
10009562:	2307      	movs	r3, #7
10009564:	0021      	movs	r1, r4
10009566:	0028      	movs	r0, r5
10009568:	4a09      	ldr	r2, [pc, #36]	@ (10009590 <cdcd_control_xfer_cb+0xe4>)
1000956a:	f7ff fcf1 	bl	10008f50 <tud_control_xfer>
1000956e:	2001      	movs	r0, #1
10009570:	e7ad      	b.n	100094ce <cdcd_control_xfer_cb+0x22>
10009572:	0021      	movs	r1, r4
10009574:	0028      	movs	r0, r5
10009576:	f7ff fcd5 	bl	10008f24 <tud_control_status>
1000957a:	2001      	movs	r0, #1
1000957c:	e7a7      	b.n	100094ce <cdcd_control_xfer_cb+0x22>
1000957e:	46c0      	nop			@ (mov r8, r8)
10009580:	20001778 	.word	0x20001778
	...
1000958c:	10007ab9 	.word	0x10007ab9
10009590:	20001780 	.word	0x20001780

10009594 <cdcd_xfer_cb>:
10009594:	b5f0      	push	{r4, r5, r6, r7, lr}
10009596:	464f      	mov	r7, r9
10009598:	4646      	mov	r6, r8
1000959a:	46d6      	mov	lr, sl
1000959c:	b5c0      	push	{r6, r7, lr}
1000959e:	4d36      	ldr	r5, [pc, #216]	@ (10009678 <cdcd_xfer_cb+0xe4>)
100095a0:	4680      	mov	r8, r0
100095a2:	78ea      	ldrb	r2, [r5, #3]
100095a4:	000c      	movs	r4, r1
100095a6:	001f      	movs	r7, r3
100095a8:	428a      	cmp	r2, r1
100095aa:	d03c      	beq.n	10009626 <cdcd_xfer_cb+0x92>
100095ac:	78ab      	ldrb	r3, [r5, #2]
100095ae:	428b      	cmp	r3, r1
100095b0:	d010      	beq.n	100095d4 <cdcd_xfer_cb+0x40>
100095b2:	2000      	movs	r0, #0
100095b4:	bce0      	pop	{r5, r6, r7}
100095b6:	46ba      	mov	sl, r7
100095b8:	46b1      	mov	r9, r6
100095ba:	46a8      	mov	r8, r5
100095bc:	bdf0      	pop	{r4, r5, r6, r7, pc}
100095be:	4b2f      	ldr	r3, [pc, #188]	@ (1000967c <cdcd_xfer_cb+0xe8>)
100095c0:	2b00      	cmp	r3, #0
100095c2:	d004      	beq.n	100095ce <cdcd_xfer_cb+0x3a>
100095c4:	482e      	ldr	r0, [pc, #184]	@ (10009680 <cdcd_xfer_cb+0xec>)
100095c6:	f000 fbad 	bl	10009d24 <tu_fifo_empty>
100095ca:	2800      	cmp	r0, #0
100095cc:	d051      	beq.n	10009672 <cdcd_xfer_cb+0xde>
100095ce:	2000      	movs	r0, #0
100095d0:	f7ff fda6 	bl	10009120 <_prep_out_transaction.isra.0>
100095d4:	78ab      	ldrb	r3, [r5, #2]
100095d6:	42a3      	cmp	r3, r4
100095d8:	d001      	beq.n	100095de <cdcd_xfer_cb+0x4a>
100095da:	2001      	movs	r0, #1
100095dc:	e7ea      	b.n	100095b4 <cdcd_xfer_cb+0x20>
100095de:	4b29      	ldr	r3, [pc, #164]	@ (10009684 <cdcd_xfer_cb+0xf0>)
100095e0:	2b00      	cmp	r3, #0
100095e2:	d002      	beq.n	100095ea <cdcd_xfer_cb+0x56>
100095e4:	2000      	movs	r0, #0
100095e6:	e000      	b.n	100095ea <cdcd_xfer_cb+0x56>
100095e8:	bf00      	nop
100095ea:	2000      	movs	r0, #0
100095ec:	f7ff fe32 	bl	10009254 <tud_cdc_n_write_flush>
100095f0:	2800      	cmp	r0, #0
100095f2:	d1f2      	bne.n	100095da <cdcd_xfer_cb+0x46>
100095f4:	4c24      	ldr	r4, [pc, #144]	@ (10009688 <cdcd_xfer_cb+0xf4>)
100095f6:	0020      	movs	r0, r4
100095f8:	f000 fb7e 	bl	10009cf8 <tu_fifo_count>
100095fc:	2800      	cmp	r0, #0
100095fe:	d1ec      	bne.n	100095da <cdcd_xfer_cb+0x46>
10009600:	2f00      	cmp	r7, #0
10009602:	d0ea      	beq.n	100095da <cdcd_xfer_cb+0x46>
10009604:	06bf      	lsls	r7, r7, #26
10009606:	d1e8      	bne.n	100095da <cdcd_xfer_cb+0x46>
10009608:	3c24      	subs	r4, #36	@ 0x24
1000960a:	4640      	mov	r0, r8
1000960c:	78a1      	ldrb	r1, [r4, #2]
1000960e:	f7ff fc3b 	bl	10008e88 <usbd_edpt_claim>
10009612:	2800      	cmp	r0, #0
10009614:	d0e1      	beq.n	100095da <cdcd_xfer_cb+0x46>
10009616:	2300      	movs	r3, #0
10009618:	2200      	movs	r2, #0
1000961a:	4640      	mov	r0, r8
1000961c:	78a1      	ldrb	r1, [r4, #2]
1000961e:	f7ff fc5b 	bl	10008ed8 <usbd_edpt_xfer>
10009622:	2001      	movs	r0, #1
10009624:	e7c6      	b.n	100095b4 <cdcd_xfer_cb+0x20>
10009626:	b29a      	uxth	r2, r3
10009628:	2310      	movs	r3, #16
1000962a:	469a      	mov	sl, r3
1000962c:	4e17      	ldr	r6, [pc, #92]	@ (1000968c <cdcd_xfer_cb+0xf8>)
1000962e:	44aa      	add	sl, r5
10009630:	0031      	movs	r1, r6
10009632:	4650      	mov	r0, sl
10009634:	f000 fca8 	bl	10009f88 <tu_fifo_write_n>
10009638:	4b15      	ldr	r3, [pc, #84]	@ (10009690 <cdcd_xfer_cb+0xfc>)
1000963a:	2b00      	cmp	r3, #0
1000963c:	d0bf      	beq.n	100095be <cdcd_xfer_cb+0x2a>
1000963e:	796b      	ldrb	r3, [r5, #5]
10009640:	2bff      	cmp	r3, #255	@ 0xff
10009642:	d0bc      	beq.n	100095be <cdcd_xfer_cb+0x2a>
10009644:	2f00      	cmp	r7, #0
10009646:	d0ba      	beq.n	100095be <cdcd_xfer_cb+0x2a>
10009648:	19f2      	adds	r2, r6, r7
1000964a:	4691      	mov	r9, r2
1000964c:	e003      	b.n	10009656 <cdcd_xfer_cb+0xc2>
1000964e:	3601      	adds	r6, #1
10009650:	454e      	cmp	r6, r9
10009652:	d0b4      	beq.n	100095be <cdcd_xfer_cb+0x2a>
10009654:	796b      	ldrb	r3, [r5, #5]
10009656:	7832      	ldrb	r2, [r6, #0]
10009658:	429a      	cmp	r2, r3
1000965a:	d1f8      	bne.n	1000964e <cdcd_xfer_cb+0xba>
1000965c:	4650      	mov	r0, sl
1000965e:	f000 fb61 	bl	10009d24 <tu_fifo_empty>
10009662:	2800      	cmp	r0, #0
10009664:	d1f3      	bne.n	1000964e <cdcd_xfer_cb+0xba>
10009666:	4653      	mov	r3, sl
10009668:	3b10      	subs	r3, #16
1000966a:	7959      	ldrb	r1, [r3, #5]
1000966c:	e000      	b.n	10009670 <cdcd_xfer_cb+0xdc>
1000966e:	bf00      	nop
10009670:	e7ed      	b.n	1000964e <cdcd_xfer_cb+0xba>
10009672:	e000      	b.n	10009676 <cdcd_xfer_cb+0xe2>
10009674:	bf00      	nop
10009676:	e7aa      	b.n	100095ce <cdcd_xfer_cb+0x3a>
10009678:	20001778 	.word	0x20001778
1000967c:	00000000 	.word	0x00000000
10009680:	20001788 	.word	0x20001788
10009684:	00000000 	.word	0x00000000
10009688:	2000179c 	.word	0x2000179c
1000968c:	200016f4 	.word	0x200016f4
10009690:	00000000 	.word	0x00000000

10009694 <vendord_init>:
10009694:	2293      	movs	r2, #147	@ 0x93
10009696:	b5f0      	push	{r4, r5, r6, r7, lr}
10009698:	4c13      	ldr	r4, [pc, #76]	@ (100096e8 <vendord_init+0x54>)
1000969a:	b085      	sub	sp, #20
1000969c:	2100      	movs	r1, #0
1000969e:	0020      	movs	r0, r4
100096a0:	0092      	lsls	r2, r2, #2
100096a2:	f7fc fab5 	bl	10005c10 <__wrap_memset>
100096a6:	0023      	movs	r3, r4
100096a8:	0020      	movs	r0, r4
100096aa:	2680      	movs	r6, #128	@ 0x80
100096ac:	2740      	movs	r7, #64	@ 0x40
100096ae:	4d0f      	ldr	r5, [pc, #60]	@ (100096ec <vendord_init+0x58>)
100096b0:	334d      	adds	r3, #77	@ 0x4d
100096b2:	0076      	lsls	r6, r6, #1
100096b4:	33ff      	adds	r3, #255	@ 0xff
100096b6:	3029      	adds	r0, #41	@ 0x29
100096b8:	9502      	str	r5, [sp, #8]
100096ba:	9300      	str	r3, [sp, #0]
100096bc:	2200      	movs	r2, #0
100096be:	2300      	movs	r3, #0
100096c0:	2100      	movs	r1, #0
100096c2:	9703      	str	r7, [sp, #12]
100096c4:	9601      	str	r6, [sp, #4]
100096c6:	30ff      	adds	r0, #255	@ 0xff
100096c8:	f000 f9d4 	bl	10009a74 <tu_edpt_stream_init>
100096cc:	3540      	adds	r5, #64	@ 0x40
100096ce:	1d20      	adds	r0, r4, #4
100096d0:	3428      	adds	r4, #40	@ 0x28
100096d2:	2300      	movs	r3, #0
100096d4:	2201      	movs	r2, #1
100096d6:	2100      	movs	r1, #0
100096d8:	9703      	str	r7, [sp, #12]
100096da:	9502      	str	r5, [sp, #8]
100096dc:	9601      	str	r6, [sp, #4]
100096de:	9400      	str	r4, [sp, #0]
100096e0:	f000 f9c8 	bl	10009a74 <tu_edpt_stream_init>
100096e4:	b005      	add	sp, #20
100096e6:	bdf0      	pop	{r4, r5, r6, r7, pc}
100096e8:	20001a3c 	.word	0x20001a3c
100096ec:	200019bc 	.word	0x200019bc

100096f0 <vendord_deinit>:
100096f0:	b510      	push	{r4, lr}
100096f2:	4c05      	ldr	r4, [pc, #20]	@ (10009708 <vendord_deinit+0x18>)
100096f4:	0020      	movs	r0, r4
100096f6:	f000 f9f3 	bl	10009ae0 <tu_edpt_stream_deinit>
100096fa:	0020      	movs	r0, r4
100096fc:	3825      	subs	r0, #37	@ 0x25
100096fe:	38ff      	subs	r0, #255	@ 0xff
10009700:	f000 f9ee 	bl	10009ae0 <tu_edpt_stream_deinit>
10009704:	2001      	movs	r0, #1
10009706:	bd10      	pop	{r4, pc}
10009708:	20001b64 	.word	0x20001b64

1000970c <vendord_reset>:
1000970c:	b570      	push	{r4, r5, r6, lr}
1000970e:	4c08      	ldr	r4, [pc, #32]	@ (10009730 <vendord_reset+0x24>)
10009710:	2500      	movs	r5, #0
10009712:	0020      	movs	r0, r4
10009714:	3031      	adds	r0, #49	@ 0x31
10009716:	30ff      	adds	r0, #255	@ 0xff
10009718:	7025      	strb	r5, [r4, #0]
1000971a:	f000 fce9 	bl	1000a0f0 <tu_fifo_clear>
1000971e:	0020      	movs	r0, r4
10009720:	300c      	adds	r0, #12
10009722:	f000 fce5 	bl	1000a0f0 <tu_fifo_clear>
10009726:	232a      	movs	r3, #42	@ 0x2a
10009728:	33ff      	adds	r3, #255	@ 0xff
1000972a:	54e5      	strb	r5, [r4, r3]
1000972c:	7165      	strb	r5, [r4, #5]
1000972e:	bd70      	pop	{r4, r5, r6, pc}
10009730:	20001a3c 	.word	0x20001a3c

10009734 <vendord_open>:
10009734:	b5f8      	push	{r3, r4, r5, r6, r7, lr}
10009736:	4657      	mov	r7, sl
10009738:	4645      	mov	r5, r8
1000973a:	46de      	mov	lr, fp
1000973c:	464e      	mov	r6, r9
1000973e:	b5e0      	push	{r5, r6, r7, lr}
10009740:	794b      	ldrb	r3, [r1, #5]
10009742:	4680      	mov	r8, r0
10009744:	000f      	movs	r7, r1
10009746:	2bff      	cmp	r3, #255	@ 0xff
10009748:	d15b      	bne.n	10009802 <vendord_open+0xce>
1000974a:	4b40      	ldr	r3, [pc, #256]	@ (1000984c <vendord_open+0x118>)
1000974c:	4699      	mov	r9, r3
1000974e:	232a      	movs	r3, #42	@ 0x2a
10009750:	4649      	mov	r1, r9
10009752:	33ff      	adds	r3, #255	@ 0xff
10009754:	5ccb      	ldrb	r3, [r1, r3]
10009756:	2b00      	cmp	r3, #0
10009758:	d153      	bne.n	10009802 <vendord_open+0xce>
1000975a:	794e      	ldrb	r6, [r1, #5]
1000975c:	2e00      	cmp	r6, #0
1000975e:	d150      	bne.n	10009802 <vendord_open+0xce>
10009760:	78bb      	ldrb	r3, [r7, #2]
10009762:	783c      	ldrb	r4, [r7, #0]
10009764:	700b      	strb	r3, [r1, #0]
10009766:	793b      	ldrb	r3, [r7, #4]
10009768:	193c      	adds	r4, r7, r4
1000976a:	2b00      	cmp	r3, #0
1000976c:	d046      	beq.n	100097fc <vendord_open+0xc8>
1000976e:	2398      	movs	r3, #152	@ 0x98
10009770:	005b      	lsls	r3, r3, #1
10009772:	444b      	add	r3, r9
10009774:	469a      	mov	sl, r3
10009776:	230c      	movs	r3, #12
10009778:	444b      	add	r3, r9
1000977a:	469b      	mov	fp, r3
1000977c:	18a5      	adds	r5, r4, r2
1000977e:	e003      	b.n	10009788 <vendord_open+0x54>
10009780:	42ac      	cmp	r4, r5
10009782:	d23b      	bcs.n	100097fc <vendord_open+0xc8>
10009784:	7823      	ldrb	r3, [r4, #0]
10009786:	18e4      	adds	r4, r4, r3
10009788:	7863      	ldrb	r3, [r4, #1]
1000978a:	2b05      	cmp	r3, #5
1000978c:	d1f8      	bne.n	10009780 <vendord_open+0x4c>
1000978e:	42ac      	cmp	r4, r5
10009790:	d234      	bcs.n	100097fc <vendord_open+0xc8>
10009792:	0021      	movs	r1, r4
10009794:	4640      	mov	r0, r8
10009796:	f7ff fb5d 	bl	10008e54 <usbd_edpt_open>
1000979a:	2800      	cmp	r0, #0
1000979c:	d031      	beq.n	10009802 <vendord_open+0xce>
1000979e:	78a3      	ldrb	r3, [r4, #2]
100097a0:	3601      	adds	r6, #1
100097a2:	b2f6      	uxtb	r6, r6
100097a4:	09db      	lsrs	r3, r3, #7
100097a6:	2b01      	cmp	r3, #1
100097a8:	d032      	beq.n	10009810 <vendord_open+0xdc>
100097aa:	4650      	mov	r0, sl
100097ac:	f000 fca0 	bl	1000a0f0 <tu_fifo_clear>
100097b0:	232a      	movs	r3, #42	@ 0x2a
100097b2:	4649      	mov	r1, r9
100097b4:	78a2      	ldrb	r2, [r4, #2]
100097b6:	33ff      	adds	r3, #255	@ 0xff
100097b8:	54ca      	strb	r2, [r1, r3]
100097ba:	7963      	ldrb	r3, [r4, #5]
100097bc:	7922      	ldrb	r2, [r4, #4]
100097be:	021b      	lsls	r3, r3, #8
100097c0:	4313      	orrs	r3, r2
100097c2:	4a23      	ldr	r2, [pc, #140]	@ (10009850 <vendord_open+0x11c>)
100097c4:	055b      	lsls	r3, r3, #21
100097c6:	4694      	mov	ip, r2
100097c8:	0d5b      	lsrs	r3, r3, #21
100097ca:	2194      	movs	r1, #148	@ 0x94
100097cc:	4463      	add	r3, ip
100097ce:	425a      	negs	r2, r3
100097d0:	4153      	adcs	r3, r2
100097d2:	464a      	mov	r2, r9
100097d4:	2002      	movs	r0, #2
100097d6:	0049      	lsls	r1, r1, #1
100097d8:	5c52      	ldrb	r2, [r2, r1]
100097da:	005b      	lsls	r3, r3, #1
100097dc:	4382      	bics	r2, r0
100097de:	4313      	orrs	r3, r2
100097e0:	464a      	mov	r2, r9
100097e2:	5453      	strb	r3, [r2, r1]
100097e4:	4651      	mov	r1, sl
100097e6:	4640      	mov	r0, r8
100097e8:	3908      	subs	r1, #8
100097ea:	f000 f9e3 	bl	10009bb4 <tu_edpt_stream_read_xfer>
100097ee:	2800      	cmp	r0, #0
100097f0:	d007      	beq.n	10009802 <vendord_open+0xce>
100097f2:	7823      	ldrb	r3, [r4, #0]
100097f4:	18e4      	adds	r4, r4, r3
100097f6:	793b      	ldrb	r3, [r7, #4]
100097f8:	42b3      	cmp	r3, r6
100097fa:	d8c5      	bhi.n	10009788 <vendord_open+0x54>
100097fc:	1be0      	subs	r0, r4, r7
100097fe:	b280      	uxth	r0, r0
10009800:	e000      	b.n	10009804 <vendord_open+0xd0>
10009802:	2000      	movs	r0, #0
10009804:	bcf0      	pop	{r4, r5, r6, r7}
10009806:	46bb      	mov	fp, r7
10009808:	46b2      	mov	sl, r6
1000980a:	46a9      	mov	r9, r5
1000980c:	46a0      	mov	r8, r4
1000980e:	bdf8      	pop	{r3, r4, r5, r6, r7, pc}
10009810:	4658      	mov	r0, fp
10009812:	f000 fc6d 	bl	1000a0f0 <tu_fifo_clear>
10009816:	465a      	mov	r2, fp
10009818:	78a3      	ldrb	r3, [r4, #2]
1000981a:	3a0c      	subs	r2, #12
1000981c:	7153      	strb	r3, [r2, #5]
1000981e:	7963      	ldrb	r3, [r4, #5]
10009820:	7921      	ldrb	r1, [r4, #4]
10009822:	021b      	lsls	r3, r3, #8
10009824:	430b      	orrs	r3, r1
10009826:	490a      	ldr	r1, [pc, #40]	@ (10009850 <vendord_open+0x11c>)
10009828:	055b      	lsls	r3, r3, #21
1000982a:	468c      	mov	ip, r1
1000982c:	0d5b      	lsrs	r3, r3, #21
1000982e:	4463      	add	r3, ip
10009830:	4259      	negs	r1, r3
10009832:	414b      	adcs	r3, r1
10009834:	2002      	movs	r0, #2
10009836:	7911      	ldrb	r1, [r2, #4]
10009838:	005b      	lsls	r3, r3, #1
1000983a:	4381      	bics	r1, r0
1000983c:	430b      	orrs	r3, r1
1000983e:	4659      	mov	r1, fp
10009840:	2000      	movs	r0, #0
10009842:	3908      	subs	r1, #8
10009844:	7113      	strb	r3, [r2, #4]
10009846:	f000 f981 	bl	10009b4c <tu_edpt_stream_write_xfer>
1000984a:	e7d2      	b.n	100097f2 <vendord_open+0xbe>
1000984c:	20001a3c 	.word	0x20001a3c
10009850:	fffffe00 	.word	0xfffffe00

10009854 <vendord_xfer_cb>:
10009854:	b5f8      	push	{r3, r4, r5, r6, r7, lr}
10009856:	252a      	movs	r5, #42	@ 0x2a
10009858:	0006      	movs	r6, r0
1000985a:	481f      	ldr	r0, [pc, #124]	@ (100098d8 <vendord_xfer_cb+0x84>)
1000985c:	35ff      	adds	r5, #255	@ 0xff
1000985e:	5d45      	ldrb	r5, [r0, r5]
10009860:	001f      	movs	r7, r3
10009862:	428d      	cmp	r5, r1
10009864:	d015      	beq.n	10009892 <vendord_xfer_cb+0x3e>
10009866:	7943      	ldrb	r3, [r0, #5]
10009868:	428b      	cmp	r3, r1
1000986a:	d001      	beq.n	10009870 <vendord_xfer_cb+0x1c>
1000986c:	2000      	movs	r0, #0
1000986e:	bdf8      	pop	{r3, r4, r5, r6, r7, pc}
10009870:	4b1a      	ldr	r3, [pc, #104]	@ (100098dc <vendord_xfer_cb+0x88>)
10009872:	2b00      	cmp	r3, #0
10009874:	d004      	beq.n	10009880 <vendord_xfer_cb+0x2c>
10009876:	0439      	lsls	r1, r7, #16
10009878:	2000      	movs	r0, #0
1000987a:	0c09      	lsrs	r1, r1, #16
1000987c:	e000      	b.n	10009880 <vendord_xfer_cb+0x2c>
1000987e:	bf00      	nop
10009880:	4c17      	ldr	r4, [pc, #92]	@ (100098e0 <vendord_xfer_cb+0x8c>)
10009882:	0030      	movs	r0, r6
10009884:	0021      	movs	r1, r4
10009886:	f000 f961 	bl	10009b4c <tu_edpt_stream_write_xfer>
1000988a:	2800      	cmp	r0, #0
1000988c:	d01d      	beq.n	100098ca <vendord_xfer_cb+0x76>
1000988e:	2001      	movs	r0, #1
10009890:	e7ed      	b.n	1000986e <vendord_xfer_cb+0x1a>
10009892:	239a      	movs	r3, #154	@ 0x9a
10009894:	005b      	lsls	r3, r3, #1
10009896:	5ac3      	ldrh	r3, [r0, r3]
10009898:	2b00      	cmp	r3, #0
1000989a:	d10d      	bne.n	100098b8 <vendord_xfer_cb+0x64>
1000989c:	4b11      	ldr	r3, [pc, #68]	@ (100098e4 <vendord_xfer_cb+0x90>)
1000989e:	2b00      	cmp	r3, #0
100098a0:	d004      	beq.n	100098ac <vendord_xfer_cb+0x58>
100098a2:	2000      	movs	r0, #0
100098a4:	4910      	ldr	r1, [pc, #64]	@ (100098e8 <vendord_xfer_cb+0x94>)
100098a6:	b2ba      	uxth	r2, r7
100098a8:	e000      	b.n	100098ac <vendord_xfer_cb+0x58>
100098aa:	bf00      	nop
100098ac:	0030      	movs	r0, r6
100098ae:	490f      	ldr	r1, [pc, #60]	@ (100098ec <vendord_xfer_cb+0x98>)
100098b0:	f000 f980 	bl	10009bb4 <tu_edpt_stream_read_xfer>
100098b4:	2001      	movs	r0, #1
100098b6:	e7da      	b.n	1000986e <vendord_xfer_cb+0x1a>
100098b8:	2396      	movs	r3, #150	@ 0x96
100098ba:	005b      	lsls	r3, r3, #1
100098bc:	58c1      	ldr	r1, [r0, r3]
100098be:	3031      	adds	r0, #49	@ 0x31
100098c0:	b2ba      	uxth	r2, r7
100098c2:	30ff      	adds	r0, #255	@ 0xff
100098c4:	f000 fb60 	bl	10009f88 <tu_fifo_write_n>
100098c8:	e7e8      	b.n	1000989c <vendord_xfer_cb+0x48>
100098ca:	003a      	movs	r2, r7
100098cc:	0021      	movs	r1, r4
100098ce:	0030      	movs	r0, r6
100098d0:	f000 f908 	bl	10009ae4 <tu_edpt_stream_write_zlp_if_needed>
100098d4:	2001      	movs	r0, #1
100098d6:	e7ca      	b.n	1000986e <vendord_xfer_cb+0x1a>
100098d8:	20001a3c 	.word	0x20001a3c
100098dc:	00000000 	.word	0x00000000
100098e0:	20001a40 	.word	0x20001a40
100098e4:	00000000 	.word	0x00000000
100098e8:	200019bc 	.word	0x200019bc
100098ec:	20001b64 	.word	0x20001b64

100098f0 <tusb_rhport_init>:
100098f0:	b500      	push	{lr}
100098f2:	0003      	movs	r3, r0
100098f4:	b083      	sub	sp, #12
100098f6:	2900      	cmp	r1, #0
100098f8:	d010      	beq.n	1000991c <tusb_rhport_init+0x2c>
100098fa:	2000      	movs	r0, #0
100098fc:	2b01      	cmp	r3, #1
100098fe:	d807      	bhi.n	10009910 <tusb_rhport_init+0x20>
10009900:	780a      	ldrb	r2, [r1, #0]
10009902:	2a00      	cmp	r2, #0
10009904:	d004      	beq.n	10009910 <tusb_rhport_init+0x20>
10009906:	480c      	ldr	r0, [pc, #48]	@ (10009938 <tusb_rhport_init+0x48>)
10009908:	54c2      	strb	r2, [r0, r3]
1000990a:	2001      	movs	r0, #1
1000990c:	2a01      	cmp	r2, #1
1000990e:	d001      	beq.n	10009914 <tusb_rhport_init+0x24>
10009910:	b003      	add	sp, #12
10009912:	bd00      	pop	{pc}
10009914:	0018      	movs	r0, r3
10009916:	f7fe fdd5 	bl	100084c4 <tud_rhport_init>
1000991a:	e7f9      	b.n	10009910 <tusb_rhport_init+0x20>
1000991c:	2301      	movs	r3, #1
1000991e:	466a      	mov	r2, sp
10009920:	2000      	movs	r0, #0
10009922:	a901      	add	r1, sp, #4
10009924:	8093      	strh	r3, [r2, #4]
10009926:	f7fe fdcd 	bl	100084c4 <tud_rhport_init>
1000992a:	2800      	cmp	r0, #0
1000992c:	d0f0      	beq.n	10009910 <tusb_rhport_init+0x20>
1000992e:	2201      	movs	r2, #1
10009930:	4b01      	ldr	r3, [pc, #4]	@ (10009938 <tusb_rhport_init+0x48>)
10009932:	701a      	strb	r2, [r3, #0]
10009934:	e7ec      	b.n	10009910 <tusb_rhport_init+0x20>
10009936:	46c0      	nop			@ (mov r8, r8)
10009938:	20001894 	.word	0x20001894

1000993c <tu_edpt_claim>:
1000993c:	7803      	ldrb	r3, [r0, #0]
1000993e:	b570      	push	{r4, r5, r6, lr}
10009940:	07db      	lsls	r3, r3, #31
10009942:	0004      	movs	r4, r0
10009944:	000e      	movs	r6, r1
10009946:	0fdd      	lsrs	r5, r3, #31
10009948:	2b00      	cmp	r3, #0
1000994a:	d117      	bne.n	1000997c <tu_edpt_claim+0x40>
1000994c:	7803      	ldrb	r3, [r0, #0]
1000994e:	075b      	lsls	r3, r3, #29
10009950:	d501      	bpl.n	10009956 <tu_edpt_claim+0x1a>
10009952:	0028      	movs	r0, r5
10009954:	bd70      	pop	{r4, r5, r6, pc}
10009956:	2101      	movs	r1, #1
10009958:	0030      	movs	r0, r6
1000995a:	4249      	negs	r1, r1
1000995c:	f000 fe68 	bl	1000a630 <__mutex_enter_timeout_ms_veneer>
10009960:	7823      	ldrb	r3, [r4, #0]
10009962:	07db      	lsls	r3, r3, #31
10009964:	0fdd      	lsrs	r5, r3, #31
10009966:	2b00      	cmp	r3, #0
10009968:	d10a      	bne.n	10009980 <tu_edpt_claim+0x44>
1000996a:	7823      	ldrb	r3, [r4, #0]
1000996c:	075b      	lsls	r3, r3, #29
1000996e:	d408      	bmi.n	10009982 <tu_edpt_claim+0x46>
10009970:	2204      	movs	r2, #4
10009972:	7823      	ldrb	r3, [r4, #0]
10009974:	2501      	movs	r5, #1
10009976:	4313      	orrs	r3, r2
10009978:	7023      	strb	r3, [r4, #0]
1000997a:	e002      	b.n	10009982 <tu_edpt_claim+0x46>
1000997c:	2500      	movs	r5, #0
1000997e:	e7e8      	b.n	10009952 <tu_edpt_claim+0x16>
10009980:	2500      	movs	r5, #0
10009982:	0030      	movs	r0, r6
10009984:	f000 fe24 	bl	1000a5d0 <__mutex_exit_veneer>
10009988:	e7e3      	b.n	10009952 <tu_edpt_claim+0x16>
1000998a:	46c0      	nop			@ (mov r8, r8)

1000998c <tu_edpt_release>:
1000998c:	b570      	push	{r4, r5, r6, lr}
1000998e:	000c      	movs	r4, r1
10009990:	2101      	movs	r1, #1
10009992:	0006      	movs	r6, r0
10009994:	4249      	negs	r1, r1
10009996:	0020      	movs	r0, r4
10009998:	f000 fe4a 	bl	1000a630 <__mutex_enter_timeout_ms_veneer>
1000999c:	7833      	ldrb	r3, [r6, #0]
1000999e:	075b      	lsls	r3, r3, #29
100099a0:	0fdd      	lsrs	r5, r3, #31
100099a2:	2b00      	cmp	r3, #0
100099a4:	db04      	blt.n	100099b0 <tu_edpt_release+0x24>
100099a6:	0020      	movs	r0, r4
100099a8:	f000 fe12 	bl	1000a5d0 <__mutex_exit_veneer>
100099ac:	0028      	movs	r0, r5
100099ae:	bd70      	pop	{r4, r5, r6, pc}
100099b0:	7833      	ldrb	r3, [r6, #0]
100099b2:	07db      	lsls	r3, r3, #31
100099b4:	d404      	bmi.n	100099c0 <tu_edpt_release+0x34>
100099b6:	2204      	movs	r2, #4
100099b8:	7833      	ldrb	r3, [r6, #0]
100099ba:	4393      	bics	r3, r2
100099bc:	7033      	strb	r3, [r6, #0]
100099be:	e7f2      	b.n	100099a6 <tu_edpt_release+0x1a>
100099c0:	2500      	movs	r5, #0
100099c2:	e7f0      	b.n	100099a6 <tu_edpt_release+0x1a>

100099c4 <tu_edpt_validate>:
100099c4:	7943      	ldrb	r3, [r0, #5]
100099c6:	7902      	ldrb	r2, [r0, #4]
100099c8:	021b      	lsls	r3, r3, #8
100099ca:	4313      	orrs	r3, r2
100099cc:	78c2      	ldrb	r2, [r0, #3]
100099ce:	055b      	lsls	r3, r3, #21
100099d0:	0792      	lsls	r2, r2, #30
100099d2:	0d5b      	lsrs	r3, r3, #21
100099d4:	0f92      	lsrs	r2, r2, #30
100099d6:	2a02      	cmp	r2, #2
100099d8:	d01d      	beq.n	10009a16 <tu_edpt_validate+0x52>
100099da:	2a03      	cmp	r2, #3
100099dc:	d00c      	beq.n	100099f8 <tu_edpt_validate+0x34>
100099de:	2000      	movs	r0, #0
100099e0:	2a01      	cmp	r2, #1
100099e2:	d108      	bne.n	100099f6 <tu_edpt_validate+0x32>
100099e4:	3902      	subs	r1, #2
100099e6:	424a      	negs	r2, r1
100099e8:	4151      	adcs	r1, r2
100099ea:	4a12      	ldr	r2, [pc, #72]	@ (10009a34 <tu_edpt_validate+0x70>)
100099ec:	4694      	mov	ip, r2
100099ee:	4461      	add	r1, ip
100099f0:	4299      	cmp	r1, r3
100099f2:	4140      	adcs	r0, r0
100099f4:	b2c0      	uxtb	r0, r0
100099f6:	4770      	bx	lr
100099f8:	3902      	subs	r1, #2
100099fa:	1e4a      	subs	r2, r1, #1
100099fc:	4191      	sbcs	r1, r2
100099fe:	4a0e      	ldr	r2, [pc, #56]	@ (10009a38 <tu_edpt_validate+0x74>)
10009a00:	4249      	negs	r1, r1
10009a02:	4011      	ands	r1, r2
10009a04:	2280      	movs	r2, #128	@ 0x80
10009a06:	00d2      	lsls	r2, r2, #3
10009a08:	4694      	mov	ip, r2
10009a0a:	2000      	movs	r0, #0
10009a0c:	4461      	add	r1, ip
10009a0e:	4299      	cmp	r1, r3
10009a10:	4140      	adcs	r0, r0
10009a12:	b2c0      	uxtb	r0, r0
10009a14:	e7ef      	b.n	100099f6 <tu_edpt_validate+0x32>
10009a16:	2902      	cmp	r1, #2
10009a18:	d005      	beq.n	10009a26 <tu_edpt_validate+0x62>
10009a1a:	2000      	movs	r0, #0
10009a1c:	2240      	movs	r2, #64	@ 0x40
10009a1e:	429a      	cmp	r2, r3
10009a20:	4140      	adcs	r0, r0
10009a22:	b2c0      	uxtb	r0, r0
10009a24:	e7e7      	b.n	100099f6 <tu_edpt_validate+0x32>
10009a26:	4a05      	ldr	r2, [pc, #20]	@ (10009a3c <tu_edpt_validate+0x78>)
10009a28:	1898      	adds	r0, r3, r2
10009a2a:	4243      	negs	r3, r0
10009a2c:	4158      	adcs	r0, r3
10009a2e:	b2c0      	uxtb	r0, r0
10009a30:	e7e1      	b.n	100099f6 <tu_edpt_validate+0x32>
10009a32:	46c0      	nop			@ (mov r8, r8)
10009a34:	000003ff 	.word	0x000003ff
10009a38:	fffffc40 	.word	0xfffffc40
10009a3c:	fffffe00 	.word	0xfffffe00

10009a40 <tu_edpt_bind_driver>:
10009a40:	188a      	adds	r2, r1, r2
10009a42:	b570      	push	{r4, r5, r6, lr}
10009a44:	4291      	cmp	r1, r2
10009a46:	d207      	bcs.n	10009a58 <tu_edpt_bind_driver+0x18>
10009a48:	267f      	movs	r6, #127	@ 0x7f
10009a4a:	784c      	ldrb	r4, [r1, #1]
10009a4c:	2c05      	cmp	r4, #5
10009a4e:	d004      	beq.n	10009a5a <tu_edpt_bind_driver+0x1a>
10009a50:	780c      	ldrb	r4, [r1, #0]
10009a52:	1909      	adds	r1, r1, r4
10009a54:	428a      	cmp	r2, r1
10009a56:	d8f8      	bhi.n	10009a4a <tu_edpt_bind_driver+0xa>
10009a58:	bd70      	pop	{r4, r5, r6, pc}
10009a5a:	0034      	movs	r4, r6
10009a5c:	788d      	ldrb	r5, [r1, #2]
10009a5e:	402c      	ands	r4, r5
10009a60:	0064      	lsls	r4, r4, #1
10009a62:	1904      	adds	r4, r0, r4
10009a64:	09ed      	lsrs	r5, r5, #7
10009a66:	5563      	strb	r3, [r4, r5]
10009a68:	780c      	ldrb	r4, [r1, #0]
10009a6a:	1909      	adds	r1, r1, r4
10009a6c:	428a      	cmp	r2, r1
10009a6e:	d8ec      	bhi.n	10009a4a <tu_edpt_bind_driver+0xa>
10009a70:	e7f2      	b.n	10009a58 <tu_edpt_bind_driver+0x18>
10009a72:	46c0      	nop			@ (mov r8, r8)

10009a74 <tu_edpt_stream_init>:
10009a74:	b5f0      	push	{r4, r5, r6, r7, lr}
10009a76:	46c6      	mov	lr, r8
10009a78:	b500      	push	{lr}
10009a7a:	b082      	sub	sp, #8
10009a7c:	0015      	movs	r5, r2
10009a7e:	aa08      	add	r2, sp, #32
10009a80:	ca40      	ldmia	r2!, {r6}
10009a82:	0004      	movs	r4, r0
10009a84:	8817      	ldrh	r7, [r2, #0]
10009a86:	466a      	mov	r2, sp
10009a88:	8d92      	ldrh	r2, [r2, #44]	@ 0x2c
10009a8a:	2001      	movs	r0, #1
10009a8c:	4690      	mov	r8, r2
10009a8e:	000a      	movs	r2, r1
10009a90:	7821      	ldrb	r1, [r4, #0]
10009a92:	4002      	ands	r2, r0
10009a94:	4381      	bics	r1, r0
10009a96:	0020      	movs	r0, r4
10009a98:	4311      	orrs	r1, r2
10009a9a:	7021      	strb	r1, [r4, #0]
10009a9c:	003a      	movs	r2, r7
10009a9e:	9300      	str	r3, [sp, #0]
10009aa0:	0031      	movs	r1, r6
10009aa2:	2301      	movs	r3, #1
10009aa4:	3008      	adds	r0, #8
10009aa6:	f000 f8f1 	bl	10009c8c <tu_fifo_config>
10009aaa:	2e00      	cmp	r6, #0
10009aac:	d001      	beq.n	10009ab2 <tu_edpt_stream_init+0x3e>
10009aae:	2f00      	cmp	r7, #0
10009ab0:	d108      	bne.n	10009ac4 <tu_edpt_stream_init+0x50>
10009ab2:	9b0a      	ldr	r3, [sp, #40]	@ 0x28
10009ab4:	2001      	movs	r0, #1
10009ab6:	6063      	str	r3, [r4, #4]
10009ab8:	4643      	mov	r3, r8
10009aba:	8063      	strh	r3, [r4, #2]
10009abc:	b002      	add	sp, #8
10009abe:	bc80      	pop	{r7}
10009ac0:	46b8      	mov	r8, r7
10009ac2:	bdf0      	pop	{r4, r5, r6, r7, pc}
10009ac4:	0026      	movs	r6, r4
10009ac6:	361c      	adds	r6, #28
10009ac8:	0030      	movs	r0, r6
10009aca:	f7fa fa3f 	bl	10003f4c <mutex_init>
10009ace:	2300      	movs	r3, #0
10009ad0:	2d00      	cmp	r5, #0
10009ad2:	d001      	beq.n	10009ad8 <tu_edpt_stream_init+0x64>
10009ad4:	0033      	movs	r3, r6
10009ad6:	2600      	movs	r6, #0
10009ad8:	6163      	str	r3, [r4, #20]
10009ada:	61a6      	str	r6, [r4, #24]
10009adc:	e7e9      	b.n	10009ab2 <tu_edpt_stream_init+0x3e>
10009ade:	46c0      	nop			@ (mov r8, r8)

10009ae0 <tu_edpt_stream_deinit>:
10009ae0:	2001      	movs	r0, #1
10009ae2:	4770      	bx	lr

10009ae4 <tu_edpt_stream_write_zlp_if_needed>:
10009ae4:	b5f8      	push	{r3, r4, r5, r6, r7, lr}
10009ae6:	2402      	movs	r4, #2
10009ae8:	780b      	ldrb	r3, [r1, #0]
10009aea:	0007      	movs	r7, r0
10009aec:	401c      	ands	r4, r3
10009aee:	4263      	negs	r3, r4
10009af0:	415c      	adcs	r4, r3
10009af2:	4b14      	ldr	r3, [pc, #80]	@ (10009b44 <tu_edpt_stream_write_zlp_if_needed+0x60>)
10009af4:	4264      	negs	r4, r4
10009af6:	401c      	ands	r4, r3
10009af8:	4b13      	ldr	r3, [pc, #76]	@ (10009b48 <tu_edpt_stream_write_zlp_if_needed+0x64>)
10009afa:	0008      	movs	r0, r1
10009afc:	469c      	mov	ip, r3
10009afe:	3008      	adds	r0, #8
10009b00:	000d      	movs	r5, r1
10009b02:	0016      	movs	r6, r2
10009b04:	4464      	add	r4, ip
10009b06:	f000 f8f7 	bl	10009cf8 <tu_fifo_count>
10009b0a:	2800      	cmp	r0, #0
10009b0c:	d107      	bne.n	10009b1e <tu_edpt_stream_write_zlp_if_needed+0x3a>
10009b0e:	2e00      	cmp	r6, #0
10009b10:	d005      	beq.n	10009b1e <tu_edpt_stream_write_zlp_if_needed+0x3a>
10009b12:	4234      	tst	r4, r6
10009b14:	d103      	bne.n	10009b1e <tu_edpt_stream_write_zlp_if_needed+0x3a>
10009b16:	2401      	movs	r4, #1
10009b18:	782b      	ldrb	r3, [r5, #0]
10009b1a:	421c      	tst	r4, r3
10009b1c:	d001      	beq.n	10009b22 <tu_edpt_stream_write_zlp_if_needed+0x3e>
10009b1e:	2000      	movs	r0, #0
10009b20:	bdf8      	pop	{r3, r4, r5, r6, r7, pc}
10009b22:	0038      	movs	r0, r7
10009b24:	7869      	ldrb	r1, [r5, #1]
10009b26:	f7ff f9af 	bl	10008e88 <usbd_edpt_claim>
10009b2a:	2800      	cmp	r0, #0
10009b2c:	d0f7      	beq.n	10009b1e <tu_edpt_stream_write_zlp_if_needed+0x3a>
10009b2e:	782b      	ldrb	r3, [r5, #0]
10009b30:	421c      	tst	r4, r3
10009b32:	d1f4      	bne.n	10009b1e <tu_edpt_stream_write_zlp_if_needed+0x3a>
10009b34:	2300      	movs	r3, #0
10009b36:	2200      	movs	r2, #0
10009b38:	0038      	movs	r0, r7
10009b3a:	7869      	ldrb	r1, [r5, #1]
10009b3c:	f7ff f9cc 	bl	10008ed8 <usbd_edpt_xfer>
10009b40:	e7ee      	b.n	10009b20 <tu_edpt_stream_write_zlp_if_needed+0x3c>
10009b42:	46c0      	nop			@ (mov r8, r8)
10009b44:	fffffe40 	.word	0xfffffe40
10009b48:	000001ff 	.word	0x000001ff

10009b4c <tu_edpt_stream_write_xfer>:
10009b4c:	b5f8      	push	{r3, r4, r5, r6, r7, lr}
10009b4e:	000d      	movs	r5, r1
10009b50:	3508      	adds	r5, #8
10009b52:	0006      	movs	r6, r0
10009b54:	0028      	movs	r0, r5
10009b56:	000c      	movs	r4, r1
10009b58:	f000 f8ce 	bl	10009cf8 <tu_fifo_count>
10009b5c:	2800      	cmp	r0, #0
10009b5e:	d003      	beq.n	10009b68 <tu_edpt_stream_write_xfer+0x1c>
10009b60:	2701      	movs	r7, #1
10009b62:	7823      	ldrb	r3, [r4, #0]
10009b64:	421f      	tst	r7, r3
10009b66:	d001      	beq.n	10009b6c <tu_edpt_stream_write_xfer+0x20>
10009b68:	2000      	movs	r0, #0
10009b6a:	bdf8      	pop	{r3, r4, r5, r6, r7, pc}
10009b6c:	0030      	movs	r0, r6
10009b6e:	7861      	ldrb	r1, [r4, #1]
10009b70:	f7ff f98a 	bl	10008e88 <usbd_edpt_claim>
10009b74:	2800      	cmp	r0, #0
10009b76:	d0f7      	beq.n	10009b68 <tu_edpt_stream_write_xfer+0x1c>
10009b78:	0028      	movs	r0, r5
10009b7a:	8862      	ldrh	r2, [r4, #2]
10009b7c:	6861      	ldr	r1, [r4, #4]
10009b7e:	f000 f93d 	bl	10009dfc <tu_fifo_read_n>
10009b82:	7823      	ldrb	r3, [r4, #0]
10009b84:	0005      	movs	r5, r0
10009b86:	401f      	ands	r7, r3
10009b88:	2800      	cmp	r0, #0
10009b8a:	d00b      	beq.n	10009ba4 <tu_edpt_stream_write_xfer+0x58>
10009b8c:	2f00      	cmp	r7, #0
10009b8e:	d1eb      	bne.n	10009b68 <tu_edpt_stream_write_xfer+0x1c>
10009b90:	0003      	movs	r3, r0
10009b92:	6862      	ldr	r2, [r4, #4]
10009b94:	0030      	movs	r0, r6
10009b96:	7861      	ldrb	r1, [r4, #1]
10009b98:	f7ff f99e 	bl	10008ed8 <usbd_edpt_xfer>
10009b9c:	2800      	cmp	r0, #0
10009b9e:	d0e3      	beq.n	10009b68 <tu_edpt_stream_write_xfer+0x1c>
10009ba0:	0028      	movs	r0, r5
10009ba2:	e7e2      	b.n	10009b6a <tu_edpt_stream_write_xfer+0x1e>
10009ba4:	2f00      	cmp	r7, #0
10009ba6:	d1df      	bne.n	10009b68 <tu_edpt_stream_write_xfer+0x1c>
10009ba8:	0030      	movs	r0, r6
10009baa:	7861      	ldrb	r1, [r4, #1]
10009bac:	f7ff f980 	bl	10008eb0 <usbd_edpt_release>
10009bb0:	e7da      	b.n	10009b68 <tu_edpt_stream_write_xfer+0x1c>
10009bb2:	46c0      	nop			@ (mov r8, r8)

10009bb4 <tu_edpt_stream_read_xfer>:
10009bb4:	b5f8      	push	{r3, r4, r5, r6, r7, lr}
10009bb6:	46ce      	mov	lr, r9
10009bb8:	4647      	mov	r7, r8
10009bba:	b580      	push	{r7, lr}
10009bbc:	898a      	ldrh	r2, [r1, #12]
10009bbe:	0006      	movs	r6, r0
10009bc0:	000c      	movs	r4, r1
10009bc2:	780b      	ldrb	r3, [r1, #0]
10009bc4:	2a00      	cmp	r2, #0
10009bc6:	d107      	bne.n	10009bd8 <tu_edpt_stream_read_xfer+0x24>
10009bc8:	2501      	movs	r5, #1
10009bca:	421d      	tst	r5, r3
10009bcc:	d040      	beq.n	10009c50 <tu_edpt_stream_read_xfer+0x9c>
10009bce:	2000      	movs	r0, #0
10009bd0:	bcc0      	pop	{r6, r7}
10009bd2:	46b9      	mov	r9, r7
10009bd4:	46b0      	mov	r8, r6
10009bd6:	bdf8      	pop	{r3, r4, r5, r6, r7, pc}
10009bd8:	079b      	lsls	r3, r3, #30
10009bda:	d433      	bmi.n	10009c44 <tu_edpt_stream_read_xfer+0x90>
10009bdc:	4b2a      	ldr	r3, [pc, #168]	@ (10009c88 <tu_edpt_stream_read_xfer+0xd4>)
10009bde:	2540      	movs	r5, #64	@ 0x40
10009be0:	4699      	mov	r9, r3
10009be2:	0027      	movs	r7, r4
10009be4:	3708      	adds	r7, #8
10009be6:	0038      	movs	r0, r7
10009be8:	f000 f8a4 	bl	10009d34 <tu_fifo_remaining>
10009bec:	4285      	cmp	r5, r0
10009bee:	d8ee      	bhi.n	10009bce <tu_edpt_stream_read_xfer+0x1a>
10009bf0:	2201      	movs	r2, #1
10009bf2:	7823      	ldrb	r3, [r4, #0]
10009bf4:	4690      	mov	r8, r2
10009bf6:	421a      	tst	r2, r3
10009bf8:	d1e9      	bne.n	10009bce <tu_edpt_stream_read_xfer+0x1a>
10009bfa:	0030      	movs	r0, r6
10009bfc:	7861      	ldrb	r1, [r4, #1]
10009bfe:	f7ff f943 	bl	10008e88 <usbd_edpt_claim>
10009c02:	2800      	cmp	r0, #0
10009c04:	d0e3      	beq.n	10009bce <tu_edpt_stream_read_xfer+0x1a>
10009c06:	0038      	movs	r0, r7
10009c08:	f000 f894 	bl	10009d34 <tu_fifo_remaining>
10009c0c:	4642      	mov	r2, r8
10009c0e:	7823      	ldrb	r3, [r4, #0]
10009c10:	401a      	ands	r2, r3
10009c12:	4285      	cmp	r5, r0
10009c14:	d831      	bhi.n	10009c7a <tu_edpt_stream_read_xfer+0xc6>
10009c16:	2a00      	cmp	r2, #0
10009c18:	d1d9      	bne.n	10009bce <tu_edpt_stream_read_xfer+0x1a>
10009c1a:	464a      	mov	r2, r9
10009c1c:	8863      	ldrh	r3, [r4, #2]
10009c1e:	4002      	ands	r2, r0
10009c20:	1c1d      	adds	r5, r3, #0
10009c22:	4293      	cmp	r3, r2
10009c24:	d900      	bls.n	10009c28 <tu_edpt_stream_read_xfer+0x74>
10009c26:	1c15      	adds	r5, r2, #0
10009c28:	b2ad      	uxth	r5, r5
10009c2a:	2200      	movs	r2, #0
10009c2c:	7861      	ldrb	r1, [r4, #1]
10009c2e:	2d00      	cmp	r5, #0
10009c30:	d000      	beq.n	10009c34 <tu_edpt_stream_read_xfer+0x80>
10009c32:	6862      	ldr	r2, [r4, #4]
10009c34:	002b      	movs	r3, r5
10009c36:	0030      	movs	r0, r6
10009c38:	f7ff f94e 	bl	10008ed8 <usbd_edpt_xfer>
10009c3c:	2800      	cmp	r0, #0
10009c3e:	d0c6      	beq.n	10009bce <tu_edpt_stream_read_xfer+0x1a>
10009c40:	0028      	movs	r0, r5
10009c42:	e7c5      	b.n	10009bd0 <tu_edpt_stream_read_xfer+0x1c>
10009c44:	23fe      	movs	r3, #254	@ 0xfe
10009c46:	2580      	movs	r5, #128	@ 0x80
10009c48:	021b      	lsls	r3, r3, #8
10009c4a:	4699      	mov	r9, r3
10009c4c:	00ad      	lsls	r5, r5, #2
10009c4e:	e7c8      	b.n	10009be2 <tu_edpt_stream_read_xfer+0x2e>
10009c50:	7849      	ldrb	r1, [r1, #1]
10009c52:	f7ff f919 	bl	10008e88 <usbd_edpt_claim>
10009c56:	2800      	cmp	r0, #0
10009c58:	d0b9      	beq.n	10009bce <tu_edpt_stream_read_xfer+0x1a>
10009c5a:	7823      	ldrb	r3, [r4, #0]
10009c5c:	421d      	tst	r5, r3
10009c5e:	d1b6      	bne.n	10009bce <tu_edpt_stream_read_xfer+0x1a>
10009c60:	8863      	ldrh	r3, [r4, #2]
10009c62:	2200      	movs	r2, #0
10009c64:	7861      	ldrb	r1, [r4, #1]
10009c66:	2b00      	cmp	r3, #0
10009c68:	d000      	beq.n	10009c6c <tu_edpt_stream_read_xfer+0xb8>
10009c6a:	6862      	ldr	r2, [r4, #4]
10009c6c:	0030      	movs	r0, r6
10009c6e:	f7ff f933 	bl	10008ed8 <usbd_edpt_xfer>
10009c72:	2800      	cmp	r0, #0
10009c74:	d0ab      	beq.n	10009bce <tu_edpt_stream_read_xfer+0x1a>
10009c76:	8860      	ldrh	r0, [r4, #2]
10009c78:	e7aa      	b.n	10009bd0 <tu_edpt_stream_read_xfer+0x1c>
10009c7a:	2a00      	cmp	r2, #0
10009c7c:	d1a7      	bne.n	10009bce <tu_edpt_stream_read_xfer+0x1a>
10009c7e:	0030      	movs	r0, r6
10009c80:	7861      	ldrb	r1, [r4, #1]
10009c82:	f7ff f915 	bl	10008eb0 <usbd_edpt_release>
10009c86:	e7a2      	b.n	10009bce <tu_edpt_stream_read_xfer+0x1a>
10009c88:	0000ffc0 	.word	0x0000ffc0

10009c8c <tu_fifo_config>:
10009c8c:	b5f0      	push	{r4, r5, r6, r7, lr}
10009c8e:	46c6      	mov	lr, r8
10009c90:	b500      	push	{lr}
10009c92:	0004      	movs	r4, r0
10009c94:	4668      	mov	r0, sp
10009c96:	7e05      	ldrb	r5, [r0, #24]
10009c98:	2080      	movs	r0, #128	@ 0x80
10009c9a:	4688      	mov	r8, r1
10009c9c:	0017      	movs	r7, r2
10009c9e:	001e      	movs	r6, r3
10009ca0:	0200      	lsls	r0, r0, #8
10009ca2:	4282      	cmp	r2, r0
10009ca4:	d826      	bhi.n	10009cf4 <tu_fifo_config+0x68>
10009ca6:	68e0      	ldr	r0, [r4, #12]
10009ca8:	2800      	cmp	r0, #0
10009caa:	d003      	beq.n	10009cb4 <tu_fifo_config+0x28>
10009cac:	2101      	movs	r1, #1
10009cae:	4249      	negs	r1, r1
10009cb0:	f000 fcbe 	bl	1000a630 <__mutex_enter_timeout_ms_veneer>
10009cb4:	6920      	ldr	r0, [r4, #16]
10009cb6:	2800      	cmp	r0, #0
10009cb8:	d003      	beq.n	10009cc2 <tu_fifo_config+0x36>
10009cba:	2101      	movs	r1, #1
10009cbc:	4249      	negs	r1, r1
10009cbe:	f000 fcb7 	bl	1000a630 <__mutex_enter_timeout_ms_veneer>
10009cc2:	4643      	mov	r3, r8
10009cc4:	6023      	str	r3, [r4, #0]
10009cc6:	0473      	lsls	r3, r6, #17
10009cc8:	0c5b      	lsrs	r3, r3, #17
10009cca:	03ed      	lsls	r5, r5, #15
10009ccc:	431d      	orrs	r5, r3
10009cce:	2300      	movs	r3, #0
10009cd0:	68e0      	ldr	r0, [r4, #12]
10009cd2:	8163      	strh	r3, [r4, #10]
10009cd4:	80a7      	strh	r7, [r4, #4]
10009cd6:	80e5      	strh	r5, [r4, #6]
10009cd8:	8123      	strh	r3, [r4, #8]
10009cda:	2800      	cmp	r0, #0
10009cdc:	d001      	beq.n	10009ce2 <tu_fifo_config+0x56>
10009cde:	f000 fc77 	bl	1000a5d0 <__mutex_exit_veneer>
10009ce2:	6920      	ldr	r0, [r4, #16]
10009ce4:	2800      	cmp	r0, #0
10009ce6:	d001      	beq.n	10009cec <tu_fifo_config+0x60>
10009ce8:	f000 fc72 	bl	1000a5d0 <__mutex_exit_veneer>
10009cec:	2001      	movs	r0, #1
10009cee:	bc80      	pop	{r7}
10009cf0:	46b8      	mov	r8, r7
10009cf2:	bdf0      	pop	{r4, r5, r6, r7, pc}
10009cf4:	2000      	movs	r0, #0
10009cf6:	e7fa      	b.n	10009cee <tu_fifo_config+0x62>

10009cf8 <tu_fifo_count>:
10009cf8:	b510      	push	{r4, lr}
10009cfa:	8904      	ldrh	r4, [r0, #8]
10009cfc:	8941      	ldrh	r1, [r0, #10]
10009cfe:	8882      	ldrh	r2, [r0, #4]
10009d00:	b2a3      	uxth	r3, r4
10009d02:	b288      	uxth	r0, r1
10009d04:	428c      	cmp	r4, r1
10009d06:	d307      	bcc.n	10009d18 <tu_fifo_count+0x20>
10009d08:	1a1b      	subs	r3, r3, r0
10009d0a:	b29b      	uxth	r3, r3
10009d0c:	1c10      	adds	r0, r2, #0
10009d0e:	429a      	cmp	r2, r3
10009d10:	d900      	bls.n	10009d14 <tu_fifo_count+0x1c>
10009d12:	1c18      	adds	r0, r3, #0
10009d14:	b280      	uxth	r0, r0
10009d16:	bd10      	pop	{r4, pc}
10009d18:	0051      	lsls	r1, r2, #1
10009d1a:	1a09      	subs	r1, r1, r0
10009d1c:	185b      	adds	r3, r3, r1
10009d1e:	b29b      	uxth	r3, r3
10009d20:	e7f4      	b.n	10009d0c <tu_fifo_count+0x14>
10009d22:	46c0      	nop			@ (mov r8, r8)

10009d24 <tu_fifo_empty>:
10009d24:	8903      	ldrh	r3, [r0, #8]
10009d26:	8940      	ldrh	r0, [r0, #10]
10009d28:	1a18      	subs	r0, r3, r0
10009d2a:	4243      	negs	r3, r0
10009d2c:	4158      	adcs	r0, r3
10009d2e:	b2c0      	uxtb	r0, r0
10009d30:	4770      	bx	lr
10009d32:	46c0      	nop			@ (mov r8, r8)

10009d34 <tu_fifo_remaining>:
10009d34:	b510      	push	{r4, lr}
10009d36:	8904      	ldrh	r4, [r0, #8]
10009d38:	8941      	ldrh	r1, [r0, #10]
10009d3a:	8882      	ldrh	r2, [r0, #4]
10009d3c:	b2a3      	uxth	r3, r4
10009d3e:	b288      	uxth	r0, r1
10009d40:	428c      	cmp	r4, r1
10009d42:	d307      	bcc.n	10009d54 <tu_fifo_remaining+0x20>
10009d44:	1a1b      	subs	r3, r3, r0
10009d46:	b29b      	uxth	r3, r3
10009d48:	2000      	movs	r0, #0
10009d4a:	429a      	cmp	r2, r3
10009d4c:	d901      	bls.n	10009d52 <tu_fifo_remaining+0x1e>
10009d4e:	1ad2      	subs	r2, r2, r3
10009d50:	b290      	uxth	r0, r2
10009d52:	bd10      	pop	{r4, pc}
10009d54:	0051      	lsls	r1, r2, #1
10009d56:	1a09      	subs	r1, r1, r0
10009d58:	185b      	adds	r3, r3, r1
10009d5a:	b29b      	uxth	r3, r3
10009d5c:	e7f4      	b.n	10009d48 <tu_fifo_remaining+0x14>
10009d5e:	46c0      	nop			@ (mov r8, r8)

10009d60 <tu_fifo_read>:
10009d60:	b570      	push	{r4, r5, r6, lr}
10009d62:	0004      	movs	r4, r0
10009d64:	6900      	ldr	r0, [r0, #16]
10009d66:	000e      	movs	r6, r1
10009d68:	2800      	cmp	r0, #0
10009d6a:	d003      	beq.n	10009d74 <tu_fifo_read+0x14>
10009d6c:	2101      	movs	r1, #1
10009d6e:	4249      	negs	r1, r1
10009d70:	f000 fc5e 	bl	1000a630 <__mutex_enter_timeout_ms_veneer>
10009d74:	8925      	ldrh	r5, [r4, #8]
10009d76:	8960      	ldrh	r0, [r4, #10]
10009d78:	88a2      	ldrh	r2, [r4, #4]
10009d7a:	b2a9      	uxth	r1, r5
10009d7c:	b283      	uxth	r3, r0
10009d7e:	4285      	cmp	r5, r0
10009d80:	d332      	bcc.n	10009de8 <tu_fifo_read+0x88>
10009d82:	1acd      	subs	r5, r1, r3
10009d84:	b2ad      	uxth	r5, r5
10009d86:	2d00      	cmp	r5, #0
10009d88:	d028      	beq.n	10009ddc <tu_fifo_read+0x7c>
10009d8a:	42aa      	cmp	r2, r5
10009d8c:	d208      	bcs.n	10009da0 <tu_fifo_read+0x40>
10009d8e:	4291      	cmp	r1, r2
10009d90:	d32f      	bcc.n	10009df2 <tu_fifo_read+0x92>
10009d92:	1a89      	subs	r1, r1, r2
10009d94:	b28b      	uxth	r3, r1
10009d96:	8163      	strh	r3, [r4, #10]
10009d98:	429a      	cmp	r2, r3
10009d9a:	d803      	bhi.n	10009da4 <tu_fifo_read+0x44>
10009d9c:	1a9b      	subs	r3, r3, r2
10009d9e:	b29b      	uxth	r3, r3
10009da0:	429a      	cmp	r2, r3
10009da2:	d9fb      	bls.n	10009d9c <tu_fifo_read+0x3c>
10009da4:	88e2      	ldrh	r2, [r4, #6]
10009da6:	6821      	ldr	r1, [r4, #0]
10009da8:	0452      	lsls	r2, r2, #17
10009daa:	0c52      	lsrs	r2, r2, #17
10009dac:	4353      	muls	r3, r2
10009dae:	0030      	movs	r0, r6
10009db0:	18c9      	adds	r1, r1, r3
10009db2:	f7fb ff33 	bl	10005c1c <__wrap___aeabi_memcpy>
10009db6:	8963      	ldrh	r3, [r4, #10]
10009db8:	2501      	movs	r5, #1
10009dba:	1c59      	adds	r1, r3, #1
10009dbc:	b289      	uxth	r1, r1
10009dbe:	88a2      	ldrh	r2, [r4, #4]
10009dc0:	428b      	cmp	r3, r1
10009dc2:	d90d      	bls.n	10009de0 <tu_fifo_read+0x80>
10009dc4:	2100      	movs	r1, #0
10009dc6:	0052      	lsls	r2, r2, #1
10009dc8:	1a89      	subs	r1, r1, r2
10009dca:	b289      	uxth	r1, r1
10009dcc:	6920      	ldr	r0, [r4, #16]
10009dce:	8161      	strh	r1, [r4, #10]
10009dd0:	2800      	cmp	r0, #0
10009dd2:	d001      	beq.n	10009dd8 <tu_fifo_read+0x78>
10009dd4:	f000 fbfc 	bl	1000a5d0 <__mutex_exit_veneer>
10009dd8:	0028      	movs	r0, r5
10009dda:	bd70      	pop	{r4, r5, r6, pc}
10009ddc:	8961      	ldrh	r1, [r4, #10]
10009dde:	b289      	uxth	r1, r1
10009de0:	0052      	lsls	r2, r2, #1
10009de2:	4291      	cmp	r1, r2
10009de4:	dbf2      	blt.n	10009dcc <tu_fifo_read+0x6c>
10009de6:	e7ef      	b.n	10009dc8 <tu_fifo_read+0x68>
10009de8:	0055      	lsls	r5, r2, #1
10009dea:	1aed      	subs	r5, r5, r3
10009dec:	194d      	adds	r5, r1, r5
10009dee:	b2ad      	uxth	r5, r5
10009df0:	e7c9      	b.n	10009d86 <tu_fifo_read+0x26>
10009df2:	1889      	adds	r1, r1, r2
10009df4:	b28b      	uxth	r3, r1
10009df6:	8163      	strh	r3, [r4, #10]
10009df8:	e7ce      	b.n	10009d98 <tu_fifo_read+0x38>
10009dfa:	46c0      	nop			@ (mov r8, r8)

10009dfc <tu_fifo_read_n>:
10009dfc:	b5f0      	push	{r4, r5, r6, r7, lr}
10009dfe:	4646      	mov	r6, r8
10009e00:	464f      	mov	r7, r9
10009e02:	46d6      	mov	lr, sl
10009e04:	b5c0      	push	{r6, r7, lr}
10009e06:	0006      	movs	r6, r0
10009e08:	6900      	ldr	r0, [r0, #16]
10009e0a:	4689      	mov	r9, r1
10009e0c:	4690      	mov	r8, r2
10009e0e:	2800      	cmp	r0, #0
10009e10:	d003      	beq.n	10009e1a <tu_fifo_read_n+0x1e>
10009e12:	2101      	movs	r1, #1
10009e14:	4249      	negs	r1, r1
10009e16:	f000 fc0b 	bl	1000a630 <__mutex_enter_timeout_ms_veneer>
10009e1a:	8931      	ldrh	r1, [r6, #8]
10009e1c:	8972      	ldrh	r2, [r6, #10]
10009e1e:	88b5      	ldrh	r5, [r6, #4]
10009e20:	b28b      	uxth	r3, r1
10009e22:	b294      	uxth	r4, r2
10009e24:	4291      	cmp	r1, r2
10009e26:	d354      	bcc.n	10009ed2 <tu_fifo_read_n+0xd6>
10009e28:	1b1f      	subs	r7, r3, r4
10009e2a:	b2bf      	uxth	r7, r7
10009e2c:	2f00      	cmp	r7, #0
10009e2e:	d04a      	beq.n	10009ec6 <tu_fifo_read_n+0xca>
10009e30:	42bd      	cmp	r5, r7
10009e32:	d205      	bcs.n	10009e40 <tu_fifo_read_n+0x44>
10009e34:	42ab      	cmp	r3, r5
10009e36:	d251      	bcs.n	10009edc <tu_fifo_read_n+0xe0>
10009e38:	195b      	adds	r3, r3, r5
10009e3a:	b29c      	uxth	r4, r3
10009e3c:	002f      	movs	r7, r5
10009e3e:	8174      	strh	r4, [r6, #10]
10009e40:	4643      	mov	r3, r8
10009e42:	45b8      	cmp	r8, r7
10009e44:	d83d      	bhi.n	10009ec2 <tu_fifo_read_n+0xc6>
10009e46:	b29f      	uxth	r7, r3
10009e48:	42a5      	cmp	r5, r4
10009e4a:	d803      	bhi.n	10009e54 <tu_fifo_read_n+0x58>
10009e4c:	1b64      	subs	r4, r4, r5
10009e4e:	b2a4      	uxth	r4, r4
10009e50:	42a5      	cmp	r5, r4
10009e52:	d9fb      	bls.n	10009e4c <tu_fifo_read_n+0x50>
10009e54:	88f2      	ldrh	r2, [r6, #6]
10009e56:	6831      	ldr	r1, [r6, #0]
10009e58:	0452      	lsls	r2, r2, #17
10009e5a:	0c52      	lsrs	r2, r2, #17
10009e5c:	4690      	mov	r8, r2
10009e5e:	4362      	muls	r2, r4
10009e60:	1b2b      	subs	r3, r5, r4
10009e62:	b29b      	uxth	r3, r3
10009e64:	1889      	adds	r1, r1, r2
10009e66:	4642      	mov	r2, r8
10009e68:	429f      	cmp	r7, r3
10009e6a:	d925      	bls.n	10009eb8 <tu_fifo_read_n+0xbc>
10009e6c:	4353      	muls	r3, r2
10009e6e:	b29b      	uxth	r3, r3
10009e70:	001a      	movs	r2, r3
10009e72:	4648      	mov	r0, r9
10009e74:	469a      	mov	sl, r3
10009e76:	f7fb fed1 	bl	10005c1c <__wrap___aeabi_memcpy>
10009e7a:	4643      	mov	r3, r8
10009e7c:	4648      	mov	r0, r9
10009e7e:	1b7d      	subs	r5, r7, r5
10009e80:	1964      	adds	r4, r4, r5
10009e82:	435c      	muls	r4, r3
10009e84:	6831      	ldr	r1, [r6, #0]
10009e86:	4450      	add	r0, sl
10009e88:	b2a2      	uxth	r2, r4
10009e8a:	f7fb fec7 	bl	10005c1c <__wrap___aeabi_memcpy>
10009e8e:	8971      	ldrh	r1, [r6, #10]
10009e90:	88b5      	ldrh	r5, [r6, #4]
10009e92:	19cb      	adds	r3, r1, r7
10009e94:	b29b      	uxth	r3, r3
10009e96:	006a      	lsls	r2, r5, #1
10009e98:	4299      	cmp	r1, r3
10009e9a:	d916      	bls.n	10009eca <tu_fifo_read_n+0xce>
10009e9c:	1a9b      	subs	r3, r3, r2
10009e9e:	b29b      	uxth	r3, r3
10009ea0:	6930      	ldr	r0, [r6, #16]
10009ea2:	8173      	strh	r3, [r6, #10]
10009ea4:	2800      	cmp	r0, #0
10009ea6:	d001      	beq.n	10009eac <tu_fifo_read_n+0xb0>
10009ea8:	f000 fb92 	bl	1000a5d0 <__mutex_exit_veneer>
10009eac:	0038      	movs	r0, r7
10009eae:	bce0      	pop	{r5, r6, r7}
10009eb0:	46ba      	mov	sl, r7
10009eb2:	46b1      	mov	r9, r6
10009eb4:	46a8      	mov	r8, r5
10009eb6:	bdf0      	pop	{r4, r5, r6, r7, pc}
10009eb8:	4648      	mov	r0, r9
10009eba:	437a      	muls	r2, r7
10009ebc:	f7fb feae 	bl	10005c1c <__wrap___aeabi_memcpy>
10009ec0:	e7e5      	b.n	10009e8e <tu_fifo_read_n+0x92>
10009ec2:	1c3b      	adds	r3, r7, #0
10009ec4:	e7bf      	b.n	10009e46 <tu_fifo_read_n+0x4a>
10009ec6:	8973      	ldrh	r3, [r6, #10]
10009ec8:	b29b      	uxth	r3, r3
10009eca:	006a      	lsls	r2, r5, #1
10009ecc:	4293      	cmp	r3, r2
10009ece:	dbe7      	blt.n	10009ea0 <tu_fifo_read_n+0xa4>
10009ed0:	e7e4      	b.n	10009e9c <tu_fifo_read_n+0xa0>
10009ed2:	006f      	lsls	r7, r5, #1
10009ed4:	1b3f      	subs	r7, r7, r4
10009ed6:	19df      	adds	r7, r3, r7
10009ed8:	b2bf      	uxth	r7, r7
10009eda:	e7a7      	b.n	10009e2c <tu_fifo_read_n+0x30>
10009edc:	1b5b      	subs	r3, r3, r5
10009ede:	b29c      	uxth	r4, r3
10009ee0:	e7ac      	b.n	10009e3c <tu_fifo_read_n+0x40>
10009ee2:	46c0      	nop			@ (mov r8, r8)

10009ee4 <tu_fifo_write>:
10009ee4:	b5f8      	push	{r3, r4, r5, r6, r7, lr}
10009ee6:	0004      	movs	r4, r0
10009ee8:	68c0      	ldr	r0, [r0, #12]
10009eea:	000e      	movs	r6, r1
10009eec:	2800      	cmp	r0, #0
10009eee:	d003      	beq.n	10009ef8 <tu_fifo_write+0x14>
10009ef0:	2101      	movs	r1, #1
10009ef2:	4249      	negs	r1, r1
10009ef4:	f000 fb9c 	bl	1000a630 <__mutex_enter_timeout_ms_veneer>
10009ef8:	8925      	ldrh	r5, [r4, #8]
10009efa:	8920      	ldrh	r0, [r4, #8]
10009efc:	8961      	ldrh	r1, [r4, #10]
10009efe:	88a2      	ldrh	r2, [r4, #4]
10009f00:	b2ad      	uxth	r5, r5
10009f02:	b283      	uxth	r3, r0
10009f04:	b28f      	uxth	r7, r1
10009f06:	4288      	cmp	r0, r1
10009f08:	d329      	bcc.n	10009f5e <tu_fifo_write+0x7a>
10009f0a:	1bdb      	subs	r3, r3, r7
10009f0c:	b29b      	uxth	r3, r3
10009f0e:	429a      	cmp	r2, r3
10009f10:	d809      	bhi.n	10009f26 <tu_fifo_write+0x42>
10009f12:	79e7      	ldrb	r7, [r4, #7]
10009f14:	09ff      	lsrs	r7, r7, #7
10009f16:	d106      	bne.n	10009f26 <tu_fifo_write+0x42>
10009f18:	68e0      	ldr	r0, [r4, #12]
10009f1a:	2800      	cmp	r0, #0
10009f1c:	d001      	beq.n	10009f22 <tu_fifo_write+0x3e>
10009f1e:	f000 fb57 	bl	1000a5d0 <__mutex_exit_veneer>
10009f22:	0038      	movs	r0, r7
10009f24:	bdf8      	pop	{r3, r4, r5, r6, r7, pc}
10009f26:	002b      	movs	r3, r5
10009f28:	4295      	cmp	r5, r2
10009f2a:	d31d      	bcc.n	10009f68 <tu_fifo_write+0x84>
10009f2c:	1a9b      	subs	r3, r3, r2
10009f2e:	b29b      	uxth	r3, r3
10009f30:	4293      	cmp	r3, r2
10009f32:	d2fb      	bcs.n	10009f2c <tu_fifo_write+0x48>
10009f34:	88e2      	ldrh	r2, [r4, #6]
10009f36:	6820      	ldr	r0, [r4, #0]
10009f38:	0452      	lsls	r2, r2, #17
10009f3a:	0c52      	lsrs	r2, r2, #17
10009f3c:	4353      	muls	r3, r2
10009f3e:	0031      	movs	r1, r6
10009f40:	18c0      	adds	r0, r0, r3
10009f42:	f7fb fe6b 	bl	10005c1c <__wrap___aeabi_memcpy>
10009f46:	1c6b      	adds	r3, r5, #1
10009f48:	b29b      	uxth	r3, r3
10009f4a:	88a2      	ldrh	r2, [r4, #4]
10009f4c:	429d      	cmp	r5, r3
10009f4e:	d917      	bls.n	10009f80 <tu_fifo_write+0x9c>
10009f50:	2300      	movs	r3, #0
10009f52:	0052      	lsls	r2, r2, #1
10009f54:	1a9b      	subs	r3, r3, r2
10009f56:	b29b      	uxth	r3, r3
10009f58:	2701      	movs	r7, #1
10009f5a:	8123      	strh	r3, [r4, #8]
10009f5c:	e7dc      	b.n	10009f18 <tu_fifo_write+0x34>
10009f5e:	0051      	lsls	r1, r2, #1
10009f60:	1bc9      	subs	r1, r1, r7
10009f62:	185b      	adds	r3, r3, r1
10009f64:	b29b      	uxth	r3, r3
10009f66:	e7d2      	b.n	10009f0e <tu_fifo_write+0x2a>
10009f68:	88e2      	ldrh	r2, [r4, #6]
10009f6a:	6820      	ldr	r0, [r4, #0]
10009f6c:	0452      	lsls	r2, r2, #17
10009f6e:	0c52      	lsrs	r2, r2, #17
10009f70:	4353      	muls	r3, r2
10009f72:	0031      	movs	r1, r6
10009f74:	18c0      	adds	r0, r0, r3
10009f76:	f7fb fe51 	bl	10005c1c <__wrap___aeabi_memcpy>
10009f7a:	3501      	adds	r5, #1
10009f7c:	88a2      	ldrh	r2, [r4, #4]
10009f7e:	b2ab      	uxth	r3, r5
10009f80:	0052      	lsls	r2, r2, #1
10009f82:	4293      	cmp	r3, r2
10009f84:	dbe8      	blt.n	10009f58 <tu_fifo_write+0x74>
10009f86:	e7e5      	b.n	10009f54 <tu_fifo_write+0x70>

10009f88 <tu_fifo_write_n>:
10009f88:	b5f0      	push	{r4, r5, r6, r7, lr}
10009f8a:	4645      	mov	r5, r8
10009f8c:	464e      	mov	r6, r9
10009f8e:	46de      	mov	lr, fp
10009f90:	4657      	mov	r7, sl
10009f92:	b5e0      	push	{r5, r6, r7, lr}
10009f94:	4688      	mov	r8, r1
10009f96:	0005      	movs	r5, r0
10009f98:	0016      	movs	r6, r2
10009f9a:	b083      	sub	sp, #12
10009f9c:	2a00      	cmp	r2, #0
10009f9e:	d06e      	beq.n	1000a07e <tu_fifo_write_n+0xf6>
10009fa0:	68c0      	ldr	r0, [r0, #12]
10009fa2:	2800      	cmp	r0, #0
10009fa4:	d003      	beq.n	10009fae <tu_fifo_write_n+0x26>
10009fa6:	2101      	movs	r1, #1
10009fa8:	4249      	negs	r1, r1
10009faa:	f000 fb41 	bl	1000a630 <__mutex_enter_timeout_ms_veneer>
10009fae:	892f      	ldrh	r7, [r5, #8]
10009fb0:	79ea      	ldrb	r2, [r5, #7]
10009fb2:	b2bb      	uxth	r3, r7
10009fb4:	469b      	mov	fp, r3
10009fb6:	896b      	ldrh	r3, [r5, #10]
10009fb8:	88af      	ldrh	r7, [r5, #4]
10009fba:	b29b      	uxth	r3, r3
10009fbc:	09d2      	lsrs	r2, r2, #7
10009fbe:	d13f      	bne.n	1000a040 <tu_fifo_write_n+0xb8>
10009fc0:	459b      	cmp	fp, r3
10009fc2:	d265      	bcs.n	1000a090 <tu_fifo_write_n+0x108>
10009fc4:	007a      	lsls	r2, r7, #1
10009fc6:	1ad3      	subs	r3, r2, r3
10009fc8:	445b      	add	r3, fp
10009fca:	b29b      	uxth	r3, r3
10009fcc:	42bb      	cmp	r3, r7
10009fce:	d264      	bcs.n	1000a09a <tu_fifo_write_n+0x112>
10009fd0:	1afb      	subs	r3, r7, r3
10009fd2:	1c1a      	adds	r2, r3, #0
10009fd4:	b29b      	uxth	r3, r3
10009fd6:	42b3      	cmp	r3, r6
10009fd8:	d900      	bls.n	10009fdc <tu_fifo_write_n+0x54>
10009fda:	1c32      	adds	r2, r6, #0
10009fdc:	b296      	uxth	r6, r2
10009fde:	1bf3      	subs	r3, r6, r7
10009fe0:	b29b      	uxth	r3, r3
10009fe2:	469a      	mov	sl, r3
10009fe4:	465b      	mov	r3, fp
10009fe6:	18f3      	adds	r3, r6, r3
10009fe8:	b29b      	uxth	r3, r3
10009fea:	4699      	mov	r9, r3
10009fec:	88ea      	ldrh	r2, [r5, #6]
10009fee:	465c      	mov	r4, fp
10009ff0:	45bb      	cmp	fp, r7
10009ff2:	d303      	bcc.n	10009ffc <tu_fifo_write_n+0x74>
10009ff4:	1be4      	subs	r4, r4, r7
10009ff6:	b2a4      	uxth	r4, r4
10009ff8:	42bc      	cmp	r4, r7
10009ffa:	d2fb      	bcs.n	10009ff4 <tu_fifo_write_n+0x6c>
10009ffc:	0452      	lsls	r2, r2, #17
10009ffe:	1b3b      	subs	r3, r7, r4
1000a000:	0c57      	lsrs	r7, r2, #17
1000a002:	003a      	movs	r2, r7
1000a004:	4362      	muls	r2, r4
1000a006:	6828      	ldr	r0, [r5, #0]
1000a008:	b29b      	uxth	r3, r3
1000a00a:	1880      	adds	r0, r0, r2
1000a00c:	42b3      	cmp	r3, r6
1000a00e:	d356      	bcc.n	1000a0be <tu_fifo_write_n+0x136>
1000a010:	003a      	movs	r2, r7
1000a012:	4641      	mov	r1, r8
1000a014:	4372      	muls	r2, r6
1000a016:	f7fb fe01 	bl	10005c1c <__wrap___aeabi_memcpy>
1000a01a:	88ab      	ldrh	r3, [r5, #4]
1000a01c:	005b      	lsls	r3, r3, #1
1000a01e:	45cb      	cmp	fp, r9
1000a020:	d801      	bhi.n	1000a026 <tu_fifo_write_n+0x9e>
1000a022:	4599      	cmp	r9, r3
1000a024:	db03      	blt.n	1000a02e <tu_fifo_write_n+0xa6>
1000a026:	464a      	mov	r2, r9
1000a028:	1ad3      	subs	r3, r2, r3
1000a02a:	b29b      	uxth	r3, r3
1000a02c:	4699      	mov	r9, r3
1000a02e:	464b      	mov	r3, r9
1000a030:	0037      	movs	r7, r6
1000a032:	812b      	strh	r3, [r5, #8]
1000a034:	68e8      	ldr	r0, [r5, #12]
1000a036:	2800      	cmp	r0, #0
1000a038:	d022      	beq.n	1000a080 <tu_fifo_write_n+0xf8>
1000a03a:	f000 fac9 	bl	1000a5d0 <__mutex_exit_veneer>
1000a03e:	e01f      	b.n	1000a080 <tu_fifo_write_n+0xf8>
1000a040:	42be      	cmp	r6, r7
1000a042:	d22c      	bcs.n	1000a09e <tu_fifo_write_n+0x116>
1000a044:	459b      	cmp	fp, r3
1000a046:	d34b      	bcc.n	1000a0e0 <tu_fifo_write_n+0x158>
1000a048:	465a      	mov	r2, fp
1000a04a:	1ad2      	subs	r2, r2, r3
1000a04c:	b292      	uxth	r2, r2
1000a04e:	0079      	lsls	r1, r7, #1
1000a050:	1bf0      	subs	r0, r6, r7
1000a052:	b280      	uxth	r0, r0
1000a054:	1992      	adds	r2, r2, r6
1000a056:	4682      	mov	sl, r0
1000a058:	428a      	cmp	r2, r1
1000a05a:	dbc3      	blt.n	10009fe4 <tu_fifo_write_n+0x5c>
1000a05c:	19da      	adds	r2, r3, r7
1000a05e:	b292      	uxth	r2, r2
1000a060:	4691      	mov	r9, r2
1000a062:	1b92      	subs	r2, r2, r6
1000a064:	b292      	uxth	r2, r2
1000a066:	4693      	mov	fp, r2
1000a068:	4293      	cmp	r3, r2
1000a06a:	d93e      	bls.n	1000a0ea <tu_fifo_write_n+0x162>
1000a06c:	465b      	mov	r3, fp
1000a06e:	1a59      	subs	r1, r3, r1
1000a070:	b28b      	uxth	r3, r1
1000a072:	469b      	mov	fp, r3
1000a074:	18f3      	adds	r3, r6, r3
1000a076:	b29b      	uxth	r3, r3
1000a078:	4699      	mov	r9, r3
1000a07a:	88ea      	ldrh	r2, [r5, #6]
1000a07c:	e7b7      	b.n	10009fee <tu_fifo_write_n+0x66>
1000a07e:	2700      	movs	r7, #0
1000a080:	0038      	movs	r0, r7
1000a082:	b003      	add	sp, #12
1000a084:	bcf0      	pop	{r4, r5, r6, r7}
1000a086:	46bb      	mov	fp, r7
1000a088:	46b2      	mov	sl, r6
1000a08a:	46a9      	mov	r9, r5
1000a08c:	46a0      	mov	r8, r4
1000a08e:	bdf0      	pop	{r4, r5, r6, r7, pc}
1000a090:	465a      	mov	r2, fp
1000a092:	1ad3      	subs	r3, r2, r3
1000a094:	b29b      	uxth	r3, r3
1000a096:	42bb      	cmp	r3, r7
1000a098:	d39a      	bcc.n	10009fd0 <tu_fifo_write_n+0x48>
1000a09a:	2700      	movs	r7, #0
1000a09c:	e7ca      	b.n	1000a034 <tu_fifo_write_n+0xac>
1000a09e:	2f00      	cmp	r7, #0
1000a0a0:	d0c8      	beq.n	1000a034 <tu_fifo_write_n+0xac>
1000a0a2:	88ea      	ldrh	r2, [r5, #6]
1000a0a4:	1bf6      	subs	r6, r6, r7
1000a0a6:	0451      	lsls	r1, r2, #17
1000a0a8:	0c49      	lsrs	r1, r1, #17
1000a0aa:	4371      	muls	r1, r6
1000a0ac:	469b      	mov	fp, r3
1000a0ae:	4488      	add	r8, r1
1000a0b0:	19d9      	adds	r1, r3, r7
1000a0b2:	2300      	movs	r3, #0
1000a0b4:	b289      	uxth	r1, r1
1000a0b6:	4689      	mov	r9, r1
1000a0b8:	003e      	movs	r6, r7
1000a0ba:	469a      	mov	sl, r3
1000a0bc:	e797      	b.n	10009fee <tu_fifo_write_n+0x66>
1000a0be:	437b      	muls	r3, r7
1000a0c0:	b299      	uxth	r1, r3
1000a0c2:	000a      	movs	r2, r1
1000a0c4:	9101      	str	r1, [sp, #4]
1000a0c6:	4454      	add	r4, sl
1000a0c8:	4641      	mov	r1, r8
1000a0ca:	f7fb fda7 	bl	10005c1c <__wrap___aeabi_memcpy>
1000a0ce:	0022      	movs	r2, r4
1000a0d0:	437a      	muls	r2, r7
1000a0d2:	9901      	ldr	r1, [sp, #4]
1000a0d4:	6828      	ldr	r0, [r5, #0]
1000a0d6:	b292      	uxth	r2, r2
1000a0d8:	4441      	add	r1, r8
1000a0da:	f7fb fd9f 	bl	10005c1c <__wrap___aeabi_memcpy>
1000a0de:	e79c      	b.n	1000a01a <tu_fifo_write_n+0x92>
1000a0e0:	0079      	lsls	r1, r7, #1
1000a0e2:	1aca      	subs	r2, r1, r3
1000a0e4:	445a      	add	r2, fp
1000a0e6:	b292      	uxth	r2, r2
1000a0e8:	e7b2      	b.n	1000a050 <tu_fifo_write_n+0xc8>
1000a0ea:	4291      	cmp	r1, r2
1000a0ec:	ddbe      	ble.n	1000a06c <tu_fifo_write_n+0xe4>
1000a0ee:	e7c4      	b.n	1000a07a <tu_fifo_write_n+0xf2>

1000a0f0 <tu_fifo_clear>:
1000a0f0:	b510      	push	{r4, lr}
1000a0f2:	0004      	movs	r4, r0
1000a0f4:	68c0      	ldr	r0, [r0, #12]
1000a0f6:	2800      	cmp	r0, #0
1000a0f8:	d003      	beq.n	1000a102 <tu_fifo_clear+0x12>
1000a0fa:	2101      	movs	r1, #1
1000a0fc:	4249      	negs	r1, r1
1000a0fe:	f000 fa97 	bl	1000a630 <__mutex_enter_timeout_ms_veneer>
1000a102:	6920      	ldr	r0, [r4, #16]
1000a104:	2800      	cmp	r0, #0
1000a106:	d003      	beq.n	1000a110 <tu_fifo_clear+0x20>
1000a108:	2101      	movs	r1, #1
1000a10a:	4249      	negs	r1, r1
1000a10c:	f000 fa90 	bl	1000a630 <__mutex_enter_timeout_ms_veneer>
1000a110:	2300      	movs	r3, #0
1000a112:	68e0      	ldr	r0, [r4, #12]
1000a114:	8163      	strh	r3, [r4, #10]
1000a116:	8123      	strh	r3, [r4, #8]
1000a118:	2800      	cmp	r0, #0
1000a11a:	d001      	beq.n	1000a120 <tu_fifo_clear+0x30>
1000a11c:	f000 fa58 	bl	1000a5d0 <__mutex_exit_veneer>
1000a120:	6920      	ldr	r0, [r4, #16]
1000a122:	2800      	cmp	r0, #0
1000a124:	d001      	beq.n	1000a12a <tu_fifo_clear+0x3a>
1000a126:	f000 fa53 	bl	1000a5d0 <__mutex_exit_veneer>
1000a12a:	2001      	movs	r0, #1
1000a12c:	bd10      	pop	{r4, pc}
1000a12e:	46c0      	nop			@ (mov r8, r8)

1000a130 <tu_fifo_set_overwritable>:
1000a130:	b570      	push	{r4, r5, r6, lr}
1000a132:	0004      	movs	r4, r0
1000a134:	68c0      	ldr	r0, [r0, #12]
1000a136:	000d      	movs	r5, r1
1000a138:	2800      	cmp	r0, #0
1000a13a:	d003      	beq.n	1000a144 <tu_fifo_set_overwritable+0x14>
1000a13c:	2101      	movs	r1, #1
1000a13e:	4249      	negs	r1, r1
1000a140:	f000 fa76 	bl	1000a630 <__mutex_enter_timeout_ms_veneer>
1000a144:	6920      	ldr	r0, [r4, #16]
1000a146:	2800      	cmp	r0, #0
1000a148:	d003      	beq.n	1000a152 <tu_fifo_set_overwritable+0x22>
1000a14a:	2101      	movs	r1, #1
1000a14c:	4249      	negs	r1, r1
1000a14e:	f000 fa6f 	bl	1000a630 <__mutex_enter_timeout_ms_veneer>
1000a152:	217f      	movs	r1, #127	@ 0x7f
1000a154:	79e3      	ldrb	r3, [r4, #7]
1000a156:	01ed      	lsls	r5, r5, #7
1000a158:	4019      	ands	r1, r3
1000a15a:	68e0      	ldr	r0, [r4, #12]
1000a15c:	4329      	orrs	r1, r5
1000a15e:	71e1      	strb	r1, [r4, #7]
1000a160:	2800      	cmp	r0, #0
1000a162:	d001      	beq.n	1000a168 <tu_fifo_set_overwritable+0x38>
1000a164:	f000 fa34 	bl	1000a5d0 <__mutex_exit_veneer>
1000a168:	6920      	ldr	r0, [r4, #16]
1000a16a:	2800      	cmp	r0, #0
1000a16c:	d001      	beq.n	1000a172 <tu_fifo_set_overwritable+0x42>
1000a16e:	f000 fa2f 	bl	1000a5d0 <__mutex_exit_veneer>
1000a172:	2001      	movs	r0, #1
1000a174:	bd70      	pop	{r4, r5, r6, pc}
1000a176:	46c0      	nop			@ (mov r8, r8)

1000a178 <i2c_read_blocking_internal.constprop.0>:
1000a178:	b5f0      	push	{r4, r5, r6, r7, lr}
1000a17a:	46de      	mov	lr, fp
1000a17c:	4657      	mov	r7, sl
1000a17e:	464e      	mov	r6, r9
1000a180:	4645      	mov	r5, r8
1000a182:	b5e0      	push	{r5, r6, r7, lr}
1000a184:	0007      	movs	r7, r0
1000a186:	b083      	sub	sp, #12
1000a188:	a80c      	add	r0, sp, #48	@ 0x30
1000a18a:	9201      	str	r2, [sp, #4]
1000a18c:	7802      	ldrb	r2, [r0, #0]
1000a18e:	2000      	movs	r0, #0
1000a190:	683c      	ldr	r4, [r7, #0]
1000a192:	469b      	mov	fp, r3
1000a194:	66e0      	str	r0, [r4, #108]	@ 0x6c
1000a196:	6061      	str	r1, [r4, #4]
1000a198:	2101      	movs	r1, #1
1000a19a:	4691      	mov	r9, r2
1000a19c:	66e1      	str	r1, [r4, #108]	@ 0x6c
1000a19e:	2b00      	cmp	r3, #0
1000a1a0:	dd34      	ble.n	1000a20c <i2c_read_blocking_internal.constprop.0+0x94>
1000a1a2:	1e5a      	subs	r2, r3, #1
1000a1a4:	4690      	mov	r8, r2
1000a1a6:	2280      	movs	r2, #128	@ 0x80
1000a1a8:	0052      	lsls	r2, r2, #1
1000a1aa:	4694      	mov	ip, r2
1000a1ac:	2680      	movs	r6, #128	@ 0x80
1000a1ae:	2540      	movs	r5, #64	@ 0x40
1000a1b0:	6f61      	ldr	r1, [r4, #116]	@ 0x74
1000a1b2:	2910      	cmp	r1, #16
1000a1b4:	d0fc      	beq.n	1000a1b0 <i2c_read_blocking_internal.constprop.0+0x38>
1000a1b6:	2100      	movs	r1, #0
1000a1b8:	2800      	cmp	r0, #0
1000a1ba:	d101      	bne.n	1000a1c0 <i2c_read_blocking_internal.constprop.0+0x48>
1000a1bc:	7939      	ldrb	r1, [r7, #4]
1000a1be:	0289      	lsls	r1, r1, #10
1000a1c0:	4540      	cmp	r0, r8
1000a1c2:	d01d      	beq.n	1000a200 <i2c_read_blocking_internal.constprop.0+0x88>
1000a1c4:	4662      	mov	r2, ip
1000a1c6:	4311      	orrs	r1, r2
1000a1c8:	6121      	str	r1, [r4, #16]
1000a1ca:	59a1      	ldr	r1, [r4, r6]
1000a1cc:	6b61      	ldr	r1, [r4, #52]	@ 0x34
1000a1ce:	420d      	tst	r5, r1
1000a1d0:	d00b      	beq.n	1000a1ea <i2c_read_blocking_internal.constprop.0+0x72>
1000a1d2:	2001      	movs	r0, #1
1000a1d4:	6d63      	ldr	r3, [r4, #84]	@ 0x54
1000a1d6:	4240      	negs	r0, r0
1000a1d8:	464b      	mov	r3, r9
1000a1da:	713b      	strb	r3, [r7, #4]
1000a1dc:	b003      	add	sp, #12
1000a1de:	bcf0      	pop	{r4, r5, r6, r7}
1000a1e0:	46bb      	mov	fp, r7
1000a1e2:	46b2      	mov	sl, r6
1000a1e4:	46a9      	mov	r9, r5
1000a1e6:	46a0      	mov	r8, r4
1000a1e8:	bdf0      	pop	{r4, r5, r6, r7, pc}
1000a1ea:	6fa1      	ldr	r1, [r4, #120]	@ 0x78
1000a1ec:	2900      	cmp	r1, #0
1000a1ee:	d0ec      	beq.n	1000a1ca <i2c_read_blocking_internal.constprop.0+0x52>
1000a1f0:	6921      	ldr	r1, [r4, #16]
1000a1f2:	9b01      	ldr	r3, [sp, #4]
1000a1f4:	5419      	strb	r1, [r3, r0]
1000a1f6:	3001      	adds	r0, #1
1000a1f8:	4583      	cmp	fp, r0
1000a1fa:	d0ed      	beq.n	1000a1d8 <i2c_read_blocking_internal.constprop.0+0x60>
1000a1fc:	683c      	ldr	r4, [r7, #0]
1000a1fe:	e7d7      	b.n	1000a1b0 <i2c_read_blocking_internal.constprop.0+0x38>
1000a200:	464b      	mov	r3, r9
1000a202:	2201      	movs	r2, #1
1000a204:	405a      	eors	r2, r3
1000a206:	0253      	lsls	r3, r2, #9
1000a208:	4319      	orrs	r1, r3
1000a20a:	e7db      	b.n	1000a1c4 <i2c_read_blocking_internal.constprop.0+0x4c>
1000a20c:	2000      	movs	r0, #0
1000a20e:	e7e3      	b.n	1000a1d8 <i2c_read_blocking_internal.constprop.0+0x60>

1000a210 <i2c_write_blocking_internal.constprop.0>:
1000a210:	b5f0      	push	{r4, r5, r6, r7, lr}
1000a212:	46de      	mov	lr, fp
1000a214:	4657      	mov	r7, sl
1000a216:	464e      	mov	r6, r9
1000a218:	4645      	mov	r5, r8
1000a21a:	4690      	mov	r8, r2
1000a21c:	2200      	movs	r2, #0
1000a21e:	b5e0      	push	{r5, r6, r7, lr}
1000a220:	b085      	sub	sp, #20
1000a222:	001e      	movs	r6, r3
1000a224:	ab0e      	add	r3, sp, #56	@ 0x38
1000a226:	781b      	ldrb	r3, [r3, #0]
1000a228:	0007      	movs	r7, r0
1000a22a:	469b      	mov	fp, r3
1000a22c:	6803      	ldr	r3, [r0, #0]
1000a22e:	66da      	str	r2, [r3, #108]	@ 0x6c
1000a230:	3201      	adds	r2, #1
1000a232:	6059      	str	r1, [r3, #4]
1000a234:	66da      	str	r2, [r3, #108]	@ 0x6c
1000a236:	2e00      	cmp	r6, #0
1000a238:	dd60      	ble.n	1000a2fc <i2c_write_blocking_internal.constprop.0+0xec>
1000a23a:	7902      	ldrb	r2, [r0, #4]
1000a23c:	4659      	mov	r1, fp
1000a23e:	0292      	lsls	r2, r2, #10
1000a240:	4692      	mov	sl, r2
1000a242:	2201      	movs	r2, #1
1000a244:	404a      	eors	r2, r1
1000a246:	0252      	lsls	r2, r2, #9
1000a248:	4694      	mov	ip, r2
1000a24a:	2280      	movs	r2, #128	@ 0x80
1000a24c:	4691      	mov	r9, r2
1000a24e:	465a      	mov	r2, fp
1000a250:	2480      	movs	r4, #128	@ 0x80
1000a252:	9203      	str	r2, [sp, #12]
1000a254:	4662      	mov	r2, ip
1000a256:	46bb      	mov	fp, r7
1000a258:	2000      	movs	r0, #0
1000a25a:	2110      	movs	r1, #16
1000a25c:	4647      	mov	r7, r8
1000a25e:	46b4      	mov	ip, r6
1000a260:	1e75      	subs	r5, r6, #1
1000a262:	00a4      	lsls	r4, r4, #2
1000a264:	9201      	str	r2, [sp, #4]
1000a266:	1a2a      	subs	r2, r5, r0
1000a268:	0016      	movs	r6, r2
1000a26a:	4272      	negs	r2, r6
1000a26c:	4172      	adcs	r2, r6
1000a26e:	9e01      	ldr	r6, [sp, #4]
1000a270:	4252      	negs	r2, r2
1000a272:	4016      	ands	r6, r2
1000a274:	9602      	str	r6, [sp, #8]
1000a276:	5c3e      	ldrb	r6, [r7, r0]
1000a278:	46b0      	mov	r8, r6
1000a27a:	4656      	mov	r6, sl
1000a27c:	4642      	mov	r2, r8
1000a27e:	4316      	orrs	r6, r2
1000a280:	0032      	movs	r2, r6
1000a282:	9e02      	ldr	r6, [sp, #8]
1000a284:	4316      	orrs	r6, r2
1000a286:	611e      	str	r6, [r3, #16]
1000a288:	9e01      	ldr	r6, [sp, #4]
1000a28a:	6b5a      	ldr	r2, [r3, #52]	@ 0x34
1000a28c:	4211      	tst	r1, r2
1000a28e:	d0fc      	beq.n	1000a28a <i2c_write_blocking_internal.constprop.0+0x7a>
1000a290:	464a      	mov	r2, r9
1000a292:	589a      	ldr	r2, [r3, r2]
1000a294:	9601      	str	r6, [sp, #4]
1000a296:	4692      	mov	sl, r2
1000a298:	2a00      	cmp	r2, #0
1000a29a:	d10a      	bne.n	1000a2b2 <i2c_write_blocking_internal.constprop.0+0xa2>
1000a29c:	4285      	cmp	r5, r0
1000a29e:	d028      	beq.n	1000a2f2 <i2c_write_blocking_internal.constprop.0+0xe2>
1000a2a0:	2200      	movs	r2, #0
1000a2a2:	3001      	adds	r0, #1
1000a2a4:	4692      	mov	sl, r2
1000a2a6:	4584      	cmp	ip, r0
1000a2a8:	d1dd      	bne.n	1000a266 <i2c_write_blocking_internal.constprop.0+0x56>
1000a2aa:	9b03      	ldr	r3, [sp, #12]
1000a2ac:	465f      	mov	r7, fp
1000a2ae:	469b      	mov	fp, r3
1000a2b0:	e016      	b.n	1000a2e0 <i2c_write_blocking_internal.constprop.0+0xd0>
1000a2b2:	6d5a      	ldr	r2, [r3, #84]	@ 0x54
1000a2b4:	2201      	movs	r2, #1
1000a2b6:	4690      	mov	r8, r2
1000a2b8:	6b5a      	ldr	r2, [r3, #52]	@ 0x34
1000a2ba:	4222      	tst	r2, r4
1000a2bc:	d0fc      	beq.n	1000a2b8 <i2c_write_blocking_internal.constprop.0+0xa8>
1000a2be:	6e1a      	ldr	r2, [r3, #96]	@ 0x60
1000a2c0:	4642      	mov	r2, r8
1000a2c2:	9601      	str	r6, [sp, #4]
1000a2c4:	2a00      	cmp	r2, #0
1000a2c6:	d0eb      	beq.n	1000a2a0 <i2c_write_blocking_internal.constprop.0+0x90>
1000a2c8:	9b03      	ldr	r3, [sp, #12]
1000a2ca:	465f      	mov	r7, fp
1000a2cc:	469b      	mov	fp, r3
1000a2ce:	4653      	mov	r3, sl
1000a2d0:	2b00      	cmp	r3, #0
1000a2d2:	d015      	beq.n	1000a300 <i2c_write_blocking_internal.constprop.0+0xf0>
1000a2d4:	4653      	mov	r3, sl
1000a2d6:	07db      	lsls	r3, r3, #31
1000a2d8:	d412      	bmi.n	1000a300 <i2c_write_blocking_internal.constprop.0+0xf0>
1000a2da:	4653      	mov	r3, sl
1000a2dc:	071b      	lsls	r3, r3, #28
1000a2de:	d50f      	bpl.n	1000a300 <i2c_write_blocking_internal.constprop.0+0xf0>
1000a2e0:	465b      	mov	r3, fp
1000a2e2:	713b      	strb	r3, [r7, #4]
1000a2e4:	b005      	add	sp, #20
1000a2e6:	bcf0      	pop	{r4, r5, r6, r7}
1000a2e8:	46bb      	mov	fp, r7
1000a2ea:	46b2      	mov	sl, r6
1000a2ec:	46a9      	mov	r9, r5
1000a2ee:	46a0      	mov	r8, r4
1000a2f0:	bdf0      	pop	{r4, r5, r6, r7, pc}
1000a2f2:	9a03      	ldr	r2, [sp, #12]
1000a2f4:	2a00      	cmp	r2, #0
1000a2f6:	d1d3      	bne.n	1000a2a0 <i2c_write_blocking_internal.constprop.0+0x90>
1000a2f8:	4690      	mov	r8, r2
1000a2fa:	e7dd      	b.n	1000a2b8 <i2c_write_blocking_internal.constprop.0+0xa8>
1000a2fc:	2000      	movs	r0, #0
1000a2fe:	e7ef      	b.n	1000a2e0 <i2c_write_blocking_internal.constprop.0+0xd0>
1000a300:	2001      	movs	r0, #1
1000a302:	4240      	negs	r0, r0
1000a304:	e7ec      	b.n	1000a2e0 <i2c_write_blocking_internal.constprop.0+0xd0>
1000a306:	46c0      	nop			@ (mov r8, r8)

1000a308 <i2c_set_baudrate>:
1000a308:	b5f8      	push	{r3, r4, r5, r6, r7, lr}
1000a30a:	46de      	mov	lr, fp
1000a30c:	4657      	mov	r7, sl
1000a30e:	464e      	mov	r6, r9
1000a310:	4645      	mov	r5, r8
1000a312:	4683      	mov	fp, r0
1000a314:	b5e0      	push	{r5, r6, r7, lr}
1000a316:	2005      	movs	r0, #5
1000a318:	000c      	movs	r4, r1
1000a31a:	f7fa fb91 	bl	10004a40 <clock_get_hz>
1000a31e:	0006      	movs	r6, r0
1000a320:	0860      	lsrs	r0, r4, #1
1000a322:	0021      	movs	r1, r4
1000a324:	1980      	adds	r0, r0, r6
1000a326:	f7fa fde5 	bl	10004ef4 <__wrap___aeabi_uidiv>
1000a32a:	0043      	lsls	r3, r0, #1
1000a32c:	4698      	mov	r8, r3
1000a32e:	4480      	add	r8, r0
1000a330:	0007      	movs	r7, r0
1000a332:	2105      	movs	r1, #5
1000a334:	4640      	mov	r0, r8
1000a336:	f7fa fddd 	bl	10004ef4 <__wrap___aeabi_uidiv>
1000a33a:	1a3b      	subs	r3, r7, r0
1000a33c:	469a      	mov	sl, r3
1000a33e:	4b1e      	ldr	r3, [pc, #120]	@ (1000a3b8 <i2c_set_baudrate+0xb0>)
1000a340:	4681      	mov	r9, r0
1000a342:	0070      	lsls	r0, r6, #1
1000a344:	1980      	adds	r0, r0, r6
1000a346:	429c      	cmp	r4, r3
1000a348:	d831      	bhi.n	1000a3ae <i2c_set_baudrate+0xa6>
1000a34a:	491c      	ldr	r1, [pc, #112]	@ (1000a3bc <i2c_set_baudrate+0xb4>)
1000a34c:	f7fa fdd2 	bl	10004ef4 <__wrap___aeabi_uidiv>
1000a350:	1c45      	adds	r5, r0, #1
1000a352:	465b      	mov	r3, fp
1000a354:	681c      	ldr	r4, [r3, #0]
1000a356:	2300      	movs	r3, #0
1000a358:	66e3      	str	r3, [r4, #108]	@ 0x6c
1000a35a:	6822      	ldr	r2, [r4, #0]
1000a35c:	3304      	adds	r3, #4
1000a35e:	405a      	eors	r2, r3
1000a360:	3302      	adds	r3, #2
1000a362:	4013      	ands	r3, r2
1000a364:	2280      	movs	r2, #128	@ 0x80
1000a366:	0152      	lsls	r2, r2, #5
1000a368:	18a2      	adds	r2, r4, r2
1000a36a:	6013      	str	r3, [r2, #0]
1000a36c:	4653      	mov	r3, sl
1000a36e:	61e3      	str	r3, [r4, #28]
1000a370:	464b      	mov	r3, r9
1000a372:	6223      	str	r3, [r4, #32]
1000a374:	4643      	mov	r3, r8
1000a376:	2001      	movs	r0, #1
1000a378:	2b4f      	cmp	r3, #79	@ 0x4f
1000a37a:	d903      	bls.n	1000a384 <i2c_set_baudrate+0x7c>
1000a37c:	2150      	movs	r1, #80	@ 0x50
1000a37e:	4640      	mov	r0, r8
1000a380:	f7fa fdb8 	bl	10004ef4 <__wrap___aeabi_uidiv>
1000a384:	23a0      	movs	r3, #160	@ 0xa0
1000a386:	50e0      	str	r0, [r4, r3]
1000a388:	6fe3      	ldr	r3, [r4, #124]	@ 0x7c
1000a38a:	0039      	movs	r1, r7
1000a38c:	405d      	eors	r5, r3
1000a38e:	4b0c      	ldr	r3, [pc, #48]	@ (1000a3c0 <i2c_set_baudrate+0xb8>)
1000a390:	042d      	lsls	r5, r5, #16
1000a392:	0c2d      	lsrs	r5, r5, #16
1000a394:	18e3      	adds	r3, r4, r3
1000a396:	601d      	str	r5, [r3, #0]
1000a398:	2301      	movs	r3, #1
1000a39a:	0030      	movs	r0, r6
1000a39c:	66e3      	str	r3, [r4, #108]	@ 0x6c
1000a39e:	f7fa fda9 	bl	10004ef4 <__wrap___aeabi_uidiv>
1000a3a2:	bcf0      	pop	{r4, r5, r6, r7}
1000a3a4:	46bb      	mov	fp, r7
1000a3a6:	46b2      	mov	sl, r6
1000a3a8:	46a9      	mov	r9, r5
1000a3aa:	46a0      	mov	r8, r4
1000a3ac:	bdf8      	pop	{r3, r4, r5, r6, r7, pc}
1000a3ae:	4905      	ldr	r1, [pc, #20]	@ (1000a3c4 <i2c_set_baudrate+0xbc>)
1000a3b0:	f7fa fda0 	bl	10004ef4 <__wrap___aeabi_uidiv>
1000a3b4:	1c45      	adds	r5, r0, #1
1000a3b6:	e7cc      	b.n	1000a352 <i2c_set_baudrate+0x4a>
1000a3b8:	000f423f 	.word	0x000f423f
1000a3bc:	00989680 	.word	0x00989680
1000a3c0:	0000107c 	.word	0x0000107c
1000a3c4:	017d7840 	.word	0x017d7840

1000a3c8 <i2c_init>:
1000a3c8:	4a0f      	ldr	r2, [pc, #60]	@ (1000a408 <i2c_init+0x40>)
1000a3ca:	b570      	push	{r4, r5, r6, lr}
1000a3cc:	1a82      	subs	r2, r0, r2
1000a3ce:	1e53      	subs	r3, r2, #1
1000a3d0:	419a      	sbcs	r2, r3
1000a3d2:	4b0e      	ldr	r3, [pc, #56]	@ (1000a40c <i2c_init+0x44>)
1000a3d4:	00d2      	lsls	r2, r2, #3
1000a3d6:	3208      	adds	r2, #8
1000a3d8:	601a      	str	r2, [r3, #0]
1000a3da:	4b0d      	ldr	r3, [pc, #52]	@ (1000a410 <i2c_init+0x48>)
1000a3dc:	4c0d      	ldr	r4, [pc, #52]	@ (1000a414 <i2c_init+0x4c>)
1000a3de:	601a      	str	r2, [r3, #0]
1000a3e0:	0015      	movs	r5, r2
1000a3e2:	6823      	ldr	r3, [r4, #0]
1000a3e4:	439d      	bics	r5, r3
1000a3e6:	1e2b      	subs	r3, r5, #0
1000a3e8:	d1fa      	bne.n	1000a3e0 <i2c_init+0x18>
1000a3ea:	2466      	movs	r4, #102	@ 0x66
1000a3ec:	6802      	ldr	r2, [r0, #0]
1000a3ee:	34ff      	adds	r4, #255	@ 0xff
1000a3f0:	7105      	strb	r5, [r0, #4]
1000a3f2:	66d5      	str	r5, [r2, #108]	@ 0x6c
1000a3f4:	6014      	str	r4, [r2, #0]
1000a3f6:	3c63      	subs	r4, #99	@ 0x63
1000a3f8:	3388      	adds	r3, #136	@ 0x88
1000a3fa:	3cff      	subs	r4, #255	@ 0xff
1000a3fc:	63d5      	str	r5, [r2, #60]	@ 0x3c
1000a3fe:	6395      	str	r5, [r2, #56]	@ 0x38
1000a400:	50d4      	str	r4, [r2, r3]
1000a402:	f7ff ff81 	bl	1000a308 <i2c_set_baudrate>
1000a406:	bd70      	pop	{r4, r5, r6, pc}
1000a408:	20001358 	.word	0x20001358
1000a40c:	4000e000 	.word	0x4000e000
1000a410:	4000f000 	.word	0x4000f000
1000a414:	4000c008 	.word	0x4000c008

1000a418 <i2c_write_blocking>:
1000a418:	b510      	push	{r4, lr}
1000a41a:	b082      	sub	sp, #8
1000a41c:	466c      	mov	r4, sp
1000a41e:	7c24      	ldrb	r4, [r4, #16]
1000a420:	9400      	str	r4, [sp, #0]
1000a422:	f7ff fef5 	bl	1000a210 <i2c_write_blocking_internal.constprop.0>
1000a426:	b002      	add	sp, #8
1000a428:	bd10      	pop	{r4, pc}
1000a42a:	46c0      	nop			@ (mov r8, r8)

1000a42c <i2c_read_blocking>:
1000a42c:	b510      	push	{r4, lr}
1000a42e:	b082      	sub	sp, #8
1000a430:	466c      	mov	r4, sp
1000a432:	7c24      	ldrb	r4, [r4, #16]
1000a434:	9400      	str	r4, [sp, #0]
1000a436:	f7ff fe9f 	bl	1000a178 <i2c_read_blocking_internal.constprop.0>
1000a43a:	b002      	add	sp, #8
1000a43c:	bd10      	pop	{r4, pc}
1000a43e:	46c0      	nop			@ (mov r8, r8)

1000a440 <memmove>:
1000a440:	b5f0      	push	{r4, r5, r6, r7, lr}
1000a442:	46c6      	mov	lr, r8
1000a444:	b500      	push	{lr}
1000a446:	4288      	cmp	r0, r1
1000a448:	d912      	bls.n	1000a470 <memmove+0x30>
1000a44a:	188c      	adds	r4, r1, r2
1000a44c:	4284      	cmp	r4, r0
1000a44e:	d90f      	bls.n	1000a470 <memmove+0x30>
1000a450:	1885      	adds	r5, r0, r2
1000a452:	2a03      	cmp	r2, #3
1000a454:	d858      	bhi.n	1000a508 <memmove+0xc8>
1000a456:	1e53      	subs	r3, r2, #1
1000a458:	2a00      	cmp	r2, #0
1000a45a:	d006      	beq.n	1000a46a <memmove+0x2a>
1000a45c:	43da      	mvns	r2, r3
1000a45e:	18a4      	adds	r4, r4, r2
1000a460:	18ad      	adds	r5, r5, r2
1000a462:	5ce2      	ldrb	r2, [r4, r3]
1000a464:	54ea      	strb	r2, [r5, r3]
1000a466:	3b01      	subs	r3, #1
1000a468:	d2fb      	bcs.n	1000a462 <memmove+0x22>
1000a46a:	bc80      	pop	{r7}
1000a46c:	46b8      	mov	r8, r7
1000a46e:	bdf0      	pop	{r4, r5, r6, r7, pc}
1000a470:	2a03      	cmp	r2, #3
1000a472:	d80b      	bhi.n	1000a48c <memmove+0x4c>
1000a474:	0005      	movs	r5, r0
1000a476:	1e56      	subs	r6, r2, #1
1000a478:	2a00      	cmp	r2, #0
1000a47a:	d0f6      	beq.n	1000a46a <memmove+0x2a>
1000a47c:	2300      	movs	r3, #0
1000a47e:	5ccc      	ldrb	r4, [r1, r3]
1000a480:	001a      	movs	r2, r3
1000a482:	54ec      	strb	r4, [r5, r3]
1000a484:	3301      	adds	r3, #1
1000a486:	4296      	cmp	r6, r2
1000a488:	d1f9      	bne.n	1000a47e <memmove+0x3e>
1000a48a:	e7ee      	b.n	1000a46a <memmove+0x2a>
1000a48c:	2503      	movs	r5, #3
1000a48e:	000c      	movs	r4, r1
1000a490:	002e      	movs	r6, r5
1000a492:	4304      	orrs	r4, r0
1000a494:	0003      	movs	r3, r0
1000a496:	4026      	ands	r6, r4
1000a498:	4225      	tst	r5, r4
1000a49a:	d132      	bne.n	1000a502 <memmove+0xc2>
1000a49c:	2a0f      	cmp	r2, #15
1000a49e:	d94b      	bls.n	1000a538 <memmove+0xf8>
1000a4a0:	2710      	movs	r7, #16
1000a4a2:	0015      	movs	r5, r2
1000a4a4:	46bc      	mov	ip, r7
1000a4a6:	000c      	movs	r4, r1
1000a4a8:	3d10      	subs	r5, #16
1000a4aa:	092d      	lsrs	r5, r5, #4
1000a4ac:	012d      	lsls	r5, r5, #4
1000a4ae:	46a8      	mov	r8, r5
1000a4b0:	1945      	adds	r5, r0, r5
1000a4b2:	44ac      	add	ip, r5
1000a4b4:	6827      	ldr	r7, [r4, #0]
1000a4b6:	601f      	str	r7, [r3, #0]
1000a4b8:	6867      	ldr	r7, [r4, #4]
1000a4ba:	605f      	str	r7, [r3, #4]
1000a4bc:	68a7      	ldr	r7, [r4, #8]
1000a4be:	609f      	str	r7, [r3, #8]
1000a4c0:	68e7      	ldr	r7, [r4, #12]
1000a4c2:	3410      	adds	r4, #16
1000a4c4:	60df      	str	r7, [r3, #12]
1000a4c6:	001f      	movs	r7, r3
1000a4c8:	3310      	adds	r3, #16
1000a4ca:	42bd      	cmp	r5, r7
1000a4cc:	d1f2      	bne.n	1000a4b4 <memmove+0x74>
1000a4ce:	230f      	movs	r3, #15
1000a4d0:	240c      	movs	r4, #12
1000a4d2:	3110      	adds	r1, #16
1000a4d4:	4013      	ands	r3, r2
1000a4d6:	4014      	ands	r4, r2
1000a4d8:	4665      	mov	r5, ip
1000a4da:	001a      	movs	r2, r3
1000a4dc:	4441      	add	r1, r8
1000a4de:	2c00      	cmp	r4, #0
1000a4e0:	d0c9      	beq.n	1000a476 <memmove+0x36>
1000a4e2:	598a      	ldr	r2, [r1, r6]
1000a4e4:	51aa      	str	r2, [r5, r6]
1000a4e6:	3604      	adds	r6, #4
1000a4e8:	1b9a      	subs	r2, r3, r6
1000a4ea:	2a03      	cmp	r2, #3
1000a4ec:	d8f9      	bhi.n	1000a4e2 <memmove+0xa2>
1000a4ee:	2203      	movs	r2, #3
1000a4f0:	401a      	ands	r2, r3
1000a4f2:	089b      	lsrs	r3, r3, #2
1000a4f4:	3b01      	subs	r3, #1
1000a4f6:	009b      	lsls	r3, r3, #2
1000a4f8:	3104      	adds	r1, #4
1000a4fa:	3504      	adds	r5, #4
1000a4fc:	18c9      	adds	r1, r1, r3
1000a4fe:	18ed      	adds	r5, r5, r3
1000a500:	e7b9      	b.n	1000a476 <memmove+0x36>
1000a502:	0005      	movs	r5, r0
1000a504:	1e56      	subs	r6, r2, #1
1000a506:	e7b9      	b.n	1000a47c <memmove+0x3c>
1000a508:	002b      	movs	r3, r5
1000a50a:	4323      	orrs	r3, r4
1000a50c:	079b      	lsls	r3, r3, #30
1000a50e:	d001      	beq.n	1000a514 <memmove+0xd4>
1000a510:	1e53      	subs	r3, r2, #1
1000a512:	e7a3      	b.n	1000a45c <memmove+0x1c>
1000a514:	0013      	movs	r3, r2
1000a516:	3904      	subs	r1, #4
1000a518:	1f07      	subs	r7, r0, #4
1000a51a:	58ce      	ldr	r6, [r1, r3]
1000a51c:	50fe      	str	r6, [r7, r3]
1000a51e:	3b04      	subs	r3, #4
1000a520:	2b03      	cmp	r3, #3
1000a522:	d8fa      	bhi.n	1000a51a <memmove+0xda>
1000a524:	2103      	movs	r1, #3
1000a526:	1f13      	subs	r3, r2, #4
1000a528:	089b      	lsrs	r3, r3, #2
1000a52a:	009b      	lsls	r3, r3, #2
1000a52c:	1ae4      	subs	r4, r4, r3
1000a52e:	1aed      	subs	r5, r5, r3
1000a530:	400a      	ands	r2, r1
1000a532:	3c04      	subs	r4, #4
1000a534:	3d04      	subs	r5, #4
1000a536:	e78e      	b.n	1000a456 <memmove+0x16>
1000a538:	0013      	movs	r3, r2
1000a53a:	0005      	movs	r5, r0
1000a53c:	e7d1      	b.n	1000a4e2 <memmove+0xa2>
1000a53e:	46c0      	nop			@ (mov r8, r8)

1000a540 <strcpy>:
1000a540:	0003      	movs	r3, r0
1000a542:	780a      	ldrb	r2, [r1, #0]
1000a544:	3101      	adds	r1, #1
1000a546:	701a      	strb	r2, [r3, #0]
1000a548:	3301      	adds	r3, #1
1000a54a:	2a00      	cmp	r2, #0
1000a54c:	d1f9      	bne.n	1000a542 <strcpy+0x2>
1000a54e:	4770      	bx	lr

1000a550 <strlen>:
1000a550:	b510      	push	{r4, lr}
1000a552:	0783      	lsls	r3, r0, #30
1000a554:	d00a      	beq.n	1000a56c <strlen+0x1c>
1000a556:	0003      	movs	r3, r0
1000a558:	2103      	movs	r1, #3
1000a55a:	e002      	b.n	1000a562 <strlen+0x12>
1000a55c:	3301      	adds	r3, #1
1000a55e:	420b      	tst	r3, r1
1000a560:	d005      	beq.n	1000a56e <strlen+0x1e>
1000a562:	781a      	ldrb	r2, [r3, #0]
1000a564:	2a00      	cmp	r2, #0
1000a566:	d1f9      	bne.n	1000a55c <strlen+0xc>
1000a568:	1a18      	subs	r0, r3, r0
1000a56a:	bd10      	pop	{r4, pc}
1000a56c:	0003      	movs	r3, r0
1000a56e:	6819      	ldr	r1, [r3, #0]
1000a570:	4a0c      	ldr	r2, [pc, #48]	@ (1000a5a4 <strlen+0x54>)
1000a572:	4c0d      	ldr	r4, [pc, #52]	@ (1000a5a8 <strlen+0x58>)
1000a574:	188a      	adds	r2, r1, r2
1000a576:	438a      	bics	r2, r1
1000a578:	4222      	tst	r2, r4
1000a57a:	d10f      	bne.n	1000a59c <strlen+0x4c>
1000a57c:	6859      	ldr	r1, [r3, #4]
1000a57e:	4a09      	ldr	r2, [pc, #36]	@ (1000a5a4 <strlen+0x54>)
1000a580:	3304      	adds	r3, #4
1000a582:	188a      	adds	r2, r1, r2
1000a584:	438a      	bics	r2, r1
1000a586:	4222      	tst	r2, r4
1000a588:	d108      	bne.n	1000a59c <strlen+0x4c>
1000a58a:	6859      	ldr	r1, [r3, #4]
1000a58c:	4a05      	ldr	r2, [pc, #20]	@ (1000a5a4 <strlen+0x54>)
1000a58e:	3304      	adds	r3, #4
1000a590:	188a      	adds	r2, r1, r2
1000a592:	438a      	bics	r2, r1
1000a594:	4222      	tst	r2, r4
1000a596:	d0f1      	beq.n	1000a57c <strlen+0x2c>
1000a598:	e000      	b.n	1000a59c <strlen+0x4c>
1000a59a:	3301      	adds	r3, #1
1000a59c:	781a      	ldrb	r2, [r3, #0]
1000a59e:	2a00      	cmp	r2, #0
1000a5a0:	d1fb      	bne.n	1000a59a <strlen+0x4a>
1000a5a2:	e7e1      	b.n	1000a568 <strlen+0x18>
1000a5a4:	fefefeff 	.word	0xfefefeff
1000a5a8:	80808080 	.word	0x80808080

1000a5ac <_fini>:
1000a5ac:	b5f8      	push	{r3, r4, r5, r6, r7, lr}
1000a5ae:	46c0      	nop			@ (mov r8, r8)

1000a5b0 <__reset_non_control_endpoints_veneer>:
1000a5b0:	b401      	push	{r0}
1000a5b2:	4802      	ldr	r0, [pc, #8]	@ (1000a5bc <__reset_non_control_endpoints_veneer+0xc>)
1000a5b4:	4684      	mov	ip, r0
1000a5b6:	bc01      	pop	{r0}
1000a5b8:	4760      	bx	ip
1000a5ba:	bf00      	nop
1000a5bc:	2000043d 	.word	0x2000043d

1000a5c0 <__flash_do_cmd_veneer>:
1000a5c0:	b401      	push	{r0}
1000a5c2:	4802      	ldr	r0, [pc, #8]	@ (1000a5cc <__flash_do_cmd_veneer+0xc>)
1000a5c4:	4684      	mov	ip, r0
1000a5c6:	bc01      	pop	{r0}
1000a5c8:	4760      	bx	ip
1000a5ca:	bf00      	nop
1000a5cc:	20000301 	.word	0x20000301

1000a5d0 <__mutex_exit_veneer>:
1000a5d0:	b401      	push	{r0}
1000a5d2:	4802      	ldr	r0, [pc, #8]	@ (1000a5dc <__mutex_exit_veneer+0xc>)
1000a5d4:	4684      	mov	ip, r0
1000a5d6:	bc01      	pop	{r0}
1000a5d8:	4760      	bx	ip
1000a5da:	bf00      	nop
1000a5dc:	20000225 	.word	0x20000225

1000a5e0 <__e15_is_bulkin_ep_veneer>:
1000a5e0:	b401      	push	{r0}
1000a5e2:	4802      	ldr	r0, [pc, #8]	@ (1000a5ec <__e15_is_bulkin_ep_veneer+0xc>)
1000a5e4:	4684      	mov	ip, r0
1000a5e6:	bc01      	pop	{r0}
1000a5e8:	4760      	bx	ip
1000a5ea:	bf00      	nop
1000a5ec:	20000c19 	.word	0x20000c19

1000a5f0 <____aeabi_ldiv0_veneer>:
1000a5f0:	b401      	push	{r0}
1000a5f2:	4802      	ldr	r0, [pc, #8]	@ (1000a5fc <____aeabi_ldiv0_veneer+0xc>)
1000a5f4:	4684      	mov	ip, r0
1000a5f6:	bc01      	pop	{r0}
1000a5f8:	4760      	bx	ip
1000a5fa:	bf00      	nop
1000a5fc:	20000f5d 	.word	0x20000f5d

1000a600 <__e15_is_critical_frame_period_veneer>:
1000a600:	b401      	push	{r0}
1000a602:	4802      	ldr	r0, [pc, #8]	@ (1000a60c <__e15_is_critical_frame_period_veneer+0xc>)
1000a604:	4684      	mov	ip, r0
1000a606:	bc01      	pop	{r0}
1000a608:	4760      	bx	ip
1000a60a:	bf00      	nop
1000a60c:	20000c41 	.word	0x20000c41

1000a610 <____aeabi_idiv0_veneer>:
1000a610:	b401      	push	{r0}
1000a612:	4802      	ldr	r0, [pc, #8]	@ (1000a61c <____aeabi_idiv0_veneer+0xc>)
1000a614:	4684      	mov	ip, r0
1000a616:	bc01      	pop	{r0}
1000a618:	4760      	bx	ip
1000a61a:	bf00      	nop
1000a61c:	20000f5d 	.word	0x20000f5d

1000a620 <__mutex_try_enter_veneer>:
1000a620:	b401      	push	{r0}
1000a622:	4802      	ldr	r0, [pc, #8]	@ (1000a62c <__mutex_try_enter_veneer+0xc>)
1000a624:	4684      	mov	ip, r0
1000a626:	bc01      	pop	{r0}
1000a628:	4760      	bx	ip
1000a62a:	bf00      	nop
1000a62c:	200000c1 	.word	0x200000c1

1000a630 <__mutex_enter_timeout_ms_veneer>:
1000a630:	b401      	push	{r0}
1000a632:	4802      	ldr	r0, [pc, #8]	@ (1000a63c <__mutex_enter_timeout_ms_veneer+0xc>)
1000a634:	4684      	mov	ip, r0
1000a636:	bc01      	pop	{r0}
1000a638:	4760      	bx	ip
1000a63a:	bf00      	nop
1000a63c:	20000199 	.word	0x20000199

1000a640 <__mutex_try_enter_block_until_veneer>:
1000a640:	b401      	push	{r0}
1000a642:	4802      	ldr	r0, [pc, #8]	@ (1000a64c <__mutex_try_enter_block_until_veneer+0xc>)
1000a644:	4684      	mov	ip, r0
1000a646:	bc01      	pop	{r0}
1000a648:	4760      	bx	ip
1000a64a:	bf00      	nop
1000a64c:	20000101 	.word	0x20000101

1000a650 <__hw_endpoint_start_next_buffer_veneer>:
1000a650:	b401      	push	{r0}
1000a652:	4802      	ldr	r0, [pc, #8]	@ (1000a65c <__hw_endpoint_start_next_buffer_veneer+0xc>)
1000a654:	4684      	mov	ip, r0
1000a656:	bc01      	pop	{r0}
1000a658:	4760      	bx	ip
1000a65a:	bf00      	nop
1000a65c:	20000cd1 	.word	0x20000cd1

1000a660 <___hw_endpoint_buffer_control_update32_veneer>:
1000a660:	b401      	push	{r0}
1000a662:	4802      	ldr	r0, [pc, #8]	@ (1000a66c <___hw_endpoint_buffer_control_update32_veneer+0xc>)
1000a664:	4684      	mov	ip, r0
1000a666:	bc01      	pop	{r0}
1000a668:	4760      	bx	ip
1000a66a:	bf00      	nop
1000a66c:	20000c81 	.word	0x20000c81

1000a670 <__pre_init_runtime_init_early_resets>:
1000a670:	10004c85                                .L..

1000a674 <__pre_init_runtime_init_usb_power_down>:
1000a674:	10004cb1 10004e95 10005c01 10005539     .L...N...\..9U..
1000a684:	10005b71                                q[..

1000a688 <__pre_init_runtime_init_clocks>:
1000a688:	10004dbd                                .M..

1000a68c <__pre_init_runtime_init_post_clock_resets>:
1000a68c:	10004ccd                                .L..

1000a690 <__pre_init_runtime_init_rp2040_gpio_ie_disable>:
1000a690:	10004ced                                .L..

1000a694 <__pre_init_runtime_init_spin_locks_reset>:
1000a694:	10004d01                                .M..

1000a698 <__pre_init_runtime_init_mutex>:
1000a698:	10003efd                                .>..

1000a69c <__pre_init_runtime_init_install_ram_vector_table>:
1000a69c:	10004d09                                .M..

1000a6a0 <__pre_init_runtime_init_default_alarm_pool>:
1000a6a0:	100042c1                                .B..

1000a6a4 <__pre_init_first_per_core_initializer>:
1000a6a4:	10004c4d                                ML..

1000a6a8 <__pre_init_runtime_init_per_core_irq_priorities>:
1000a6a8:	10003b31                                1;..

1000a6ac <__init_array_start>:
1000a6ac:	10007f7d 	.word	0x10007f7d

1000a6b0 <__frame_dummy_init_array_entry>:
1000a6b0:	100002b1                                ....

Disassembly of section .data:

200000c0 <mutex_try_enter>:
200000c0:	0003      	movs	r3, r0
200000c2:	6800      	ldr	r0, [r0, #0]
200000c4:	f3ef 8c10 	mrs	ip, PRIMASK
200000c8:	b672      	cpsid	i
200000ca:	6802      	ldr	r2, [r0, #0]
200000cc:	2a00      	cmp	r2, #0
200000ce:	d0fc      	beq.n	200000ca <mutex_try_enter+0xa>
200000d0:	f3bf 8f5f 	dmb	sy
200000d4:	2204      	movs	r2, #4
200000d6:	569a      	ldrsb	r2, [r3, r2]
200000d8:	2a00      	cmp	r2, #0
200000da:	db0b      	blt.n	200000f4 <mutex_try_enter+0x34>
200000dc:	2900      	cmp	r1, #0
200000de:	d000      	beq.n	200000e2 <mutex_try_enter+0x22>
200000e0:	600a      	str	r2, [r1, #0]
200000e2:	2000      	movs	r0, #0
200000e4:	681b      	ldr	r3, [r3, #0]
200000e6:	f3bf 8f5f 	dmb	sy
200000ea:	2200      	movs	r2, #0
200000ec:	601a      	str	r2, [r3, #0]
200000ee:	f38c 8810 	msr	PRIMASK, ip
200000f2:	4770      	bx	lr
200000f4:	22d0      	movs	r2, #208	@ 0xd0
200000f6:	0612      	lsls	r2, r2, #24
200000f8:	6812      	ldr	r2, [r2, #0]
200000fa:	2001      	movs	r0, #1
200000fc:	711a      	strb	r2, [r3, #4]
200000fe:	e7f1      	b.n	200000e4 <mutex_try_enter+0x24>

20000100 <mutex_try_enter_block_until>:
20000100:	b5f0      	push	{r4, r5, r6, r7, lr}
20000102:	46c6      	mov	lr, r8
20000104:	0015      	movs	r5, r2
20000106:	b500      	push	{lr}
20000108:	0004      	movs	r4, r0
2000010a:	001e      	movs	r6, r3
2000010c:	6802      	ldr	r2, [r0, #0]
2000010e:	f3ef 8110 	mrs	r1, PRIMASK
20000112:	b672      	cpsid	i
20000114:	6813      	ldr	r3, [r2, #0]
20000116:	2b00      	cmp	r3, #0
20000118:	d0fc      	beq.n	20000114 <mutex_try_enter_block_until+0x14>
2000011a:	f3bf 8f5f 	dmb	sy
2000011e:	2304      	movs	r3, #4
20000120:	56e3      	ldrsb	r3, [r4, r3]
20000122:	6822      	ldr	r2, [r4, #0]
20000124:	2b00      	cmp	r3, #0
20000126:	db2b      	blt.n	20000180 <mutex_try_enter_block_until+0x80>
20000128:	f3bf 8f5f 	dmb	sy
2000012c:	2000      	movs	r0, #0
2000012e:	6010      	str	r0, [r2, #0]
20000130:	f381 8810 	msr	PRIMASK, r1
20000134:	22d0      	movs	r2, #208	@ 0xd0
20000136:	0612      	lsls	r2, r2, #24
20000138:	7812      	ldrb	r2, [r2, #0]
2000013a:	2700      	movs	r7, #0
2000013c:	b252      	sxtb	r2, r2
2000013e:	4690      	mov	r8, r2
20000140:	429a      	cmp	r2, r3
20000142:	d10e      	bne.n	20000162 <mutex_try_enter_block_until+0x62>
20000144:	2000      	movs	r0, #0
20000146:	bc80      	pop	{r7}
20000148:	46b8      	mov	r8, r7
2000014a:	bdf0      	pop	{r4, r5, r6, r7, pc}
2000014c:	f3bf 8f5f 	dmb	sy
20000150:	6017      	str	r7, [r2, #0]
20000152:	f381 8810 	msr	PRIMASK, r1
20000156:	0028      	movs	r0, r5
20000158:	0031      	movs	r1, r6
2000015a:	f000 ff19 	bl	20000f90 <__best_effort_wfe_or_timeout_veneer>
2000015e:	2800      	cmp	r0, #0
20000160:	d1f0      	bne.n	20000144 <mutex_try_enter_block_until+0x44>
20000162:	6822      	ldr	r2, [r4, #0]
20000164:	f3ef 8110 	mrs	r1, PRIMASK
20000168:	b672      	cpsid	i
2000016a:	6813      	ldr	r3, [r2, #0]
2000016c:	2b00      	cmp	r3, #0
2000016e:	d0fc      	beq.n	2000016a <mutex_try_enter_block_until+0x6a>
20000170:	f3bf 8f5f 	dmb	sy
20000174:	7923      	ldrb	r3, [r4, #4]
20000176:	6822      	ldr	r2, [r4, #0]
20000178:	2b7f      	cmp	r3, #127	@ 0x7f
2000017a:	d9e7      	bls.n	2000014c <mutex_try_enter_block_until+0x4c>
2000017c:	4643      	mov	r3, r8
2000017e:	e002      	b.n	20000186 <mutex_try_enter_block_until+0x86>
20000180:	23d0      	movs	r3, #208	@ 0xd0
20000182:	061b      	lsls	r3, r3, #24
20000184:	681b      	ldr	r3, [r3, #0]
20000186:	7123      	strb	r3, [r4, #4]
20000188:	f3bf 8f5f 	dmb	sy
2000018c:	2300      	movs	r3, #0
2000018e:	6013      	str	r3, [r2, #0]
20000190:	f381 8810 	msr	PRIMASK, r1
20000194:	2001      	movs	r0, #1
20000196:	e7d6      	b.n	20000146 <mutex_try_enter_block_until+0x46>

20000198 <mutex_enter_timeout_ms>:
20000198:	b5f0      	push	{r4, r5, r6, r7, lr}
2000019a:	46c6      	mov	lr, r8
2000019c:	b500      	push	{lr}
2000019e:	000d      	movs	r5, r1
200001a0:	0004      	movs	r4, r0
200001a2:	f000 fee5 	bl	20000f70 <__time_us_64_veneer>
200001a6:	22fa      	movs	r2, #250	@ 0xfa
200001a8:	0006      	movs	r6, r0
200001aa:	000f      	movs	r7, r1
200001ac:	2300      	movs	r3, #0
200001ae:	0028      	movs	r0, r5
200001b0:	2100      	movs	r1, #0
200001b2:	0092      	lsls	r2, r2, #2
200001b4:	f000 fed4 	bl	20000f60 <____wrap___aeabi_lmul_veneer>
200001b8:	1836      	adds	r6, r6, r0
200001ba:	414f      	adcs	r7, r1
200001bc:	2f00      	cmp	r7, #0
200001be:	da02      	bge.n	200001c6 <mutex_enter_timeout_ms+0x2e>
200001c0:	2601      	movs	r6, #1
200001c2:	4f17      	ldr	r7, [pc, #92]	@ (20000220 <mutex_enter_timeout_ms+0x88>)
200001c4:	4276      	negs	r6, r6
200001c6:	23d0      	movs	r3, #208	@ 0xd0
200001c8:	061b      	lsls	r3, r3, #24
200001ca:	681b      	ldr	r3, [r3, #0]
200001cc:	2500      	movs	r5, #0
200001ce:	4698      	mov	r8, r3
200001d0:	e00a      	b.n	200001e8 <mutex_enter_timeout_ms+0x50>
200001d2:	f3bf 8f5f 	dmb	sy
200001d6:	6015      	str	r5, [r2, #0]
200001d8:	f381 8810 	msr	PRIMASK, r1
200001dc:	0030      	movs	r0, r6
200001de:	0039      	movs	r1, r7
200001e0:	f000 fed6 	bl	20000f90 <__best_effort_wfe_or_timeout_veneer>
200001e4:	2800      	cmp	r0, #0
200001e6:	d118      	bne.n	2000021a <mutex_enter_timeout_ms+0x82>
200001e8:	6822      	ldr	r2, [r4, #0]
200001ea:	f3ef 8110 	mrs	r1, PRIMASK
200001ee:	b672      	cpsid	i
200001f0:	6813      	ldr	r3, [r2, #0]
200001f2:	2b00      	cmp	r3, #0
200001f4:	d0fc      	beq.n	200001f0 <mutex_enter_timeout_ms+0x58>
200001f6:	f3bf 8f5f 	dmb	sy
200001fa:	7923      	ldrb	r3, [r4, #4]
200001fc:	6822      	ldr	r2, [r4, #0]
200001fe:	2b7f      	cmp	r3, #127	@ 0x7f
20000200:	d9e7      	bls.n	200001d2 <mutex_enter_timeout_ms+0x3a>
20000202:	4643      	mov	r3, r8
20000204:	7123      	strb	r3, [r4, #4]
20000206:	f3bf 8f5f 	dmb	sy
2000020a:	2300      	movs	r3, #0
2000020c:	6013      	str	r3, [r2, #0]
2000020e:	f381 8810 	msr	PRIMASK, r1
20000212:	2001      	movs	r0, #1
20000214:	bc80      	pop	{r7}
20000216:	46b8      	mov	r8, r7
20000218:	bdf0      	pop	{r4, r5, r6, r7, pc}
2000021a:	2000      	movs	r0, #0
2000021c:	e7fa      	b.n	20000214 <mutex_enter_timeout_ms+0x7c>
2000021e:	46c0      	nop			@ (mov r8, r8)
20000220:	7fffffff 	.word	0x7fffffff

20000224 <mutex_exit>:
20000224:	6802      	ldr	r2, [r0, #0]
20000226:	f3ef 8110 	mrs	r1, PRIMASK
2000022a:	b672      	cpsid	i
2000022c:	6813      	ldr	r3, [r2, #0]
2000022e:	2b00      	cmp	r3, #0
20000230:	d0fc      	beq.n	2000022c <mutex_exit+0x8>
20000232:	f3bf 8f5f 	dmb	sy
20000236:	23ff      	movs	r3, #255	@ 0xff
20000238:	7103      	strb	r3, [r0, #4]
2000023a:	6803      	ldr	r3, [r0, #0]
2000023c:	f3bf 8f5f 	dmb	sy
20000240:	2200      	movs	r2, #0
20000242:	601a      	str	r2, [r3, #0]
20000244:	f381 8810 	msr	PRIMASK, r1
20000248:	bf40      	sev
2000024a:	4770      	bx	lr

2000024c <flash_init_boot2_copyout>:
2000024c:	b510      	push	{r4, lr}
2000024e:	4c08      	ldr	r4, [pc, #32]	@ (20000270 <flash_init_boot2_copyout+0x24>)
20000250:	7823      	ldrb	r3, [r4, #0]
20000252:	2b00      	cmp	r3, #0
20000254:	d10a      	bne.n	2000026c <flash_init_boot2_copyout+0x20>
20000256:	2380      	movs	r3, #128	@ 0x80
20000258:	4806      	ldr	r0, [pc, #24]	@ (20000274 <flash_init_boot2_copyout+0x28>)
2000025a:	4907      	ldr	r1, [pc, #28]	@ (20000278 <flash_init_boot2_copyout+0x2c>)
2000025c:	055b      	lsls	r3, r3, #21
2000025e:	681a      	ldr	r2, [r3, #0]
20000260:	50c2      	str	r2, [r0, r3]
20000262:	3304      	adds	r3, #4
20000264:	428b      	cmp	r3, r1
20000266:	d1fa      	bne.n	2000025e <flash_init_boot2_copyout+0x12>
20000268:	2301      	movs	r3, #1
2000026a:	7023      	strb	r3, [r4, #0]
2000026c:	bd10      	pop	{r4, pc}
2000026e:	46c0      	nop			@ (mov r8, r8)
20000270:	200023e3 	.word	0x200023e3
20000274:	10001c88 	.word	0x10001c88
20000278:	10000100 	.word	0x10000100

2000027c <flash_enable_xip_via_boot2>:
2000027c:	b510      	push	{r4, lr}
2000027e:	4b01      	ldr	r3, [pc, #4]	@ (20000284 <flash_enable_xip_via_boot2+0x8>)
20000280:	4798      	blx	r3
20000282:	bd10      	pop	{r4, pc}
20000284:	20001c89 	.word	0x20001c89

20000288 <flash_save_hardware_state>:
20000288:	4b06      	ldr	r3, [pc, #24]	@ (200002a4 <flash_save_hardware_state+0x1c>)
2000028a:	685a      	ldr	r2, [r3, #4]
2000028c:	6002      	str	r2, [r0, #0]
2000028e:	689a      	ldr	r2, [r3, #8]
20000290:	6042      	str	r2, [r0, #4]
20000292:	68da      	ldr	r2, [r3, #12]
20000294:	6082      	str	r2, [r0, #8]
20000296:	691a      	ldr	r2, [r3, #16]
20000298:	60c2      	str	r2, [r0, #12]
2000029a:	695a      	ldr	r2, [r3, #20]
2000029c:	6102      	str	r2, [r0, #16]
2000029e:	699b      	ldr	r3, [r3, #24]
200002a0:	6143      	str	r3, [r0, #20]
200002a2:	4770      	bx	lr
200002a4:	40020000 	.word	0x40020000

200002a8 <flash_restore_hardware_state>:
200002a8:	6802      	ldr	r2, [r0, #0]
200002aa:	4b06      	ldr	r3, [pc, #24]	@ (200002c4 <flash_restore_hardware_state+0x1c>)
200002ac:	605a      	str	r2, [r3, #4]
200002ae:	6842      	ldr	r2, [r0, #4]
200002b0:	609a      	str	r2, [r3, #8]
200002b2:	6882      	ldr	r2, [r0, #8]
200002b4:	60da      	str	r2, [r3, #12]
200002b6:	68c2      	ldr	r2, [r0, #12]
200002b8:	611a      	str	r2, [r3, #16]
200002ba:	6902      	ldr	r2, [r0, #16]
200002bc:	615a      	str	r2, [r3, #20]
200002be:	6942      	ldr	r2, [r0, #20]
200002c0:	619a      	str	r2, [r3, #24]
200002c2:	4770      	bx	lr
200002c4:	40020000 	.word	0x40020000

200002c8 <flash_cs_force.constprop.0>:
200002c8:	4b03      	ldr	r3, [pc, #12]	@ (200002d8 <flash_cs_force.constprop.0+0x10>)
200002ca:	681a      	ldr	r2, [r3, #0]
200002cc:	23c0      	movs	r3, #192	@ 0xc0
200002ce:	009b      	lsls	r3, r3, #2
200002d0:	4393      	bics	r3, r2
200002d2:	4a02      	ldr	r2, [pc, #8]	@ (200002dc <flash_cs_force.constprop.0+0x14>)
200002d4:	6013      	str	r3, [r2, #0]
200002d6:	4770      	bx	lr
200002d8:	4001800c 	.word	0x4001800c
200002dc:	4001900c 	.word	0x4001900c

200002e0 <flash_cs_force.constprop.1>:
200002e0:	4b05      	ldr	r3, [pc, #20]	@ (200002f8 <flash_cs_force.constprop.1+0x18>)
200002e2:	681a      	ldr	r2, [r3, #0]
200002e4:	2380      	movs	r3, #128	@ 0x80
200002e6:	009b      	lsls	r3, r3, #2
200002e8:	4053      	eors	r3, r2
200002ea:	22c0      	movs	r2, #192	@ 0xc0
200002ec:	0092      	lsls	r2, r2, #2
200002ee:	4013      	ands	r3, r2
200002f0:	4a02      	ldr	r2, [pc, #8]	@ (200002fc <flash_cs_force.constprop.1+0x1c>)
200002f2:	6013      	str	r3, [r2, #0]
200002f4:	4770      	bx	lr
200002f6:	46c0      	nop			@ (mov r8, r8)
200002f8:	4001800c 	.word	0x4001800c
200002fc:	4001900c 	.word	0x4001900c

20000300 <flash_do_cmd>:
20000300:	2300      	movs	r3, #0
20000302:	b5f0      	push	{r4, r5, r6, r7, lr}
20000304:	46de      	mov	lr, fp
20000306:	4657      	mov	r7, sl
20000308:	464e      	mov	r6, r9
2000030a:	4645      	mov	r5, r8
2000030c:	469a      	mov	sl, r3
2000030e:	b5e0      	push	{r5, r6, r7, lr}
20000310:	b089      	sub	sp, #36	@ 0x24
20000312:	9001      	str	r0, [sp, #4]
20000314:	000e      	movs	r6, r1
20000316:	8a98      	ldrh	r0, [r3, #20]
20000318:	4945      	ldr	r1, [pc, #276]	@ (20000430 <flash_do_cmd+0x130>)
2000031a:	8b1b      	ldrh	r3, [r3, #24]
2000031c:	0014      	movs	r4, r2
2000031e:	4798      	blx	r3
20000320:	4653      	mov	r3, sl
20000322:	4681      	mov	r9, r0
20000324:	4943      	ldr	r1, [pc, #268]	@ (20000434 <flash_do_cmd+0x134>)
20000326:	8a98      	ldrh	r0, [r3, #20]
20000328:	8b1b      	ldrh	r3, [r3, #24]
2000032a:	4798      	blx	r3
2000032c:	4653      	mov	r3, sl
2000032e:	4942      	ldr	r1, [pc, #264]	@ (20000438 <flash_do_cmd+0x138>)
20000330:	0005      	movs	r5, r0
20000332:	8a98      	ldrh	r0, [r3, #20]
20000334:	8b1b      	ldrh	r3, [r3, #24]
20000336:	4798      	blx	r3
20000338:	4680      	mov	r8, r0
2000033a:	f7ff ff87 	bl	2000024c <flash_init_boot2_copyout>
2000033e:	a802      	add	r0, sp, #8
20000340:	f7ff ffa2 	bl	20000288 <flash_save_hardware_state>
20000344:	47c8      	blx	r9
20000346:	47a8      	blx	r5
20000348:	f7ff ffca 	bl	200002e0 <flash_cs_force.constprop.1>
2000034c:	1e25      	subs	r5, r4, #0
2000034e:	d022      	beq.n	20000396 <flash_do_cmd+0x96>
20000350:	2308      	movs	r3, #8
20000352:	21c0      	movs	r1, #192	@ 0xc0
20000354:	469c      	mov	ip, r3
20000356:	2002      	movs	r0, #2
20000358:	0549      	lsls	r1, r1, #21
2000035a:	4662      	mov	r2, ip
2000035c:	6a8b      	ldr	r3, [r1, #40]	@ 0x28
2000035e:	401a      	ands	r2, r3
20000360:	4218      	tst	r0, r3
20000362:	d03f      	beq.n	200003e4 <flash_do_cmd+0xe4>
20000364:	1b63      	subs	r3, r4, r5
20000366:	2d00      	cmp	r5, #0
20000368:	d12f      	bne.n	200003ca <flash_do_cmd+0xca>
2000036a:	2a00      	cmp	r2, #0
2000036c:	d111      	bne.n	20000392 <flash_do_cmd+0x92>
2000036e:	2c00      	cmp	r4, #0
20000370:	d011      	beq.n	20000396 <flash_do_cmd+0x96>
20000372:	23c0      	movs	r3, #192	@ 0xc0
20000374:	055b      	lsls	r3, r3, #21
20000376:	469b      	mov	fp, r3
20000378:	2302      	movs	r3, #2
2000037a:	469a      	mov	sl, r3
2000037c:	3306      	adds	r3, #6
2000037e:	4699      	mov	r9, r3
20000380:	465b      	mov	r3, fp
20000382:	464a      	mov	r2, r9
20000384:	4657      	mov	r7, sl
20000386:	6a9b      	ldr	r3, [r3, #40]	@ 0x28
20000388:	401a      	ands	r2, r3
2000038a:	421f      	tst	r7, r3
2000038c:	d042      	beq.n	20000414 <flash_do_cmd+0x114>
2000038e:	2a00      	cmp	r2, #0
20000390:	d0f6      	beq.n	20000380 <flash_do_cmd+0x80>
20000392:	2c00      	cmp	r4, #0
20000394:	d130      	bne.n	200003f8 <flash_do_cmd+0xf8>
20000396:	f7ff ff97 	bl	200002c8 <flash_cs_force.constprop.0>
2000039a:	47c0      	blx	r8
2000039c:	f7ff ff6e 	bl	2000027c <flash_enable_xip_via_boot2>
200003a0:	a802      	add	r0, sp, #8
200003a2:	f7ff ff81 	bl	200002a8 <flash_restore_hardware_state>
200003a6:	b009      	add	sp, #36	@ 0x24
200003a8:	bcf0      	pop	{r4, r5, r6, r7}
200003aa:	46bb      	mov	fp, r7
200003ac:	46b2      	mov	sl, r6
200003ae:	46a9      	mov	r9, r5
200003b0:	46a0      	mov	r8, r4
200003b2:	bdf0      	pop	{r4, r5, r6, r7, pc}
200003b4:	2c00      	cmp	r4, #0
200003b6:	d12f      	bne.n	20000418 <flash_do_cmd+0x118>
200003b8:	22c0      	movs	r2, #192	@ 0xc0
200003ba:	0552      	lsls	r2, r2, #21
200003bc:	6a92      	ldr	r2, [r2, #40]	@ 0x28
200003be:	4691      	mov	r9, r2
200003c0:	2208      	movs	r2, #8
200003c2:	464f      	mov	r7, r9
200003c4:	403a      	ands	r2, r7
200003c6:	07bf      	lsls	r7, r7, #30
200003c8:	d52d      	bpl.n	20000426 <flash_do_cmd+0x126>
200003ca:	2b0d      	cmp	r3, #13
200003cc:	d91b      	bls.n	20000406 <flash_do_cmd+0x106>
200003ce:	2a00      	cmp	r2, #0
200003d0:	d1f0      	bne.n	200003b4 <flash_do_cmd+0xb4>
200003d2:	22c0      	movs	r2, #192	@ 0xc0
200003d4:	0552      	lsls	r2, r2, #21
200003d6:	6a92      	ldr	r2, [r2, #40]	@ 0x28
200003d8:	4691      	mov	r9, r2
200003da:	2208      	movs	r2, #8
200003dc:	464f      	mov	r7, r9
200003de:	403a      	ands	r2, r7
200003e0:	07bf      	lsls	r7, r7, #30
200003e2:	d4f2      	bmi.n	200003ca <flash_do_cmd+0xca>
200003e4:	2a00      	cmp	r2, #0
200003e6:	d104      	bne.n	200003f2 <flash_do_cmd+0xf2>
200003e8:	002b      	movs	r3, r5
200003ea:	4323      	orrs	r3, r4
200003ec:	2b00      	cmp	r3, #0
200003ee:	d1b4      	bne.n	2000035a <flash_do_cmd+0x5a>
200003f0:	e7d1      	b.n	20000396 <flash_do_cmd+0x96>
200003f2:	002b      	movs	r3, r5
200003f4:	2c00      	cmp	r4, #0
200003f6:	d0f9      	beq.n	200003ec <flash_do_cmd+0xec>
200003f8:	6e0b      	ldr	r3, [r1, #96]	@ 0x60
200003fa:	3c01      	subs	r4, #1
200003fc:	7033      	strb	r3, [r6, #0]
200003fe:	0023      	movs	r3, r4
20000400:	3601      	adds	r6, #1
20000402:	432b      	orrs	r3, r5
20000404:	e7f2      	b.n	200003ec <flash_do_cmd+0xec>
20000406:	9f01      	ldr	r7, [sp, #4]
20000408:	3d01      	subs	r5, #1
2000040a:	783b      	ldrb	r3, [r7, #0]
2000040c:	3701      	adds	r7, #1
2000040e:	660b      	str	r3, [r1, #96]	@ 0x60
20000410:	9701      	str	r7, [sp, #4]
20000412:	e7e7      	b.n	200003e4 <flash_do_cmd+0xe4>
20000414:	2500      	movs	r5, #0
20000416:	e7e5      	b.n	200003e4 <flash_do_cmd+0xe4>
20000418:	23c0      	movs	r3, #192	@ 0xc0
2000041a:	055b      	lsls	r3, r3, #21
2000041c:	6e1b      	ldr	r3, [r3, #96]	@ 0x60
2000041e:	3c01      	subs	r4, #1
20000420:	7033      	strb	r3, [r6, #0]
20000422:	3601      	adds	r6, #1
20000424:	e799      	b.n	2000035a <flash_do_cmd+0x5a>
20000426:	002b      	movs	r3, r5
20000428:	2a00      	cmp	r2, #0
2000042a:	d1df      	bne.n	200003ec <flash_do_cmd+0xec>
2000042c:	e7dc      	b.n	200003e8 <flash_do_cmd+0xe8>
2000042e:	46c0      	nop			@ (mov r8, r8)
20000430:	00004649 	.word	0x00004649
20000434:	00005845 	.word	0x00005845
20000438:	00004346 	.word	0x00004346

2000043c <reset_non_control_endpoints>:
2000043c:	2200      	movs	r2, #0
2000043e:	4b15      	ldr	r3, [pc, #84]	@ (20000494 <reset_non_control_endpoints+0x58>)
20000440:	b510      	push	{r4, lr}
20000442:	609a      	str	r2, [r3, #8]
20000444:	60da      	str	r2, [r3, #12]
20000446:	611a      	str	r2, [r3, #16]
20000448:	615a      	str	r2, [r3, #20]
2000044a:	619a      	str	r2, [r3, #24]
2000044c:	61da      	str	r2, [r3, #28]
2000044e:	621a      	str	r2, [r3, #32]
20000450:	625a      	str	r2, [r3, #36]	@ 0x24
20000452:	629a      	str	r2, [r3, #40]	@ 0x28
20000454:	62da      	str	r2, [r3, #44]	@ 0x2c
20000456:	631a      	str	r2, [r3, #48]	@ 0x30
20000458:	635a      	str	r2, [r3, #52]	@ 0x34
2000045a:	639a      	str	r2, [r3, #56]	@ 0x38
2000045c:	63da      	str	r2, [r3, #60]	@ 0x3c
2000045e:	641a      	str	r2, [r3, #64]	@ 0x40
20000460:	645a      	str	r2, [r3, #68]	@ 0x44
20000462:	649a      	str	r2, [r3, #72]	@ 0x48
20000464:	64da      	str	r2, [r3, #76]	@ 0x4c
20000466:	651a      	str	r2, [r3, #80]	@ 0x50
20000468:	655a      	str	r2, [r3, #84]	@ 0x54
2000046a:	659a      	str	r2, [r3, #88]	@ 0x58
2000046c:	65da      	str	r2, [r3, #92]	@ 0x5c
2000046e:	661a      	str	r2, [r3, #96]	@ 0x60
20000470:	665a      	str	r2, [r3, #100]	@ 0x64
20000472:	669a      	str	r2, [r3, #104]	@ 0x68
20000474:	66da      	str	r2, [r3, #108]	@ 0x6c
20000476:	671a      	str	r2, [r3, #112]	@ 0x70
20000478:	675a      	str	r2, [r3, #116]	@ 0x74
2000047a:	679a      	str	r2, [r3, #120]	@ 0x78
2000047c:	67da      	str	r2, [r3, #124]	@ 0x7c
2000047e:	32f0      	adds	r2, #240	@ 0xf0
20000480:	0092      	lsls	r2, r2, #2
20000482:	2100      	movs	r1, #0
20000484:	4804      	ldr	r0, [pc, #16]	@ (20000498 <reset_non_control_endpoints+0x5c>)
20000486:	f000 fd7b 	bl	20000f80 <____wrap_memset_veneer>
2000048a:	4b04      	ldr	r3, [pc, #16]	@ (2000049c <reset_non_control_endpoints+0x60>)
2000048c:	4a04      	ldr	r2, [pc, #16]	@ (200004a0 <reset_non_control_endpoints+0x64>)
2000048e:	601a      	str	r2, [r3, #0]
20000490:	bd10      	pop	{r4, pc}
20000492:	46c0      	nop			@ (mov r8, r8)
20000494:	50100000 	.word	0x50100000
20000498:	20001e34 	.word	0x20001e34
2000049c:	200021fc 	.word	0x200021fc
200004a0:	50100180 	.word	0x50100180

200004a4 <hw_handle_buff_status>:
200004a4:	b5f0      	push	{r4, r5, r6, r7, lr}
200004a6:	464e      	mov	r6, r9
200004a8:	4645      	mov	r5, r8
200004aa:	46de      	mov	lr, fp
200004ac:	4657      	mov	r7, sl
200004ae:	b5e0      	push	{r5, r6, r7, lr}
200004b0:	4b21      	ldr	r3, [pc, #132]	@ (20000538 <hw_handle_buff_status+0x94>)
200004b2:	2400      	movs	r4, #0
200004b4:	6d9e      	ldr	r6, [r3, #88]	@ 0x58
200004b6:	2501      	movs	r5, #1
200004b8:	b085      	sub	sp, #20
200004ba:	2e00      	cmp	r6, #0
200004bc:	d022      	beq.n	20000504 <hw_handle_buff_status+0x60>
200004be:	4b1f      	ldr	r3, [pc, #124]	@ (2000053c <hw_handle_buff_status+0x98>)
200004c0:	469a      	mov	sl, r3
200004c2:	2301      	movs	r3, #1
200004c4:	4699      	mov	r9, r3
200004c6:	4b1e      	ldr	r3, [pc, #120]	@ (20000540 <hw_handle_buff_status+0x9c>)
200004c8:	4698      	mov	r8, r3
200004ca:	e001      	b.n	200004d0 <hw_handle_buff_status+0x2c>
200004cc:	2c20      	cmp	r4, #32
200004ce:	d019      	beq.n	20000504 <hw_handle_buff_status+0x60>
200004d0:	002a      	movs	r2, r5
200004d2:	0023      	movs	r3, r4
200004d4:	3401      	adds	r4, #1
200004d6:	002f      	movs	r7, r5
200004d8:	4032      	ands	r2, r6
200004da:	b2e4      	uxtb	r4, r4
200004dc:	006d      	lsls	r5, r5, #1
200004de:	2a00      	cmp	r2, #0
200004e0:	d0f4      	beq.n	200004cc <hw_handle_buff_status+0x28>
200004e2:	4652      	mov	r2, sl
200004e4:	6597      	str	r7, [r2, #88]	@ 0x58
200004e6:	464a      	mov	r2, r9
200004e8:	085b      	lsrs	r3, r3, #1
200004ea:	005b      	lsls	r3, r3, #1
200004ec:	4022      	ands	r2, r4
200004ee:	189b      	adds	r3, r3, r2
200004f0:	015b      	lsls	r3, r3, #5
200004f2:	4443      	add	r3, r8
200004f4:	0018      	movs	r0, r3
200004f6:	469b      	mov	fp, r3
200004f8:	f000 fc1e 	bl	20000d38 <hw_endpoint_xfer_continue>
200004fc:	2800      	cmp	r0, #0
200004fe:	d108      	bne.n	20000512 <hw_handle_buff_status+0x6e>
20000500:	43be      	bics	r6, r7
20000502:	d1e3      	bne.n	200004cc <hw_handle_buff_status+0x28>
20000504:	b005      	add	sp, #20
20000506:	bcf0      	pop	{r4, r5, r6, r7}
20000508:	46bb      	mov	fp, r7
2000050a:	46b2      	mov	sl, r6
2000050c:	46a9      	mov	r9, r5
2000050e:	46a0      	mov	r8, r4
20000510:	bdf0      	pop	{r4, r5, r6, r7, pc}
20000512:	465b      	mov	r3, fp
20000514:	21e0      	movs	r1, #224	@ 0xe0
20000516:	789a      	ldrb	r2, [r3, #2]
20000518:	8adb      	ldrh	r3, [r3, #22]
2000051a:	a801      	add	r0, sp, #4
2000051c:	6083      	str	r3, [r0, #8]
2000051e:	2300      	movs	r3, #0
20000520:	00c9      	lsls	r1, r1, #3
20000522:	8001      	strh	r1, [r0, #0]
20000524:	2101      	movs	r1, #1
20000526:	7102      	strb	r2, [r0, #4]
20000528:	7143      	strb	r3, [r0, #5]
2000052a:	f000 fc25 	bl	20000d78 <dcd_event_handler>
2000052e:	4658      	mov	r0, fp
20000530:	f000 fba0 	bl	20000c74 <hw_endpoint_reset_transfer>
20000534:	e7e4      	b.n	20000500 <hw_handle_buff_status+0x5c>
20000536:	46c0      	nop			@ (mov r8, r8)
20000538:	50110000 	.word	0x50110000
2000053c:	50113000 	.word	0x50113000
20000540:	20001df4 	.word	0x20001df4

20000544 <dcd_rp2040_irq>:
20000544:	2398      	movs	r3, #152	@ 0x98
20000546:	b5f0      	push	{r4, r5, r6, r7, lr}
20000548:	46c6      	mov	lr, r8
2000054a:	4ac8      	ldr	r2, [pc, #800]	@ (2000086c <dcd_rp2040_irq+0x328>)
2000054c:	b500      	push	{lr}
2000054e:	58d5      	ldr	r5, [r2, r3]
20000550:	2380      	movs	r3, #128	@ 0x80
20000552:	002e      	movs	r6, r5
20000554:	029b      	lsls	r3, r3, #10
20000556:	2410      	movs	r4, #16
20000558:	b084      	sub	sp, #16
2000055a:	401e      	ands	r6, r3
2000055c:	421d      	tst	r5, r3
2000055e:	d074      	beq.n	2000064a <dcd_rp2040_irq+0x106>
20000560:	4bc3      	ldr	r3, [pc, #780]	@ (20000870 <dcd_rp2040_irq+0x32c>)
20000562:	4cc4      	ldr	r4, [pc, #784]	@ (20000874 <dcd_rp2040_irq+0x330>)
20000564:	6a9a      	ldr	r2, [r3, #40]	@ 0x28
20000566:	4bc4      	ldr	r3, [pc, #784]	@ (20000878 <dcd_rp2040_irq+0x334>)
20000568:	2600      	movs	r6, #0
2000056a:	601a      	str	r2, [r3, #0]
2000056c:	233b      	movs	r3, #59	@ 0x3b
2000056e:	5ce3      	ldrb	r3, [r4, r3]
20000570:	2b02      	cmp	r3, #2
20000572:	d100      	bne.n	20000576 <dcd_rp2040_irq+0x32>
20000574:	e14f      	b.n	20000816 <dcd_rp2040_irq+0x2d2>
20000576:	237b      	movs	r3, #123	@ 0x7b
20000578:	5ce3      	ldrb	r3, [r4, r3]
2000057a:	2b02      	cmp	r3, #2
2000057c:	d100      	bne.n	20000580 <dcd_rp2040_irq+0x3c>
2000057e:	e0f3      	b.n	20000768 <dcd_rp2040_irq+0x224>
20000580:	23bb      	movs	r3, #187	@ 0xbb
20000582:	5ce3      	ldrb	r3, [r4, r3]
20000584:	2b02      	cmp	r3, #2
20000586:	d100      	bne.n	2000058a <dcd_rp2040_irq+0x46>
20000588:	e0fa      	b.n	20000780 <dcd_rp2040_irq+0x23c>
2000058a:	23fb      	movs	r3, #251	@ 0xfb
2000058c:	5ce3      	ldrb	r3, [r4, r3]
2000058e:	2b02      	cmp	r3, #2
20000590:	d100      	bne.n	20000594 <dcd_rp2040_irq+0x50>
20000592:	e101      	b.n	20000798 <dcd_rp2040_irq+0x254>
20000594:	233c      	movs	r3, #60	@ 0x3c
20000596:	33ff      	adds	r3, #255	@ 0xff
20000598:	5ce3      	ldrb	r3, [r4, r3]
2000059a:	2b02      	cmp	r3, #2
2000059c:	d100      	bne.n	200005a0 <dcd_rp2040_irq+0x5c>
2000059e:	e12d      	b.n	200007fc <dcd_rp2040_irq+0x2b8>
200005a0:	237c      	movs	r3, #124	@ 0x7c
200005a2:	33ff      	adds	r3, #255	@ 0xff
200005a4:	5ce3      	ldrb	r3, [r4, r3]
200005a6:	2b02      	cmp	r3, #2
200005a8:	d100      	bne.n	200005ac <dcd_rp2040_irq+0x68>
200005aa:	e10e      	b.n	200007ca <dcd_rp2040_irq+0x286>
200005ac:	23bc      	movs	r3, #188	@ 0xbc
200005ae:	33ff      	adds	r3, #255	@ 0xff
200005b0:	5ce3      	ldrb	r3, [r4, r3]
200005b2:	2b02      	cmp	r3, #2
200005b4:	d100      	bne.n	200005b8 <dcd_rp2040_irq+0x74>
200005b6:	e13f      	b.n	20000838 <dcd_rp2040_irq+0x2f4>
200005b8:	23fc      	movs	r3, #252	@ 0xfc
200005ba:	33ff      	adds	r3, #255	@ 0xff
200005bc:	5ce3      	ldrb	r3, [r4, r3]
200005be:	2b02      	cmp	r3, #2
200005c0:	d100      	bne.n	200005c4 <dcd_rp2040_irq+0x80>
200005c2:	e0f5      	b.n	200007b0 <dcd_rp2040_irq+0x26c>
200005c4:	4bad      	ldr	r3, [pc, #692]	@ (2000087c <dcd_rp2040_irq+0x338>)
200005c6:	5ce3      	ldrb	r3, [r4, r3]
200005c8:	2b02      	cmp	r3, #2
200005ca:	d100      	bne.n	200005ce <dcd_rp2040_irq+0x8a>
200005cc:	e174      	b.n	200008b8 <dcd_rp2040_irq+0x374>
200005ce:	4bac      	ldr	r3, [pc, #688]	@ (20000880 <dcd_rp2040_irq+0x33c>)
200005d0:	5ce3      	ldrb	r3, [r4, r3]
200005d2:	2b02      	cmp	r3, #2
200005d4:	d100      	bne.n	200005d8 <dcd_rp2040_irq+0x94>
200005d6:	e105      	b.n	200007e4 <dcd_rp2040_irq+0x2a0>
200005d8:	4baa      	ldr	r3, [pc, #680]	@ (20000884 <dcd_rp2040_irq+0x340>)
200005da:	5ce3      	ldrb	r3, [r4, r3]
200005dc:	2b02      	cmp	r3, #2
200005de:	d100      	bne.n	200005e2 <dcd_rp2040_irq+0x9e>
200005e0:	e175      	b.n	200008ce <dcd_rp2040_irq+0x38a>
200005e2:	4ba9      	ldr	r3, [pc, #676]	@ (20000888 <dcd_rp2040_irq+0x344>)
200005e4:	5ce3      	ldrb	r3, [r4, r3]
200005e6:	2b02      	cmp	r3, #2
200005e8:	d100      	bne.n	200005ec <dcd_rp2040_irq+0xa8>
200005ea:	e132      	b.n	20000852 <dcd_rp2040_irq+0x30e>
200005ec:	4ba7      	ldr	r3, [pc, #668]	@ (2000088c <dcd_rp2040_irq+0x348>)
200005ee:	5ce3      	ldrb	r3, [r4, r3]
200005f0:	2b02      	cmp	r3, #2
200005f2:	d100      	bne.n	200005f6 <dcd_rp2040_irq+0xb2>
200005f4:	e1a0      	b.n	20000938 <dcd_rp2040_irq+0x3f4>
200005f6:	4ba6      	ldr	r3, [pc, #664]	@ (20000890 <dcd_rp2040_irq+0x34c>)
200005f8:	5ce3      	ldrb	r3, [r4, r3]
200005fa:	2b02      	cmp	r3, #2
200005fc:	d100      	bne.n	20000600 <dcd_rp2040_irq+0xbc>
200005fe:	e171      	b.n	200008e4 <dcd_rp2040_irq+0x3a0>
20000600:	4ba4      	ldr	r3, [pc, #656]	@ (20000894 <dcd_rp2040_irq+0x350>)
20000602:	5ce3      	ldrb	r3, [r4, r3]
20000604:	2b02      	cmp	r3, #2
20000606:	d100      	bne.n	2000060a <dcd_rp2040_irq+0xc6>
20000608:	e1a1      	b.n	2000094e <dcd_rp2040_irq+0x40a>
2000060a:	4ba3      	ldr	r3, [pc, #652]	@ (20000898 <dcd_rp2040_irq+0x354>)
2000060c:	5ce3      	ldrb	r3, [r4, r3]
2000060e:	2b02      	cmp	r3, #2
20000610:	d100      	bne.n	20000614 <dcd_rp2040_irq+0xd0>
20000612:	e17f      	b.n	20000914 <dcd_rp2040_irq+0x3d0>
20000614:	2e00      	cmp	r6, #0
20000616:	d108      	bne.n	2000062a <dcd_rp2040_irq+0xe6>
20000618:	4ba0      	ldr	r3, [pc, #640]	@ (2000089c <dcd_rp2040_irq+0x358>)
2000061a:	781b      	ldrb	r3, [r3, #0]
2000061c:	2b00      	cmp	r3, #0
2000061e:	d104      	bne.n	2000062a <dcd_rp2040_irq+0xe6>
20000620:	2180      	movs	r1, #128	@ 0x80
20000622:	4a9f      	ldr	r2, [pc, #636]	@ (200008a0 <dcd_rp2040_irq+0x35c>)
20000624:	3390      	adds	r3, #144	@ 0x90
20000626:	0289      	lsls	r1, r1, #10
20000628:	50d1      	str	r1, [r2, r3]
2000062a:	22c0      	movs	r2, #192	@ 0xc0
2000062c:	4669      	mov	r1, sp
2000062e:	4b8f      	ldr	r3, [pc, #572]	@ (2000086c <dcd_rp2040_irq+0x328>)
20000630:	0092      	lsls	r2, r2, #2
20000632:	6c9b      	ldr	r3, [r3, #72]	@ 0x48
20000634:	2680      	movs	r6, #128	@ 0x80
20000636:	055b      	lsls	r3, r3, #21
20000638:	808a      	strh	r2, [r1, #4]
2000063a:	0d5b      	lsrs	r3, r3, #21
2000063c:	2101      	movs	r1, #1
2000063e:	a801      	add	r0, sp, #4
20000640:	9302      	str	r3, [sp, #8]
20000642:	f000 fb99 	bl	20000d78 <dcd_event_handler>
20000646:	4c97      	ldr	r4, [pc, #604]	@ (200008a4 <dcd_rp2040_irq+0x360>)
20000648:	02b6      	lsls	r6, r6, #10
2000064a:	06eb      	lsls	r3, r5, #27
2000064c:	d500      	bpl.n	20000650 <dcd_rp2040_irq+0x10c>
2000064e:	e07f      	b.n	20000750 <dcd_rp2040_irq+0x20c>
20000650:	2380      	movs	r3, #128	@ 0x80
20000652:	025b      	lsls	r3, r3, #9
20000654:	421d      	tst	r5, r3
20000656:	d031      	beq.n	200006bc <dcd_rp2040_irq+0x178>
20000658:	431e      	orrs	r6, r3
2000065a:	2301      	movs	r3, #1
2000065c:	2402      	movs	r4, #2
2000065e:	4698      	mov	r8, r3
20000660:	4f84      	ldr	r7, [pc, #528]	@ (20000874 <dcd_rp2040_irq+0x330>)
20000662:	7ebb      	ldrb	r3, [r7, #26]
20000664:	2b00      	cmp	r3, #0
20000666:	d014      	beq.n	20000692 <dcd_rp2040_irq+0x14e>
20000668:	f000 fcaa 	bl	20000fc0 <__rp2040_chip_version_veneer>
2000066c:	2801      	cmp	r0, #1
2000066e:	d900      	bls.n	20000672 <dcd_rp2040_irq+0x12e>
20000670:	e072      	b.n	20000758 <dcd_rp2040_irq+0x214>
20000672:	22c0      	movs	r2, #192	@ 0xc0
20000674:	2100      	movs	r1, #0
20000676:	0038      	movs	r0, r7
20000678:	0192      	lsls	r2, r2, #6
2000067a:	f000 fb01 	bl	20000c80 <_hw_endpoint_buffer_control_update32>
2000067e:	0038      	movs	r0, r7
20000680:	f000 faf8 	bl	20000c74 <hw_endpoint_reset_transfer>
20000684:	f000 fc9c 	bl	20000fc0 <__rp2040_chip_version_veneer>
20000688:	2801      	cmp	r0, #1
2000068a:	d902      	bls.n	20000692 <dcd_rp2040_irq+0x14e>
2000068c:	4b84      	ldr	r3, [pc, #528]	@ (200008a0 <dcd_rp2040_irq+0x35c>)
2000068e:	665c      	str	r4, [r3, #100]	@ 0x64
20000690:	661c      	str	r4, [r3, #96]	@ 0x60
20000692:	4643      	mov	r3, r8
20000694:	70fb      	strb	r3, [r7, #3]
20000696:	3720      	adds	r7, #32
20000698:	2c01      	cmp	r4, #1
2000069a:	d122      	bne.n	200006e2 <dcd_rp2040_irq+0x19e>
2000069c:	23c0      	movs	r3, #192	@ 0xc0
2000069e:	466a      	mov	r2, sp
200006a0:	00db      	lsls	r3, r3, #3
200006a2:	8093      	strh	r3, [r2, #4]
200006a4:	4a80      	ldr	r2, [pc, #512]	@ (200008a8 <dcd_rp2040_irq+0x364>)
200006a6:	ab02      	add	r3, sp, #8
200006a8:	ca03      	ldmia	r2!, {r0, r1}
200006aa:	c303      	stmia	r3!, {r0, r1}
200006ac:	2101      	movs	r1, #1
200006ae:	a801      	add	r0, sp, #4
200006b0:	f000 fb62 	bl	20000d78 <dcd_event_handler>
200006b4:	2280      	movs	r2, #128	@ 0x80
200006b6:	4b7a      	ldr	r3, [pc, #488]	@ (200008a0 <dcd_rp2040_irq+0x35c>)
200006b8:	0292      	lsls	r2, r2, #10
200006ba:	651a      	str	r2, [r3, #80]	@ 0x50
200006bc:	2380      	movs	r3, #128	@ 0x80
200006be:	015b      	lsls	r3, r3, #5
200006c0:	421d      	tst	r5, r3
200006c2:	d110      	bne.n	200006e6 <dcd_rp2040_irq+0x1a2>
200006c4:	2380      	movs	r3, #128	@ 0x80
200006c6:	01db      	lsls	r3, r3, #7
200006c8:	421d      	tst	r5, r3
200006ca:	d123      	bne.n	20000714 <dcd_rp2040_irq+0x1d0>
200006cc:	2380      	movs	r3, #128	@ 0x80
200006ce:	021b      	lsls	r3, r3, #8
200006d0:	421d      	tst	r5, r3
200006d2:	d12f      	bne.n	20000734 <dcd_rp2040_irq+0x1f0>
200006d4:	42ae      	cmp	r6, r5
200006d6:	d000      	beq.n	200006da <dcd_rp2040_irq+0x196>
200006d8:	e1c0      	b.n	20000a5c <dcd_rp2040_irq+0x518>
200006da:	b004      	add	sp, #16
200006dc:	bc80      	pop	{r7}
200006de:	46b8      	mov	r8, r7
200006e0:	bdf0      	pop	{r4, r5, r6, r7, pc}
200006e2:	2401      	movs	r4, #1
200006e4:	e7bd      	b.n	20000662 <dcd_rp2040_irq+0x11e>
200006e6:	2400      	movs	r4, #0
200006e8:	431e      	orrs	r6, r3
200006ea:	4b60      	ldr	r3, [pc, #384]	@ (2000086c <dcd_rp2040_irq+0x328>)
200006ec:	601c      	str	r4, [r3, #0]
200006ee:	f7ff fea5 	bl	2000043c <reset_non_control_endpoints>
200006f2:	2380      	movs	r3, #128	@ 0x80
200006f4:	466a      	mov	r2, sp
200006f6:	005b      	lsls	r3, r3, #1
200006f8:	8093      	strh	r3, [r2, #4]
200006fa:	7214      	strb	r4, [r2, #8]
200006fc:	2101      	movs	r1, #1
200006fe:	a801      	add	r0, sp, #4
20000700:	f000 fb3a 	bl	20000d78 <dcd_event_handler>
20000704:	2280      	movs	r2, #128	@ 0x80
20000706:	4b66      	ldr	r3, [pc, #408]	@ (200008a0 <dcd_rp2040_irq+0x35c>)
20000708:	0312      	lsls	r2, r2, #12
2000070a:	651a      	str	r2, [r3, #80]	@ 0x50
2000070c:	2380      	movs	r3, #128	@ 0x80
2000070e:	01db      	lsls	r3, r3, #7
20000710:	421d      	tst	r5, r3
20000712:	d0db      	beq.n	200006cc <dcd_rp2040_irq+0x188>
20000714:	431e      	orrs	r6, r3
20000716:	2380      	movs	r3, #128	@ 0x80
20000718:	466a      	mov	r2, sp
2000071a:	00db      	lsls	r3, r3, #3
2000071c:	8093      	strh	r3, [r2, #4]
2000071e:	2101      	movs	r1, #1
20000720:	a801      	add	r0, sp, #4
20000722:	f000 fb29 	bl	20000d78 <dcd_event_handler>
20000726:	2210      	movs	r2, #16
20000728:	4b5d      	ldr	r3, [pc, #372]	@ (200008a0 <dcd_rp2040_irq+0x35c>)
2000072a:	651a      	str	r2, [r3, #80]	@ 0x50
2000072c:	2380      	movs	r3, #128	@ 0x80
2000072e:	021b      	lsls	r3, r3, #8
20000730:	421d      	tst	r5, r3
20000732:	d0cf      	beq.n	200006d4 <dcd_rp2040_irq+0x190>
20000734:	431e      	orrs	r6, r3
20000736:	23a0      	movs	r3, #160	@ 0xa0
20000738:	466a      	mov	r2, sp
2000073a:	00db      	lsls	r3, r3, #3
2000073c:	8093      	strh	r3, [r2, #4]
2000073e:	2101      	movs	r1, #1
20000740:	a801      	add	r0, sp, #4
20000742:	f000 fb19 	bl	20000d78 <dcd_event_handler>
20000746:	2280      	movs	r2, #128	@ 0x80
20000748:	4b55      	ldr	r3, [pc, #340]	@ (200008a0 <dcd_rp2040_irq+0x35c>)
2000074a:	0112      	lsls	r2, r2, #4
2000074c:	651a      	str	r2, [r3, #80]	@ 0x50
2000074e:	e7c1      	b.n	200006d4 <dcd_rp2040_irq+0x190>
20000750:	f7ff fea8 	bl	200004a4 <hw_handle_buff_status>
20000754:	0026      	movs	r6, r4
20000756:	e77b      	b.n	20000650 <dcd_rp2040_irq+0x10c>
20000758:	4b54      	ldr	r3, [pc, #336]	@ (200008ac <dcd_rp2040_irq+0x368>)
2000075a:	4a44      	ldr	r2, [pc, #272]	@ (2000086c <dcd_rp2040_irq+0x328>)
2000075c:	661c      	str	r4, [r3, #96]	@ 0x60
2000075e:	6e53      	ldr	r3, [r2, #100]	@ 0x64
20000760:	4023      	ands	r3, r4
20000762:	42a3      	cmp	r3, r4
20000764:	d1fb      	bne.n	2000075e <dcd_rp2040_irq+0x21a>
20000766:	e784      	b.n	20000672 <dcd_rp2040_irq+0x12e>
20000768:	3378      	adds	r3, #120	@ 0x78
2000076a:	5ce7      	ldrb	r7, [r4, r3]
2000076c:	2f00      	cmp	r7, #0
2000076e:	d100      	bne.n	20000772 <dcd_rp2040_irq+0x22e>
20000770:	e706      	b.n	20000580 <dcd_rp2040_irq+0x3c>
20000772:	3302      	adds	r3, #2
20000774:	5ce2      	ldrb	r2, [r4, r3]
20000776:	2a00      	cmp	r2, #0
20000778:	d000      	beq.n	2000077c <dcd_rp2040_irq+0x238>
2000077a:	e10d      	b.n	20000998 <dcd_rp2040_irq+0x454>
2000077c:	003e      	movs	r6, r7
2000077e:	e6ff      	b.n	20000580 <dcd_rp2040_irq+0x3c>
20000780:	33b8      	adds	r3, #184	@ 0xb8
20000782:	5ce7      	ldrb	r7, [r4, r3]
20000784:	2f00      	cmp	r7, #0
20000786:	d100      	bne.n	2000078a <dcd_rp2040_irq+0x246>
20000788:	e6ff      	b.n	2000058a <dcd_rp2040_irq+0x46>
2000078a:	3302      	adds	r3, #2
2000078c:	5ce2      	ldrb	r2, [r4, r3]
2000078e:	2a00      	cmp	r2, #0
20000790:	d000      	beq.n	20000794 <dcd_rp2040_irq+0x250>
20000792:	e0f9      	b.n	20000988 <dcd_rp2040_irq+0x444>
20000794:	003e      	movs	r6, r7
20000796:	e6f8      	b.n	2000058a <dcd_rp2040_irq+0x46>
20000798:	33f8      	adds	r3, #248	@ 0xf8
2000079a:	5ce7      	ldrb	r7, [r4, r3]
2000079c:	2f00      	cmp	r7, #0
2000079e:	d100      	bne.n	200007a2 <dcd_rp2040_irq+0x25e>
200007a0:	e6f8      	b.n	20000594 <dcd_rp2040_irq+0x50>
200007a2:	3302      	adds	r3, #2
200007a4:	5ce2      	ldrb	r2, [r4, r3]
200007a6:	2a00      	cmp	r2, #0
200007a8:	d000      	beq.n	200007ac <dcd_rp2040_irq+0x268>
200007aa:	e141      	b.n	20000a30 <dcd_rp2040_irq+0x4ec>
200007ac:	003e      	movs	r6, r7
200007ae:	e6f1      	b.n	20000594 <dcd_rp2040_irq+0x50>
200007b0:	33f9      	adds	r3, #249	@ 0xf9
200007b2:	33ff      	adds	r3, #255	@ 0xff
200007b4:	5ce7      	ldrb	r7, [r4, r3]
200007b6:	2f00      	cmp	r7, #0
200007b8:	d100      	bne.n	200007bc <dcd_rp2040_irq+0x278>
200007ba:	e703      	b.n	200005c4 <dcd_rp2040_irq+0x80>
200007bc:	3302      	adds	r3, #2
200007be:	5ce2      	ldrb	r2, [r4, r3]
200007c0:	2a00      	cmp	r2, #0
200007c2:	d000      	beq.n	200007c6 <dcd_rp2040_irq+0x282>
200007c4:	e12b      	b.n	20000a1e <dcd_rp2040_irq+0x4da>
200007c6:	003e      	movs	r6, r7
200007c8:	e6fc      	b.n	200005c4 <dcd_rp2040_irq+0x80>
200007ca:	3379      	adds	r3, #121	@ 0x79
200007cc:	33ff      	adds	r3, #255	@ 0xff
200007ce:	5ce7      	ldrb	r7, [r4, r3]
200007d0:	2f00      	cmp	r7, #0
200007d2:	d100      	bne.n	200007d6 <dcd_rp2040_irq+0x292>
200007d4:	e6ea      	b.n	200005ac <dcd_rp2040_irq+0x68>
200007d6:	3302      	adds	r3, #2
200007d8:	5ce2      	ldrb	r2, [r4, r3]
200007da:	2a00      	cmp	r2, #0
200007dc:	d000      	beq.n	200007e0 <dcd_rp2040_irq+0x29c>
200007de:	e115      	b.n	20000a0c <dcd_rp2040_irq+0x4c8>
200007e0:	003e      	movs	r6, r7
200007e2:	e6e3      	b.n	200005ac <dcd_rp2040_irq+0x68>
200007e4:	4b32      	ldr	r3, [pc, #200]	@ (200008b0 <dcd_rp2040_irq+0x36c>)
200007e6:	5ce7      	ldrb	r7, [r4, r3]
200007e8:	2f00      	cmp	r7, #0
200007ea:	d100      	bne.n	200007ee <dcd_rp2040_irq+0x2aa>
200007ec:	e6f4      	b.n	200005d8 <dcd_rp2040_irq+0x94>
200007ee:	3302      	adds	r3, #2
200007f0:	5ce2      	ldrb	r2, [r4, r3]
200007f2:	2a00      	cmp	r2, #0
200007f4:	d000      	beq.n	200007f8 <dcd_rp2040_irq+0x2b4>
200007f6:	e101      	b.n	200009fc <dcd_rp2040_irq+0x4b8>
200007f8:	003e      	movs	r6, r7
200007fa:	e6ed      	b.n	200005d8 <dcd_rp2040_irq+0x94>
200007fc:	3339      	adds	r3, #57	@ 0x39
200007fe:	33ff      	adds	r3, #255	@ 0xff
20000800:	5ce7      	ldrb	r7, [r4, r3]
20000802:	2f00      	cmp	r7, #0
20000804:	d100      	bne.n	20000808 <dcd_rp2040_irq+0x2c4>
20000806:	e6cb      	b.n	200005a0 <dcd_rp2040_irq+0x5c>
20000808:	3302      	adds	r3, #2
2000080a:	5ce2      	ldrb	r2, [r4, r3]
2000080c:	2a00      	cmp	r2, #0
2000080e:	d000      	beq.n	20000812 <dcd_rp2040_irq+0x2ce>
20000810:	e0eb      	b.n	200009ea <dcd_rp2040_irq+0x4a6>
20000812:	003e      	movs	r6, r7
20000814:	e6c4      	b.n	200005a0 <dcd_rp2040_irq+0x5c>
20000816:	3338      	adds	r3, #56	@ 0x38
20000818:	5ce6      	ldrb	r6, [r4, r3]
2000081a:	2e00      	cmp	r6, #0
2000081c:	d100      	bne.n	20000820 <dcd_rp2040_irq+0x2dc>
2000081e:	e6aa      	b.n	20000576 <dcd_rp2040_irq+0x32>
20000820:	3302      	adds	r3, #2
20000822:	5ce2      	ldrb	r2, [r4, r3]
20000824:	2a00      	cmp	r2, #0
20000826:	d100      	bne.n	2000082a <dcd_rp2040_irq+0x2e6>
20000828:	e6a5      	b.n	20000576 <dcd_rp2040_irq+0x32>
2000082a:	0020      	movs	r0, r4
2000082c:	2200      	movs	r2, #0
2000082e:	3020      	adds	r0, #32
20000830:	54e2      	strb	r2, [r4, r3]
20000832:	f000 fa4d 	bl	20000cd0 <hw_endpoint_start_next_buffer>
20000836:	e69e      	b.n	20000576 <dcd_rp2040_irq+0x32>
20000838:	33b9      	adds	r3, #185	@ 0xb9
2000083a:	33ff      	adds	r3, #255	@ 0xff
2000083c:	5ce7      	ldrb	r7, [r4, r3]
2000083e:	2f00      	cmp	r7, #0
20000840:	d100      	bne.n	20000844 <dcd_rp2040_irq+0x300>
20000842:	e6b9      	b.n	200005b8 <dcd_rp2040_irq+0x74>
20000844:	3302      	adds	r3, #2
20000846:	5ce2      	ldrb	r2, [r4, r3]
20000848:	2a00      	cmp	r2, #0
2000084a:	d000      	beq.n	2000084e <dcd_rp2040_irq+0x30a>
2000084c:	e0c4      	b.n	200009d8 <dcd_rp2040_irq+0x494>
2000084e:	003e      	movs	r6, r7
20000850:	e6b2      	b.n	200005b8 <dcd_rp2040_irq+0x74>
20000852:	4b18      	ldr	r3, [pc, #96]	@ (200008b4 <dcd_rp2040_irq+0x370>)
20000854:	5ce7      	ldrb	r7, [r4, r3]
20000856:	2f00      	cmp	r7, #0
20000858:	d100      	bne.n	2000085c <dcd_rp2040_irq+0x318>
2000085a:	e6c7      	b.n	200005ec <dcd_rp2040_irq+0xa8>
2000085c:	3302      	adds	r3, #2
2000085e:	5ce2      	ldrb	r2, [r4, r3]
20000860:	2a00      	cmp	r2, #0
20000862:	d000      	beq.n	20000866 <dcd_rp2040_irq+0x322>
20000864:	e0b0      	b.n	200009c8 <dcd_rp2040_irq+0x484>
20000866:	003e      	movs	r6, r7
20000868:	e6c0      	b.n	200005ec <dcd_rp2040_irq+0xa8>
2000086a:	46c0      	nop			@ (mov r8, r8)
2000086c:	50110000 	.word	0x50110000
20000870:	40054000 	.word	0x40054000
20000874:	20001df4 	.word	0x20001df4
20000878:	20001dec 	.word	0x20001dec
2000087c:	0000023b 	.word	0x0000023b
20000880:	0000027b 	.word	0x0000027b
20000884:	000002bb 	.word	0x000002bb
20000888:	000002fb 	.word	0x000002fb
2000088c:	0000033b 	.word	0x0000033b
20000890:	0000037b 	.word	0x0000037b
20000894:	000003bb 	.word	0x000003bb
20000898:	000003fb 	.word	0x000003fb
2000089c:	200023e1 	.word	0x200023e1
200008a0:	50113000 	.word	0x50113000
200008a4:	00020010 	.word	0x00020010
200008a8:	50100000 	.word	0x50100000
200008ac:	50112000 	.word	0x50112000
200008b0:	0000027a 	.word	0x0000027a
200008b4:	000002fa 	.word	0x000002fa
200008b8:	4b6b      	ldr	r3, [pc, #428]	@ (20000a68 <dcd_rp2040_irq+0x524>)
200008ba:	5ce7      	ldrb	r7, [r4, r3]
200008bc:	2f00      	cmp	r7, #0
200008be:	d100      	bne.n	200008c2 <dcd_rp2040_irq+0x37e>
200008c0:	e685      	b.n	200005ce <dcd_rp2040_irq+0x8a>
200008c2:	3302      	adds	r3, #2
200008c4:	5ce2      	ldrb	r2, [r4, r3]
200008c6:	2a00      	cmp	r2, #0
200008c8:	d176      	bne.n	200009b8 <dcd_rp2040_irq+0x474>
200008ca:	003e      	movs	r6, r7
200008cc:	e67f      	b.n	200005ce <dcd_rp2040_irq+0x8a>
200008ce:	4b67      	ldr	r3, [pc, #412]	@ (20000a6c <dcd_rp2040_irq+0x528>)
200008d0:	5ce7      	ldrb	r7, [r4, r3]
200008d2:	2f00      	cmp	r7, #0
200008d4:	d100      	bne.n	200008d8 <dcd_rp2040_irq+0x394>
200008d6:	e684      	b.n	200005e2 <dcd_rp2040_irq+0x9e>
200008d8:	3302      	adds	r3, #2
200008da:	5ce2      	ldrb	r2, [r4, r3]
200008dc:	2a00      	cmp	r2, #0
200008de:	d163      	bne.n	200009a8 <dcd_rp2040_irq+0x464>
200008e0:	003e      	movs	r6, r7
200008e2:	e67e      	b.n	200005e2 <dcd_rp2040_irq+0x9e>
200008e4:	4b62      	ldr	r3, [pc, #392]	@ (20000a70 <dcd_rp2040_irq+0x52c>)
200008e6:	5ce7      	ldrb	r7, [r4, r3]
200008e8:	2f00      	cmp	r7, #0
200008ea:	d100      	bne.n	200008ee <dcd_rp2040_irq+0x3aa>
200008ec:	e688      	b.n	20000600 <dcd_rp2040_irq+0xbc>
200008ee:	3302      	adds	r3, #2
200008f0:	5ce2      	ldrb	r2, [r4, r3]
200008f2:	2a00      	cmp	r2, #0
200008f4:	d000      	beq.n	200008f8 <dcd_rp2040_irq+0x3b4>
200008f6:	e0a3      	b.n	20000a40 <dcd_rp2040_irq+0x4fc>
200008f8:	4b5e      	ldr	r3, [pc, #376]	@ (20000a74 <dcd_rp2040_irq+0x530>)
200008fa:	5ce3      	ldrb	r3, [r4, r3]
200008fc:	2b02      	cmp	r3, #2
200008fe:	d130      	bne.n	20000962 <dcd_rp2040_irq+0x41e>
20000900:	4b5d      	ldr	r3, [pc, #372]	@ (20000a78 <dcd_rp2040_irq+0x534>)
20000902:	5ce3      	ldrb	r3, [r4, r3]
20000904:	2b00      	cmp	r3, #0
20000906:	d127      	bne.n	20000958 <dcd_rp2040_irq+0x414>
20000908:	4b5c      	ldr	r3, [pc, #368]	@ (20000a7c <dcd_rp2040_irq+0x538>)
2000090a:	5ce3      	ldrb	r3, [r4, r3]
2000090c:	2b02      	cmp	r3, #2
2000090e:	d000      	beq.n	20000912 <dcd_rp2040_irq+0x3ce>
20000910:	e68b      	b.n	2000062a <dcd_rp2040_irq+0xe6>
20000912:	003e      	movs	r6, r7
20000914:	4b5a      	ldr	r3, [pc, #360]	@ (20000a80 <dcd_rp2040_irq+0x53c>)
20000916:	5ce3      	ldrb	r3, [r4, r3]
20000918:	2b00      	cmp	r3, #0
2000091a:	d100      	bne.n	2000091e <dcd_rp2040_irq+0x3da>
2000091c:	e67a      	b.n	20000614 <dcd_rp2040_irq+0xd0>
2000091e:	23ff      	movs	r3, #255	@ 0xff
20000920:	009b      	lsls	r3, r3, #2
20000922:	5ce2      	ldrb	r2, [r4, r3]
20000924:	2a00      	cmp	r2, #0
20000926:	d100      	bne.n	2000092a <dcd_rp2040_irq+0x3e6>
20000928:	e67f      	b.n	2000062a <dcd_rp2040_irq+0xe6>
2000092a:	2200      	movs	r2, #0
2000092c:	54e2      	strb	r2, [r4, r3]
2000092e:	3b1c      	subs	r3, #28
20000930:	18e0      	adds	r0, r4, r3
20000932:	f000 f9cd 	bl	20000cd0 <hw_endpoint_start_next_buffer>
20000936:	e678      	b.n	2000062a <dcd_rp2040_irq+0xe6>
20000938:	4b52      	ldr	r3, [pc, #328]	@ (20000a84 <dcd_rp2040_irq+0x540>)
2000093a:	5ce7      	ldrb	r7, [r4, r3]
2000093c:	2f00      	cmp	r7, #0
2000093e:	d100      	bne.n	20000942 <dcd_rp2040_irq+0x3fe>
20000940:	e659      	b.n	200005f6 <dcd_rp2040_irq+0xb2>
20000942:	3302      	adds	r3, #2
20000944:	5ce2      	ldrb	r2, [r4, r3]
20000946:	2a00      	cmp	r2, #0
20000948:	d116      	bne.n	20000978 <dcd_rp2040_irq+0x434>
2000094a:	003e      	movs	r6, r7
2000094c:	e653      	b.n	200005f6 <dcd_rp2040_irq+0xb2>
2000094e:	4b4a      	ldr	r3, [pc, #296]	@ (20000a78 <dcd_rp2040_irq+0x534>)
20000950:	5ce3      	ldrb	r3, [r4, r3]
20000952:	2b00      	cmp	r3, #0
20000954:	d100      	bne.n	20000958 <dcd_rp2040_irq+0x414>
20000956:	e658      	b.n	2000060a <dcd_rp2040_irq+0xc6>
20000958:	23ef      	movs	r3, #239	@ 0xef
2000095a:	009b      	lsls	r3, r3, #2
2000095c:	5ce2      	ldrb	r2, [r4, r3]
2000095e:	2a00      	cmp	r2, #0
20000960:	d175      	bne.n	20000a4e <dcd_rp2040_irq+0x50a>
20000962:	4b46      	ldr	r3, [pc, #280]	@ (20000a7c <dcd_rp2040_irq+0x538>)
20000964:	5ce3      	ldrb	r3, [r4, r3]
20000966:	2b02      	cmp	r3, #2
20000968:	d000      	beq.n	2000096c <dcd_rp2040_irq+0x428>
2000096a:	e65e      	b.n	2000062a <dcd_rp2040_irq+0xe6>
2000096c:	4b44      	ldr	r3, [pc, #272]	@ (20000a80 <dcd_rp2040_irq+0x53c>)
2000096e:	5ce3      	ldrb	r3, [r4, r3]
20000970:	2b00      	cmp	r3, #0
20000972:	d100      	bne.n	20000976 <dcd_rp2040_irq+0x432>
20000974:	e659      	b.n	2000062a <dcd_rp2040_irq+0xe6>
20000976:	e7d2      	b.n	2000091e <dcd_rp2040_irq+0x3da>
20000978:	2200      	movs	r2, #0
2000097a:	54e2      	strb	r2, [r4, r3]
2000097c:	3b1c      	subs	r3, #28
2000097e:	18e0      	adds	r0, r4, r3
20000980:	f000 f9a6 	bl	20000cd0 <hw_endpoint_start_next_buffer>
20000984:	003e      	movs	r6, r7
20000986:	e636      	b.n	200005f6 <dcd_rp2040_irq+0xb2>
20000988:	0020      	movs	r0, r4
2000098a:	2200      	movs	r2, #0
2000098c:	30a0      	adds	r0, #160	@ 0xa0
2000098e:	54e2      	strb	r2, [r4, r3]
20000990:	003e      	movs	r6, r7
20000992:	f000 f99d 	bl	20000cd0 <hw_endpoint_start_next_buffer>
20000996:	e5f8      	b.n	2000058a <dcd_rp2040_irq+0x46>
20000998:	0020      	movs	r0, r4
2000099a:	2200      	movs	r2, #0
2000099c:	3060      	adds	r0, #96	@ 0x60
2000099e:	54e2      	strb	r2, [r4, r3]
200009a0:	003e      	movs	r6, r7
200009a2:	f000 f995 	bl	20000cd0 <hw_endpoint_start_next_buffer>
200009a6:	e5eb      	b.n	20000580 <dcd_rp2040_irq+0x3c>
200009a8:	2200      	movs	r2, #0
200009aa:	54e2      	strb	r2, [r4, r3]
200009ac:	3b1c      	subs	r3, #28
200009ae:	18e0      	adds	r0, r4, r3
200009b0:	f000 f98e 	bl	20000cd0 <hw_endpoint_start_next_buffer>
200009b4:	003e      	movs	r6, r7
200009b6:	e614      	b.n	200005e2 <dcd_rp2040_irq+0x9e>
200009b8:	2200      	movs	r2, #0
200009ba:	54e2      	strb	r2, [r4, r3]
200009bc:	3b1c      	subs	r3, #28
200009be:	18e0      	adds	r0, r4, r3
200009c0:	f000 f986 	bl	20000cd0 <hw_endpoint_start_next_buffer>
200009c4:	003e      	movs	r6, r7
200009c6:	e602      	b.n	200005ce <dcd_rp2040_irq+0x8a>
200009c8:	2200      	movs	r2, #0
200009ca:	54e2      	strb	r2, [r4, r3]
200009cc:	3b1c      	subs	r3, #28
200009ce:	18e0      	adds	r0, r4, r3
200009d0:	f000 f97e 	bl	20000cd0 <hw_endpoint_start_next_buffer>
200009d4:	003e      	movs	r6, r7
200009d6:	e609      	b.n	200005ec <dcd_rp2040_irq+0xa8>
200009d8:	0020      	movs	r0, r4
200009da:	2200      	movs	r2, #0
200009dc:	30a1      	adds	r0, #161	@ 0xa1
200009de:	30ff      	adds	r0, #255	@ 0xff
200009e0:	54e2      	strb	r2, [r4, r3]
200009e2:	003e      	movs	r6, r7
200009e4:	f000 f974 	bl	20000cd0 <hw_endpoint_start_next_buffer>
200009e8:	e5e6      	b.n	200005b8 <dcd_rp2040_irq+0x74>
200009ea:	0020      	movs	r0, r4
200009ec:	2200      	movs	r2, #0
200009ee:	3021      	adds	r0, #33	@ 0x21
200009f0:	30ff      	adds	r0, #255	@ 0xff
200009f2:	54e2      	strb	r2, [r4, r3]
200009f4:	003e      	movs	r6, r7
200009f6:	f000 f96b 	bl	20000cd0 <hw_endpoint_start_next_buffer>
200009fa:	e5d1      	b.n	200005a0 <dcd_rp2040_irq+0x5c>
200009fc:	2200      	movs	r2, #0
200009fe:	54e2      	strb	r2, [r4, r3]
20000a00:	3b1c      	subs	r3, #28
20000a02:	18e0      	adds	r0, r4, r3
20000a04:	f000 f964 	bl	20000cd0 <hw_endpoint_start_next_buffer>
20000a08:	003e      	movs	r6, r7
20000a0a:	e5e5      	b.n	200005d8 <dcd_rp2040_irq+0x94>
20000a0c:	0020      	movs	r0, r4
20000a0e:	2200      	movs	r2, #0
20000a10:	3061      	adds	r0, #97	@ 0x61
20000a12:	30ff      	adds	r0, #255	@ 0xff
20000a14:	54e2      	strb	r2, [r4, r3]
20000a16:	003e      	movs	r6, r7
20000a18:	f000 f95a 	bl	20000cd0 <hw_endpoint_start_next_buffer>
20000a1c:	e5c6      	b.n	200005ac <dcd_rp2040_irq+0x68>
20000a1e:	0020      	movs	r0, r4
20000a20:	2200      	movs	r2, #0
20000a22:	30e1      	adds	r0, #225	@ 0xe1
20000a24:	30ff      	adds	r0, #255	@ 0xff
20000a26:	54e2      	strb	r2, [r4, r3]
20000a28:	003e      	movs	r6, r7
20000a2a:	f000 f951 	bl	20000cd0 <hw_endpoint_start_next_buffer>
20000a2e:	e5c9      	b.n	200005c4 <dcd_rp2040_irq+0x80>
20000a30:	0020      	movs	r0, r4
20000a32:	2200      	movs	r2, #0
20000a34:	30e0      	adds	r0, #224	@ 0xe0
20000a36:	54e2      	strb	r2, [r4, r3]
20000a38:	003e      	movs	r6, r7
20000a3a:	f000 f949 	bl	20000cd0 <hw_endpoint_start_next_buffer>
20000a3e:	e5a9      	b.n	20000594 <dcd_rp2040_irq+0x50>
20000a40:	2200      	movs	r2, #0
20000a42:	54e2      	strb	r2, [r4, r3]
20000a44:	3b1c      	subs	r3, #28
20000a46:	18e0      	adds	r0, r4, r3
20000a48:	f000 f942 	bl	20000cd0 <hw_endpoint_start_next_buffer>
20000a4c:	e754      	b.n	200008f8 <dcd_rp2040_irq+0x3b4>
20000a4e:	2200      	movs	r2, #0
20000a50:	54e2      	strb	r2, [r4, r3]
20000a52:	3b1c      	subs	r3, #28
20000a54:	18e0      	adds	r0, r4, r3
20000a56:	f000 f93b 	bl	20000cd0 <hw_endpoint_start_next_buffer>
20000a5a:	e782      	b.n	20000962 <dcd_rp2040_irq+0x41e>
20000a5c:	0031      	movs	r1, r6
20000a5e:	480a      	ldr	r0, [pc, #40]	@ (20000a88 <dcd_rp2040_irq+0x544>)
20000a60:	4069      	eors	r1, r5
20000a62:	f000 fab5 	bl	20000fd0 <__panic_veneer>
20000a66:	46c0      	nop			@ (mov r8, r8)
20000a68:	0000023a 	.word	0x0000023a
20000a6c:	000002ba 	.word	0x000002ba
20000a70:	0000037a 	.word	0x0000037a
20000a74:	000003bb 	.word	0x000003bb
20000a78:	000003ba 	.word	0x000003ba
20000a7c:	000003fb 	.word	0x000003fb
20000a80:	000003fa 	.word	0x000003fa
20000a84:	0000033a 	.word	0x0000033a
20000a88:	1000a8fc 	.word	0x1000a8fc

20000a8c <prepare_ep_buffer>:
20000a8c:	b5f0      	push	{r4, r5, r6, r7, lr}
20000a8e:	46c6      	mov	lr, r8
20000a90:	b500      	push	{lr}
20000a92:	0002      	movs	r2, r0
20000a94:	8a83      	ldrh	r3, [r0, #20]
20000a96:	8b00      	ldrh	r0, [r0, #24]
20000a98:	468c      	mov	ip, r1
20000a9a:	1c01      	adds	r1, r0, #0
20000a9c:	4298      	cmp	r0, r3
20000a9e:	d900      	bls.n	20000aa2 <prepare_ep_buffer+0x16>
20000aa0:	1c19      	adds	r1, r3, #0
20000aa2:	78d4      	ldrb	r4, [r2, #3]
20000aa4:	2580      	movs	r5, #128	@ 0x80
20000aa6:	0020      	movs	r0, r4
20000aa8:	1e46      	subs	r6, r0, #1
20000aaa:	41b0      	sbcs	r0, r6
20000aac:	b289      	uxth	r1, r1
20000aae:	00ed      	lsls	r5, r5, #3
20000ab0:	430d      	orrs	r5, r1
20000ab2:	0340      	lsls	r0, r0, #13
20000ab4:	4328      	orrs	r0, r5
20000ab6:	2501      	movs	r5, #1
20000ab8:	406c      	eors	r4, r5
20000aba:	1a5b      	subs	r3, r3, r1
20000abc:	70d4      	strb	r4, [r2, #3]
20000abe:	7854      	ldrb	r4, [r2, #1]
20000ac0:	b29b      	uxth	r3, r3
20000ac2:	8293      	strh	r3, [r2, #20]
20000ac4:	2c00      	cmp	r4, #0
20000ac6:	d131      	bne.n	20000b2c <prepare_ep_buffer+0xa0>
20000ac8:	4664      	mov	r4, ip
20000aca:	68d5      	ldr	r5, [r2, #12]
20000acc:	01a4      	lsls	r4, r4, #6
20000ace:	1e4e      	subs	r6, r1, #1
20000ad0:	192d      	adds	r5, r5, r4
20000ad2:	46b0      	mov	r8, r6
20000ad4:	6914      	ldr	r4, [r2, #16]
20000ad6:	2900      	cmp	r1, #0
20000ad8:	d023      	beq.n	20000b22 <prepare_ep_buffer+0x96>
20000ada:	2e06      	cmp	r6, #6
20000adc:	d932      	bls.n	20000b44 <prepare_ep_buffer+0xb8>
20000ade:	002b      	movs	r3, r5
20000ae0:	4323      	orrs	r3, r4
20000ae2:	079b      	lsls	r3, r3, #30
20000ae4:	d12e      	bne.n	20000b44 <prepare_ep_buffer+0xb8>
20000ae6:	1b2b      	subs	r3, r5, r4
20000ae8:	3b01      	subs	r3, #1
20000aea:	2b02      	cmp	r3, #2
20000aec:	d92a      	bls.n	20000b44 <prepare_ep_buffer+0xb8>
20000aee:	2300      	movs	r3, #0
20000af0:	088f      	lsrs	r7, r1, #2
20000af2:	00bf      	lsls	r7, r7, #2
20000af4:	58e6      	ldr	r6, [r4, r3]
20000af6:	50ee      	str	r6, [r5, r3]
20000af8:	3304      	adds	r3, #4
20000afa:	429f      	cmp	r7, r3
20000afc:	d1fa      	bne.n	20000af4 <prepare_ep_buffer+0x68>
20000afe:	4643      	mov	r3, r8
20000b00:	19ed      	adds	r5, r5, r7
20000b02:	1bdb      	subs	r3, r3, r7
20000b04:	19e4      	adds	r4, r4, r7
20000b06:	42b9      	cmp	r1, r7
20000b08:	d009      	beq.n	20000b1e <prepare_ep_buffer+0x92>
20000b0a:	7826      	ldrb	r6, [r4, #0]
20000b0c:	702e      	strb	r6, [r5, #0]
20000b0e:	2b00      	cmp	r3, #0
20000b10:	d005      	beq.n	20000b1e <prepare_ep_buffer+0x92>
20000b12:	7866      	ldrb	r6, [r4, #1]
20000b14:	706e      	strb	r6, [r5, #1]
20000b16:	2b01      	cmp	r3, #1
20000b18:	d001      	beq.n	20000b1e <prepare_ep_buffer+0x92>
20000b1a:	78a3      	ldrb	r3, [r4, #2]
20000b1c:	70ab      	strb	r3, [r5, #2]
20000b1e:	6914      	ldr	r4, [r2, #16]
20000b20:	8a93      	ldrh	r3, [r2, #20]
20000b22:	1864      	adds	r4, r4, r1
20000b24:	6114      	str	r4, [r2, #16]
20000b26:	2280      	movs	r2, #128	@ 0x80
20000b28:	0212      	lsls	r2, r2, #8
20000b2a:	4310      	orrs	r0, r2
20000b2c:	2b00      	cmp	r3, #0
20000b2e:	d102      	bne.n	20000b36 <prepare_ep_buffer+0xaa>
20000b30:	2380      	movs	r3, #128	@ 0x80
20000b32:	01db      	lsls	r3, r3, #7
20000b34:	4318      	orrs	r0, r3
20000b36:	4663      	mov	r3, ip
20000b38:	2b00      	cmp	r3, #0
20000b3a:	d000      	beq.n	20000b3e <prepare_ep_buffer+0xb2>
20000b3c:	0400      	lsls	r0, r0, #16
20000b3e:	bc80      	pop	{r7}
20000b40:	46b8      	mov	r8, r7
20000b42:	bdf0      	pop	{r4, r5, r6, r7, pc}
20000b44:	2300      	movs	r3, #0
20000b46:	5ce6      	ldrb	r6, [r4, r3]
20000b48:	54ee      	strb	r6, [r5, r3]
20000b4a:	3301      	adds	r3, #1
20000b4c:	4299      	cmp	r1, r3
20000b4e:	d1fa      	bne.n	20000b46 <prepare_ep_buffer+0xba>
20000b50:	e7e5      	b.n	20000b1e <prepare_ep_buffer+0x92>
20000b52:	46c0      	nop			@ (mov r8, r8)

20000b54 <sync_ep_buffer>:
20000b54:	6883      	ldr	r3, [r0, #8]
20000b56:	b5f0      	push	{r4, r5, r6, r7, lr}
20000b58:	681a      	ldr	r2, [r3, #0]
20000b5a:	0004      	movs	r4, r0
20000b5c:	2900      	cmp	r1, #0
20000b5e:	d000      	beq.n	20000b62 <sync_ep_buffer+0xe>
20000b60:	0c12      	lsrs	r2, r2, #16
20000b62:	7863      	ldrb	r3, [r4, #1]
20000b64:	0592      	lsls	r2, r2, #22
20000b66:	0d90      	lsrs	r0, r2, #22
20000b68:	2b00      	cmp	r3, #0
20000b6a:	d108      	bne.n	20000b7e <sync_ep_buffer+0x2a>
20000b6c:	8ae3      	ldrh	r3, [r4, #22]
20000b6e:	18c3      	adds	r3, r0, r3
20000b70:	82e3      	strh	r3, [r4, #22]
20000b72:	8b23      	ldrh	r3, [r4, #24]
20000b74:	4283      	cmp	r3, r0
20000b76:	d901      	bls.n	20000b7c <sync_ep_buffer+0x28>
20000b78:	2300      	movs	r3, #0
20000b7a:	82a3      	strh	r3, [r4, #20]
20000b7c:	bdf0      	pop	{r4, r5, r6, r7, pc}
20000b7e:	68e3      	ldr	r3, [r4, #12]
20000b80:	0189      	lsls	r1, r1, #6
20000b82:	6925      	ldr	r5, [r4, #16]
20000b84:	185e      	adds	r6, r3, r1
20000b86:	1e47      	subs	r7, r0, #1
20000b88:	2800      	cmp	r0, #0
20000b8a:	d022      	beq.n	20000bd2 <sync_ep_buffer+0x7e>
20000b8c:	2f06      	cmp	r7, #6
20000b8e:	d926      	bls.n	20000bde <sync_ep_buffer+0x8a>
20000b90:	3101      	adds	r1, #1
20000b92:	185b      	adds	r3, r3, r1
20000b94:	1aeb      	subs	r3, r5, r3
20000b96:	2b02      	cmp	r3, #2
20000b98:	d921      	bls.n	20000bde <sync_ep_buffer+0x8a>
20000b9a:	002b      	movs	r3, r5
20000b9c:	4333      	orrs	r3, r6
20000b9e:	079b      	lsls	r3, r3, #30
20000ba0:	d11d      	bne.n	20000bde <sync_ep_buffer+0x8a>
20000ba2:	2300      	movs	r3, #0
20000ba4:	0e12      	lsrs	r2, r2, #24
20000ba6:	0092      	lsls	r2, r2, #2
20000ba8:	58f1      	ldr	r1, [r6, r3]
20000baa:	50e9      	str	r1, [r5, r3]
20000bac:	3304      	adds	r3, #4
20000bae:	429a      	cmp	r2, r3
20000bb0:	d1fa      	bne.n	20000ba8 <sync_ep_buffer+0x54>
20000bb2:	1abf      	subs	r7, r7, r2
20000bb4:	18ad      	adds	r5, r5, r2
20000bb6:	18b6      	adds	r6, r6, r2
20000bb8:	4290      	cmp	r0, r2
20000bba:	d009      	beq.n	20000bd0 <sync_ep_buffer+0x7c>
20000bbc:	7832      	ldrb	r2, [r6, #0]
20000bbe:	702a      	strb	r2, [r5, #0]
20000bc0:	2f00      	cmp	r7, #0
20000bc2:	d005      	beq.n	20000bd0 <sync_ep_buffer+0x7c>
20000bc4:	7872      	ldrb	r2, [r6, #1]
20000bc6:	706a      	strb	r2, [r5, #1]
20000bc8:	2f01      	cmp	r7, #1
20000bca:	d001      	beq.n	20000bd0 <sync_ep_buffer+0x7c>
20000bcc:	78b2      	ldrb	r2, [r6, #2]
20000bce:	70aa      	strb	r2, [r5, #2]
20000bd0:	6925      	ldr	r5, [r4, #16]
20000bd2:	8ae3      	ldrh	r3, [r4, #22]
20000bd4:	182d      	adds	r5, r5, r0
20000bd6:	18c3      	adds	r3, r0, r3
20000bd8:	82e3      	strh	r3, [r4, #22]
20000bda:	6125      	str	r5, [r4, #16]
20000bdc:	e7c9      	b.n	20000b72 <sync_ep_buffer+0x1e>
20000bde:	2200      	movs	r2, #0
20000be0:	5cb3      	ldrb	r3, [r6, r2]
20000be2:	54ab      	strb	r3, [r5, r2]
20000be4:	3201      	adds	r2, #1
20000be6:	4290      	cmp	r0, r2
20000be8:	d1fa      	bne.n	20000be0 <sync_ep_buffer+0x8c>
20000bea:	6925      	ldr	r5, [r4, #16]
20000bec:	e7f1      	b.n	20000bd2 <sync_ep_buffer+0x7e>
20000bee:	46c0      	nop			@ (mov r8, r8)

20000bf0 <_hw_endpoint_xfer_sync>:
20000bf0:	b510      	push	{r4, lr}
20000bf2:	0004      	movs	r4, r0
20000bf4:	6883      	ldr	r3, [r0, #8]
20000bf6:	2100      	movs	r1, #0
20000bf8:	681b      	ldr	r3, [r3, #0]
20000bfa:	f7ff ffab 	bl	20000b54 <sync_ep_buffer>
20000bfe:	6863      	ldr	r3, [r4, #4]
20000c00:	681b      	ldr	r3, [r3, #0]
20000c02:	005b      	lsls	r3, r3, #1
20000c04:	d502      	bpl.n	20000c0c <_hw_endpoint_xfer_sync+0x1c>
20000c06:	8b23      	ldrh	r3, [r4, #24]
20000c08:	4283      	cmp	r3, r0
20000c0a:	d000      	beq.n	20000c0e <_hw_endpoint_xfer_sync+0x1e>
20000c0c:	bd10      	pop	{r4, pc}
20000c0e:	2101      	movs	r1, #1
20000c10:	0020      	movs	r0, r4
20000c12:	f7ff ff9f 	bl	20000b54 <sync_ep_buffer>
20000c16:	e7f9      	b.n	20000c0c <_hw_endpoint_xfer_sync+0x1c>

20000c18 <e15_is_bulkin_ep>:
20000c18:	4a08      	ldr	r2, [pc, #32]	@ (20000c3c <e15_is_bulkin_ep+0x24>)
20000c1a:	0003      	movs	r3, r0
20000c1c:	6c12      	ldr	r2, [r2, #64]	@ 0x40
20000c1e:	2000      	movs	r0, #0
20000c20:	0792      	lsls	r2, r2, #30
20000c22:	d403      	bmi.n	20000c2c <e15_is_bulkin_ep+0x14>
20000c24:	789a      	ldrb	r2, [r3, #2]
20000c26:	09d2      	lsrs	r2, r2, #7
20000c28:	2a01      	cmp	r2, #1
20000c2a:	d000      	beq.n	20000c2e <e15_is_bulkin_ep+0x16>
20000c2c:	4770      	bx	lr
20000c2e:	7ed8      	ldrb	r0, [r3, #27]
20000c30:	3802      	subs	r0, #2
20000c32:	4243      	negs	r3, r0
20000c34:	4158      	adcs	r0, r3
20000c36:	b2c0      	uxtb	r0, r0
20000c38:	e7f8      	b.n	20000c2c <e15_is_bulkin_ep+0x14>
20000c3a:	46c0      	nop			@ (mov r8, r8)
20000c3c:	50110000 	.word	0x50110000

20000c40 <e15_is_critical_frame_period>:
20000c40:	b510      	push	{r4, lr}
20000c42:	f7ff ffe9 	bl	20000c18 <e15_is_bulkin_ep>
20000c46:	2800      	cmp	r0, #0
20000c48:	d00c      	beq.n	20000c64 <e15_is_critical_frame_period+0x24>
20000c4a:	4907      	ldr	r1, [pc, #28]	@ (20000c68 <e15_is_critical_frame_period+0x28>)
20000c4c:	4b07      	ldr	r3, [pc, #28]	@ (20000c6c <e15_is_critical_frame_period+0x2c>)
20000c4e:	468c      	mov	ip, r1
20000c50:	4a07      	ldr	r2, [pc, #28]	@ (20000c70 <e15_is_critical_frame_period+0x30>)
20000c52:	6a9b      	ldr	r3, [r3, #40]	@ 0x28
20000c54:	6812      	ldr	r2, [r2, #0]
20000c56:	4463      	add	r3, ip
20000c58:	1a9b      	subs	r3, r3, r2
20000c5a:	2000      	movs	r0, #0
20000c5c:	22c6      	movs	r2, #198	@ 0xc6
20000c5e:	429a      	cmp	r2, r3
20000c60:	4140      	adcs	r0, r0
20000c62:	b2c0      	uxtb	r0, r0
20000c64:	bd10      	pop	{r4, pc}
20000c66:	46c0      	nop			@ (mov r8, r8)
20000c68:	fffffce0 	.word	0xfffffce0
20000c6c:	40054000 	.word	0x40054000
20000c70:	20001dec 	.word	0x20001dec

20000c74 <hw_endpoint_reset_transfer>:
20000c74:	2300      	movs	r3, #0
20000c76:	7683      	strb	r3, [r0, #26]
20000c78:	6143      	str	r3, [r0, #20]
20000c7a:	6103      	str	r3, [r0, #16]
20000c7c:	4770      	bx	lr
20000c7e:	46c0      	nop			@ (mov r8, r8)

20000c80 <_hw_endpoint_buffer_control_update32>:
20000c80:	b510      	push	{r4, lr}
20000c82:	6883      	ldr	r3, [r0, #8]
20000c84:	2900      	cmp	r1, #0
20000c86:	d001      	beq.n	20000c8c <_hw_endpoint_buffer_control_update32+0xc>
20000c88:	681c      	ldr	r4, [r3, #0]
20000c8a:	4021      	ands	r1, r4
20000c8c:	2a00      	cmp	r2, #0
20000c8e:	d012      	beq.n	20000cb6 <_hw_endpoint_buffer_control_update32+0x36>
20000c90:	2480      	movs	r4, #128	@ 0x80
20000c92:	00e4      	lsls	r4, r4, #3
20000c94:	4311      	orrs	r1, r2
20000c96:	4222      	tst	r2, r4
20000c98:	d00d      	beq.n	20000cb6 <_hw_endpoint_buffer_control_update32+0x36>
20000c9a:	681a      	ldr	r2, [r3, #0]
20000c9c:	4222      	tst	r2, r4
20000c9e:	d10c      	bne.n	20000cba <_hw_endpoint_buffer_control_update32+0x3a>
20000ca0:	4a08      	ldr	r2, [pc, #32]	@ (20000cc4 <_hw_endpoint_buffer_control_update32+0x44>)
20000ca2:	400a      	ands	r2, r1
20000ca4:	601a      	str	r2, [r3, #0]
20000ca6:	4a08      	ldr	r2, [pc, #32]	@ (20000cc8 <_hw_endpoint_buffer_control_update32+0x48>)
20000ca8:	6c12      	ldr	r2, [r2, #64]	@ 0x40
20000caa:	0792      	lsls	r2, r2, #30
20000cac:	d403      	bmi.n	20000cb6 <_hw_endpoint_buffer_control_update32+0x36>
20000cae:	230c      	movs	r3, #12
20000cb0:	3b03      	subs	r3, #3
20000cb2:	d2fd      	bcs.n	20000cb0 <_hw_endpoint_buffer_control_update32+0x30>
20000cb4:	6883      	ldr	r3, [r0, #8]
20000cb6:	6019      	str	r1, [r3, #0]
20000cb8:	bd10      	pop	{r4, pc}
20000cba:	7881      	ldrb	r1, [r0, #2]
20000cbc:	4803      	ldr	r0, [pc, #12]	@ (20000ccc <_hw_endpoint_buffer_control_update32+0x4c>)
20000cbe:	f000 f987 	bl	20000fd0 <__panic_veneer>
20000cc2:	46c0      	nop			@ (mov r8, r8)
20000cc4:	fffffbff 	.word	0xfffffbff
20000cc8:	50110000 	.word	0x50110000
20000ccc:	1000a910 	.word	0x1000a910

20000cd0 <hw_endpoint_start_next_buffer>:
20000cd0:	6843      	ldr	r3, [r0, #4]
20000cd2:	b570      	push	{r4, r5, r6, lr}
20000cd4:	2100      	movs	r1, #0
20000cd6:	2580      	movs	r5, #128	@ 0x80
20000cd8:	0004      	movs	r4, r0
20000cda:	681e      	ldr	r6, [r3, #0]
20000cdc:	f7ff fed6 	bl	20000a8c <prepare_ep_buffer>
20000ce0:	4b12      	ldr	r3, [pc, #72]	@ (20000d2c <hw_endpoint_start_next_buffer+0x5c>)
20000ce2:	016d      	lsls	r5, r5, #5
20000ce4:	6c1a      	ldr	r2, [r3, #64]	@ 0x40
20000ce6:	4305      	orrs	r5, r0
20000ce8:	78a3      	ldrb	r3, [r4, #2]
20000cea:	0792      	lsls	r2, r2, #30
20000cec:	d50e      	bpl.n	20000d0c <hw_endpoint_start_next_buffer+0x3c>
20000cee:	065b      	lsls	r3, r3, #25
20000cf0:	d00e      	beq.n	20000d10 <hw_endpoint_start_next_buffer+0x40>
20000cf2:	4b0f      	ldr	r3, [pc, #60]	@ (20000d30 <hw_endpoint_start_next_buffer+0x60>)
20000cf4:	401e      	ands	r6, r3
20000cf6:	2380      	movs	r3, #128	@ 0x80
20000cf8:	059b      	lsls	r3, r3, #22
20000cfa:	4333      	orrs	r3, r6
20000cfc:	6862      	ldr	r2, [r4, #4]
20000cfe:	2100      	movs	r1, #0
20000d00:	6013      	str	r3, [r2, #0]
20000d02:	0020      	movs	r0, r4
20000d04:	002a      	movs	r2, r5
20000d06:	f7ff ffbb 	bl	20000c80 <_hw_endpoint_buffer_control_update32>
20000d0a:	bd70      	pop	{r4, r5, r6, pc}
20000d0c:	09db      	lsrs	r3, r3, #7
20000d0e:	d0f0      	beq.n	20000cf2 <hw_endpoint_start_next_buffer+0x22>
20000d10:	8aa3      	ldrh	r3, [r4, #20]
20000d12:	2b00      	cmp	r3, #0
20000d14:	d0ed      	beq.n	20000cf2 <hw_endpoint_start_next_buffer+0x22>
20000d16:	2101      	movs	r1, #1
20000d18:	0020      	movs	r0, r4
20000d1a:	f7ff feb7 	bl	20000a8c <prepare_ep_buffer>
20000d1e:	23a0      	movs	r3, #160	@ 0xa0
20000d20:	4a04      	ldr	r2, [pc, #16]	@ (20000d34 <hw_endpoint_start_next_buffer+0x64>)
20000d22:	05db      	lsls	r3, r3, #23
20000d24:	4032      	ands	r2, r6
20000d26:	4305      	orrs	r5, r0
20000d28:	4313      	orrs	r3, r2
20000d2a:	e7e7      	b.n	20000cfc <hw_endpoint_start_next_buffer+0x2c>
20000d2c:	50110000 	.word	0x50110000
20000d30:	afffffff 	.word	0xafffffff
20000d34:	dfffffff 	.word	0xdfffffff

20000d38 <hw_endpoint_xfer_continue>:
20000d38:	b570      	push	{r4, r5, r6, lr}
20000d3a:	7e85      	ldrb	r5, [r0, #26]
20000d3c:	0004      	movs	r4, r0
20000d3e:	2d00      	cmp	r5, #0
20000d40:	d014      	beq.n	20000d6c <hw_endpoint_xfer_continue+0x34>
20000d42:	f7ff ff55 	bl	20000bf0 <_hw_endpoint_xfer_sync>
20000d46:	8aa3      	ldrh	r3, [r4, #20]
20000d48:	2b00      	cmp	r3, #0
20000d4a:	d101      	bne.n	20000d50 <hw_endpoint_xfer_continue+0x18>
20000d4c:	0028      	movs	r0, r5
20000d4e:	bd70      	pop	{r4, r5, r6, pc}
20000d50:	0020      	movs	r0, r4
20000d52:	f7ff ff75 	bl	20000c40 <e15_is_critical_frame_period>
20000d56:	2800      	cmp	r0, #0
20000d58:	d003      	beq.n	20000d62 <hw_endpoint_xfer_continue+0x2a>
20000d5a:	2301      	movs	r3, #1
20000d5c:	2500      	movs	r5, #0
20000d5e:	7723      	strb	r3, [r4, #28]
20000d60:	e7f4      	b.n	20000d4c <hw_endpoint_xfer_continue+0x14>
20000d62:	0020      	movs	r0, r4
20000d64:	f7ff ffb4 	bl	20000cd0 <hw_endpoint_start_next_buffer>
20000d68:	2500      	movs	r5, #0
20000d6a:	e7ef      	b.n	20000d4c <hw_endpoint_xfer_continue+0x14>
20000d6c:	7881      	ldrb	r1, [r0, #2]
20000d6e:	4801      	ldr	r0, [pc, #4]	@ (20000d74 <hw_endpoint_xfer_continue+0x3c>)
20000d70:	f000 f92e 	bl	20000fd0 <__panic_veneer>
20000d74:	1000a930 	.word	0x1000a930

20000d78 <dcd_event_handler>:
20000d78:	b5f0      	push	{r4, r5, r6, r7, lr}
20000d7a:	46ce      	mov	lr, r9
20000d7c:	4647      	mov	r7, r8
20000d7e:	b580      	push	{r7, lr}
20000d80:	7843      	ldrb	r3, [r0, #1]
20000d82:	0005      	movs	r5, r0
20000d84:	000e      	movs	r6, r1
20000d86:	b085      	sub	sp, #20
20000d88:	2b06      	cmp	r3, #6
20000d8a:	d808      	bhi.n	20000d9e <dcd_event_handler+0x26>
20000d8c:	4a6c      	ldr	r2, [pc, #432]	@ (20000f40 <dcd_event_handler+0x1c8>)
20000d8e:	009b      	lsls	r3, r3, #2
20000d90:	58d3      	ldr	r3, [r2, r3]
20000d92:	469f      	mov	pc, r3
20000d94:	4a6b      	ldr	r2, [pc, #428]	@ (20000f44 <dcd_event_handler+0x1cc>)
20000d96:	7813      	ldrb	r3, [r2, #0]
20000d98:	3301      	adds	r3, #1
20000d9a:	b2db      	uxtb	r3, r3
20000d9c:	7013      	strb	r3, [r2, #0]
20000d9e:	4b6a      	ldr	r3, [pc, #424]	@ (20000f48 <dcd_event_handler+0x1d0>)
20000da0:	681c      	ldr	r4, [r3, #0]
20000da2:	6962      	ldr	r2, [r4, #20]
20000da4:	f3ef 8110 	mrs	r1, PRIMASK
20000da8:	b672      	cpsid	i
20000daa:	6813      	ldr	r3, [r2, #0]
20000dac:	2b00      	cmp	r3, #0
20000dae:	d0fc      	beq.n	20000daa <dcd_event_handler+0x32>
20000db0:	f3bf 8f5f 	dmb	sy
20000db4:	61a1      	str	r1, [r4, #24]
20000db6:	0020      	movs	r0, r4
20000db8:	0029      	movs	r1, r5
20000dba:	f000 f8f9 	bl	20000fb0 <__tu_fifo_write_veneer>
20000dbe:	6962      	ldr	r2, [r4, #20]
20000dc0:	69a3      	ldr	r3, [r4, #24]
20000dc2:	f3bf 8f5f 	dmb	sy
20000dc6:	2100      	movs	r1, #0
20000dc8:	6011      	str	r1, [r2, #0]
20000dca:	f383 8810 	msr	PRIMASK, r3
20000dce:	2800      	cmp	r0, #0
20000dd0:	d104      	bne.n	20000ddc <dcd_event_handler+0x64>
20000dd2:	b005      	add	sp, #20
20000dd4:	bcc0      	pop	{r6, r7}
20000dd6:	46b9      	mov	r9, r7
20000dd8:	46b0      	mov	r8, r6
20000dda:	bdf0      	pop	{r4, r5, r6, r7, pc}
20000ddc:	0032      	movs	r2, r6
20000dde:	7869      	ldrb	r1, [r5, #1]
20000de0:	7828      	ldrb	r0, [r5, #0]
20000de2:	f000 f8dd 	bl	20000fa0 <__tud_event_hook_cb_veneer>
20000de6:	e7f4      	b.n	20000dd2 <dcd_event_handler+0x5a>
20000de8:	2101      	movs	r1, #1
20000dea:	4b58      	ldr	r3, [pc, #352]	@ (20000f4c <dcd_event_handler+0x1d4>)
20000dec:	781a      	ldrb	r2, [r3, #0]
20000dee:	438a      	bics	r2, r1
20000df0:	701a      	strb	r2, [r3, #0]
20000df2:	781a      	ldrb	r2, [r3, #0]
20000df4:	3101      	adds	r1, #1
20000df6:	438a      	bics	r2, r1
20000df8:	701a      	strb	r2, [r3, #0]
20000dfa:	2200      	movs	r2, #0
20000dfc:	705a      	strb	r2, [r3, #1]
20000dfe:	781a      	ldrb	r2, [r3, #0]
20000e00:	3102      	adds	r1, #2
20000e02:	438a      	bics	r2, r1
20000e04:	701a      	strb	r2, [r3, #0]
20000e06:	e7ca      	b.n	20000d9e <dcd_event_handler+0x26>
20000e08:	4951      	ldr	r1, [pc, #324]	@ (20000f50 <dcd_event_handler+0x1d8>)
20000e0a:	4f52      	ldr	r7, [pc, #328]	@ (20000f54 <dcd_event_handler+0x1dc>)
20000e0c:	4689      	mov	r9, r1
20000e0e:	4952      	ldr	r1, [pc, #328]	@ (20000f58 <dcd_event_handler+0x1e0>)
20000e10:	2400      	movs	r4, #0
20000e12:	2300      	movs	r3, #0
20000e14:	4688      	mov	r8, r1
20000e16:	783a      	ldrb	r2, [r7, #0]
20000e18:	e012      	b.n	20000e40 <dcd_event_handler+0xc8>
20000e1a:	4643      	mov	r3, r8
20000e1c:	681b      	ldr	r3, [r3, #0]
20000e1e:	0161      	lsls	r1, r4, #5
20000e20:	185b      	adds	r3, r3, r1
20000e22:	2b00      	cmp	r3, #0
20000e24:	d006      	beq.n	20000e34 <dcd_event_handler+0xbc>
20000e26:	69db      	ldr	r3, [r3, #28]
20000e28:	2b00      	cmp	r3, #0
20000e2a:	d003      	beq.n	20000e34 <dcd_event_handler+0xbc>
20000e2c:	6869      	ldr	r1, [r5, #4]
20000e2e:	7828      	ldrb	r0, [r5, #0]
20000e30:	4798      	blx	r3
20000e32:	783a      	ldrb	r2, [r7, #0]
20000e34:	3401      	adds	r4, #1
20000e36:	b2e4      	uxtb	r4, r4
20000e38:	1c51      	adds	r1, r2, #1
20000e3a:	0023      	movs	r3, r4
20000e3c:	42a1      	cmp	r1, r4
20000e3e:	db17      	blt.n	20000e70 <dcd_event_handler+0xf8>
20000e40:	42a2      	cmp	r2, r4
20000e42:	d8ea      	bhi.n	20000e1a <dcd_event_handler+0xa2>
20000e44:	1a9b      	subs	r3, r3, r2
20000e46:	015b      	lsls	r3, r3, #5
20000e48:	444b      	add	r3, r9
20000e4a:	e7ec      	b.n	20000e26 <dcd_event_handler+0xae>
20000e4c:	4b3f      	ldr	r3, [pc, #252]	@ (20000f4c <dcd_event_handler+0x1d4>)
20000e4e:	781a      	ldrb	r2, [r3, #0]
20000e50:	07d2      	lsls	r2, r2, #31
20000e52:	d5be      	bpl.n	20000dd2 <dcd_event_handler+0x5a>
20000e54:	2104      	movs	r1, #4
20000e56:	781a      	ldrb	r2, [r3, #0]
20000e58:	430a      	orrs	r2, r1
20000e5a:	701a      	strb	r2, [r3, #0]
20000e5c:	e79f      	b.n	20000d9e <dcd_event_handler+0x26>
20000e5e:	4b3b      	ldr	r3, [pc, #236]	@ (20000f4c <dcd_event_handler+0x1d4>)
20000e60:	781a      	ldrb	r2, [r3, #0]
20000e62:	07d2      	lsls	r2, r2, #31
20000e64:	d5b5      	bpl.n	20000dd2 <dcd_event_handler+0x5a>
20000e66:	2104      	movs	r1, #4
20000e68:	781a      	ldrb	r2, [r3, #0]
20000e6a:	438a      	bics	r2, r1
20000e6c:	701a      	strb	r2, [r3, #0]
20000e6e:	e796      	b.n	20000d9e <dcd_event_handler+0x26>
20000e70:	4f36      	ldr	r7, [pc, #216]	@ (20000f4c <dcd_event_handler+0x1d4>)
20000e72:	783b      	ldrb	r3, [r7, #0]
20000e74:	075b      	lsls	r3, r3, #29
20000e76:	d52b      	bpl.n	20000ed0 <dcd_event_handler+0x158>
20000e78:	2204      	movs	r2, #4
20000e7a:	783b      	ldrb	r3, [r7, #0]
20000e7c:	2100      	movs	r1, #0
20000e7e:	4393      	bics	r3, r2
20000e80:	703b      	strb	r3, [r7, #0]
20000e82:	466b      	mov	r3, sp
20000e84:	3206      	adds	r2, #6
20000e86:	1d98      	adds	r0, r3, #6
20000e88:	f000 f87a 	bl	20000f80 <____wrap_memset_veneer>
20000e8c:	782b      	ldrb	r3, [r5, #0]
20000e8e:	ac01      	add	r4, sp, #4
20000e90:	7023      	strb	r3, [r4, #0]
20000e92:	2305      	movs	r3, #5
20000e94:	7063      	strb	r3, [r4, #1]
20000e96:	4b2c      	ldr	r3, [pc, #176]	@ (20000f48 <dcd_event_handler+0x1d0>)
20000e98:	681b      	ldr	r3, [r3, #0]
20000e9a:	4698      	mov	r8, r3
20000e9c:	695a      	ldr	r2, [r3, #20]
20000e9e:	f3ef 8110 	mrs	r1, PRIMASK
20000ea2:	b672      	cpsid	i
20000ea4:	6813      	ldr	r3, [r2, #0]
20000ea6:	2b00      	cmp	r3, #0
20000ea8:	d0fc      	beq.n	20000ea4 <dcd_event_handler+0x12c>
20000eaa:	f3bf 8f5f 	dmb	sy
20000eae:	4643      	mov	r3, r8
20000eb0:	4640      	mov	r0, r8
20000eb2:	6199      	str	r1, [r3, #24]
20000eb4:	0021      	movs	r1, r4
20000eb6:	f000 f87b 	bl	20000fb0 <__tu_fifo_write_veneer>
20000eba:	4643      	mov	r3, r8
20000ebc:	695a      	ldr	r2, [r3, #20]
20000ebe:	699b      	ldr	r3, [r3, #24]
20000ec0:	f3bf 8f5f 	dmb	sy
20000ec4:	2100      	movs	r1, #0
20000ec6:	6011      	str	r1, [r2, #0]
20000ec8:	f383 8810 	msr	PRIMASK, r3
20000ecc:	2800      	cmp	r0, #0
20000ece:	d131      	bne.n	20000f34 <dcd_event_handler+0x1bc>
20000ed0:	78fb      	ldrb	r3, [r7, #3]
20000ed2:	07db      	lsls	r3, r3, #31
20000ed4:	d400      	bmi.n	20000ed8 <dcd_event_handler+0x160>
20000ed6:	e77c      	b.n	20000dd2 <dcd_event_handler+0x5a>
20000ed8:	466b      	mov	r3, sp
20000eda:	220a      	movs	r2, #10
20000edc:	2100      	movs	r1, #0
20000ede:	1d98      	adds	r0, r3, #6
20000ee0:	f000 f84e 	bl	20000f80 <____wrap_memset_veneer>
20000ee4:	782b      	ldrb	r3, [r5, #0]
20000ee6:	ac01      	add	r4, sp, #4
20000ee8:	7023      	strb	r3, [r4, #0]
20000eea:	2303      	movs	r3, #3
20000eec:	7063      	strb	r3, [r4, #1]
20000eee:	686b      	ldr	r3, [r5, #4]
20000ef0:	6063      	str	r3, [r4, #4]
20000ef2:	4b15      	ldr	r3, [pc, #84]	@ (20000f48 <dcd_event_handler+0x1d0>)
20000ef4:	681d      	ldr	r5, [r3, #0]
20000ef6:	696a      	ldr	r2, [r5, #20]
20000ef8:	f3ef 8110 	mrs	r1, PRIMASK
20000efc:	b672      	cpsid	i
20000efe:	6813      	ldr	r3, [r2, #0]
20000f00:	2b00      	cmp	r3, #0
20000f02:	d0fc      	beq.n	20000efe <dcd_event_handler+0x186>
20000f04:	f3bf 8f5f 	dmb	sy
20000f08:	61a9      	str	r1, [r5, #24]
20000f0a:	0028      	movs	r0, r5
20000f0c:	0021      	movs	r1, r4
20000f0e:	f000 f84f 	bl	20000fb0 <__tu_fifo_write_veneer>
20000f12:	696a      	ldr	r2, [r5, #20]
20000f14:	69ab      	ldr	r3, [r5, #24]
20000f16:	f3bf 8f5f 	dmb	sy
20000f1a:	2100      	movs	r1, #0
20000f1c:	6011      	str	r1, [r2, #0]
20000f1e:	f383 8810 	msr	PRIMASK, r3
20000f22:	2800      	cmp	r0, #0
20000f24:	d100      	bne.n	20000f28 <dcd_event_handler+0x1b0>
20000f26:	e754      	b.n	20000dd2 <dcd_event_handler+0x5a>
20000f28:	0032      	movs	r2, r6
20000f2a:	7861      	ldrb	r1, [r4, #1]
20000f2c:	7820      	ldrb	r0, [r4, #0]
20000f2e:	f000 f837 	bl	20000fa0 <__tud_event_hook_cb_veneer>
20000f32:	e74e      	b.n	20000dd2 <dcd_event_handler+0x5a>
20000f34:	0032      	movs	r2, r6
20000f36:	7861      	ldrb	r1, [r4, #1]
20000f38:	7820      	ldrb	r0, [r4, #0]
20000f3a:	f000 f831 	bl	20000fa0 <__tud_event_hook_cb_veneer>
20000f3e:	e7c7      	b.n	20000ed0 <dcd_event_handler+0x158>
20000f40:	1000ae58 	.word	0x1000ae58
20000f44:	200023e2 	.word	0x200023e2
20000f48:	200018f8 	.word	0x200018f8
20000f4c:	200018a0 	.word	0x200018a0
20000f50:	1000ae74 	.word	0x1000ae74
20000f54:	200023e0 	.word	0x200023e0
20000f58:	200016f0 	.word	0x200016f0

20000f5c <__aeabi_idiv0>:
20000f5c:	4770      	bx	lr
20000f5e:	46c0      	nop			@ (mov r8, r8)

20000f60 <____wrap___aeabi_lmul_veneer>:
20000f60:	b401      	push	{r0}
20000f62:	4802      	ldr	r0, [pc, #8]	@ (20000f6c <____wrap___aeabi_lmul_veneer+0xc>)
20000f64:	4684      	mov	ip, r0
20000f66:	bc01      	pop	{r0}
20000f68:	4760      	bx	ip
20000f6a:	bf00      	nop
20000f6c:	10005b3d 	.word	0x10005b3d

20000f70 <__time_us_64_veneer>:
20000f70:	b401      	push	{r0}
20000f72:	4802      	ldr	r0, [pc, #8]	@ (20000f7c <__time_us_64_veneer+0xc>)
20000f74:	4684      	mov	ip, r0
20000f76:	bc01      	pop	{r0}
20000f78:	4760      	bx	ip
20000f7a:	bf00      	nop
20000f7c:	100047c9 	.word	0x100047c9

20000f80 <____wrap_memset_veneer>:
20000f80:	b401      	push	{r0}
20000f82:	4802      	ldr	r0, [pc, #8]	@ (20000f8c <____wrap_memset_veneer+0xc>)
20000f84:	4684      	mov	ip, r0
20000f86:	bc01      	pop	{r0}
20000f88:	4760      	bx	ip
20000f8a:	bf00      	nop
20000f8c:	10005c11 	.word	0x10005c11

20000f90 <__best_effort_wfe_or_timeout_veneer>:
20000f90:	b401      	push	{r0}
20000f92:	4802      	ldr	r0, [pc, #8]	@ (20000f9c <__best_effort_wfe_or_timeout_veneer+0xc>)
20000f94:	4684      	mov	ip, r0
20000f96:	bc01      	pop	{r0}
20000f98:	4760      	bx	ip
20000f9a:	bf00      	nop
20000f9c:	10004699 	.word	0x10004699

20000fa0 <__tud_event_hook_cb_veneer>:
20000fa0:	b401      	push	{r0}
20000fa2:	4802      	ldr	r0, [pc, #8]	@ (20000fac <__tud_event_hook_cb_veneer+0xc>)
20000fa4:	4684      	mov	ip, r0
20000fa6:	bc01      	pop	{r0}
20000fa8:	4760      	bx	ip
20000faa:	bf00      	nop
20000fac:	10008485 	.word	0x10008485

20000fb0 <__tu_fifo_write_veneer>:
20000fb0:	b401      	push	{r0}
20000fb2:	4802      	ldr	r0, [pc, #8]	@ (20000fbc <__tu_fifo_write_veneer+0xc>)
20000fb4:	4684      	mov	ip, r0
20000fb6:	bc01      	pop	{r0}
20000fb8:	4760      	bx	ip
20000fba:	bf00      	nop
20000fbc:	10009ee5 	.word	0x10009ee5

20000fc0 <__rp2040_chip_version_veneer>:
20000fc0:	b401      	push	{r0}
20000fc2:	4802      	ldr	r0, [pc, #8]	@ (20000fcc <__rp2040_chip_version_veneer+0xc>)
20000fc4:	4684      	mov	ip, r0
20000fc6:	bc01      	pop	{r0}
20000fc8:	4760      	bx	ip
20000fca:	bf00      	nop
20000fcc:	100039d1 	.word	0x100039d1

20000fd0 <__panic_veneer>:
20000fd0:	b401      	push	{r0}
20000fd2:	4802      	ldr	r0, [pc, #8]	@ (20000fdc <__panic_veneer+0xc>)
20000fd4:	4684      	mov	ip, r0
20000fd6:	bc01      	pop	{r0}
20000fd8:	4760      	bx	ip
20000fda:	bf00      	nop
20000fdc:	100039dd 	.word	0x100039dd

20000fe0 <InterruptThresholdSettings>:
20000fe0:	0100ff01 ff010180 00000101 0101ff01     ................
20000ff0:	ff01024f 0300010e 01840101 03010a02     O...............
20001000:	08040103 01c80501 07010306 0808018d     ................
20001010:	01c60901 0b01010a 000c0102 01d50d01     ................
20001020:	0f01180e 01100112 01821101 13010012     ................
20001030:	181401d5 01131501 17010316 0a180186     ................
20001040:	01091901 1b01081a 031c01c2 018f1d01     ................
20001050:	1f010a1e 01200106 01022101 23010022     ...... ..!.."..#
20001060:	182401d5 01222501 27010126 00280182     ..$..%".&..'..(.
20001070:	01d52901 2b01182a 282c010b 01782d01     .)..*..+..,(.-x.
20001080:	2f01282e 00300191 010b3101 33010032     .(./..0..1..2..3
20001090:	0034010b 01a13501 37010036 003801a0     ..4..5..6..7..8.
200010a0:	01043901 3b01283a 0c3c0130 01043d01     .9..:(.;0.<..=..
200010b0:	3f010f3e 28400179 011e4101 43012f42     >..?y.@(.A..B/.C
200010c0:	00440187 010b4501 47010046 0048010b     ..D..E..F..G..H.
200010d0:	01a74901 4b01004a 004c01a6 01044d01     .I..J..K..L..M..
200010e0:	4f01014e 00500100 01805101 53010952     N..O..P..Q..R..S
200010f0:	01540108 01005501 57010f56 09580179     ..T..U..V..Wy.X.
20001100:	01055901 5b01005a 055c0160 01d15d01     .Y..Z..[`.\..]..
20001110:	5f010c5e 0060013c 01d06101 63010b62     ^.._<.`..a..b..c
20001120:	28640103 01106501 67012a66 0b680139     ..d(.e..f*.g9.h.
20001130:	01026901 6b01286a 2a6c0110 01616d01     .i..j(.k..l*.ma.
20001140:	6f010c6e 0f700100 01797101 73010072     n..o..p..qy.r..s
20001150:	0074010b 010b7501 77010076 007801a1     ..t..u..v..w..x.
20001160:	01a07901 7b01007a 04ff0104 011d7901     .y..z..{.....y..
20001170:	9601277b fe97010e 01039801 9a01ef99     {'..............
20001180:	449b0102 01077301 ff010170 01000101     ...D.s..p.......
20001190:	0000ff01 00000000                       ........

20001198 <DefaultTuningSettings>:
20001198:	0101ff01 ff010000 00090100 01001001     ................
200011a8:	24010011 ff250101 01007501 4e0101ff     ...$..%..u.....N
200011b8:	0048012c 01203001 300100ff 00540109     ,.H..0 ....0..T.
200011c8:	01043101 40010332 25460183 01006001     .1..2..@..F%.`..
200011d8:	50010027 00510106 01965201 57010856     '..P..Q..R..V..W
200011e8:	00610130 01006201 65010064 a0660100     0.a..b..d..e..f.
200011f8:	0101ff01 47013222 ff490114 01004a01     ...."2.G..I..J..
20001208:	7a0100ff 007b010a 01217801 230101ff     ...z..{..x!....#
20001218:	00420134 01ff4401 46012645 40400105     4.B..D..E&.F..@@
20001228:	01060e01 43011a20 00ff0140 01033401     .... ..C@....4..
20001238:	ff014435 04310101 01094b01 4d01054c     5D....1..K..L..M
20001248:	00ff0104 01004401 47012045 28480108     .....D..E .G..H(
20001258:	01006701 71010470 fe720101 01007601     .g..p..q..r..v..
20001268:	ff010077 010d0101 0100ff01 01010180     w...............
20001278:	01ff01f8 01018e01 ff010100 00800100     ................
20001288:	00000000                                ....

2000128c <refArrayQuadrants>:
2000128c:	0000000a 00000005 00000000 00000005     ................

2000129c <striped_spin_lock_num>:
2000129c:	00000010                                ....

200012a0 <irq_handler_chain_slots>:
200012a0:	00000000 	.word	0x00000000
200012a4:	00010000 	.word	0x00010000
	...
200012b0:	00020000 	.word	0x00020000
	...
200012bc:	00030000 	.word	0x00030000
	...
200012c8:	00ff0000 	.word	0x00ff0000
200012cc:	00000000 	.word	0x00000000

200012d0 <irq_handler_chain_first_slot>:
200012d0:	b501      	push	{r0, lr}
200012d2:	6848      	ldr	r0, [r1, #4]
200012d4:	3101      	adds	r1, #1
200012d6:	468e      	mov	lr, r1
200012d8:	4700      	bx	r0

200012da <irq_handler_chain_remove_tail>:
200012da:	4670      	mov	r0, lr
200012dc:	3809      	subs	r0, #9
200012de:	4901      	ldr	r1, [pc, #4]	@ (200012e4 <irq_handler_chain_remove_tail+0xa>)
200012e0:	4788      	blx	r1
200012e2:	bd01      	pop	{r0, pc}
200012e4:	10003e0d 	.word	0x10003e0d

200012e8 <default_alarm_pool>:
	...
200012fc:	20001368                                h.. 

20001300 <aeabi_bits_funcs>:
20001300:	00003350 	.word	0x00003350
20001304:	0000334c 	.word	0x0000334c
20001308:	00003354 	.word	0x00003354
2000130c:	00003352 	.word	0x00003352

20001310 <aeabi_bits_funcs_end>:
20001310:	0000534d 	.word	0x0000534d
20001314:	0000434d 	.word	0x0000434d
20001318:	00003453 	.word	0x00003453
2000131c:	00003443 	.word	0x00003443

20001320 <stdio_usb>:
20001320:	10007c45 10007bf9 10007b6d 10007ae5     E|...{..m{...z..
20001330:	00000000 00000100                       ........

20001338 <_usbd_qdef>:
20001338:	200018fc 000c0010 00000000 00000000     ... ............
	...

20001354 <_usbd_rhport>:
20001354:	000000ff                                ....

20001358 <i2c0_inst>:
20001358:	40044000 00000000                       .@.@....

20001360 <print_mutex>:
	...
