:020000041000EA
:1000000000B5324B212058609868022188439860DF
:10001000D860186158612E4B002199600221596106
:100020000121F02299502B49196001219960352056
:1000300000F044F80222904214D00621196600F024
:1000400034F8196E01211966002018661A6600F04E
:100050002CF8196E196E196E052000F02FF8012189
:100060000842F9D1002199601B49196000215960AB
:100070001A491B48016001219960EB211966A021F2
:10008000196600F012F800219960164914480160C1
:100090000121996001BC002800D000471248134993
:1000A000086003C880F30888084703B5996A0420EC
:1000B0000142FBD001200142F8D103BD02B5186610
:1000C0001866FFF7F2FF186E186E02BD00000240BE
:1000D000000000180000070000035F00212200005C
:1000E000F4000018222000A00001001008ED00E03C
:1000F00000000000000000000000000074B24E7A12
:1001000000200420F7010010CB010010CD010010E9
:10011000C9010010C9010010C9010010C901001077
:10012000C9010010C9010010C9010010CF01001061
:10013000C9010010C9010010D1010010D301001045
:10014000C1010010C1010010C1010010C101001067
:10015000C1010010C1010010C1010010C101001057
:10016000C1010010C1010010C1010010C101001047
:10017000C1010010C1010010C1010010C101001037
:10018000C1010010C1010010C1010010C101001027
:10019000C1010010C1010010C1010010C101001017
:1001A000C1010010C1010010C1010010C101001007
:1001B000C1010010C1010010C1010010C1010010F7
:1001C000EFF30580103800BE00BE00BE00BE00BECA
:1001D00000BE00BEF2EB8871CCB20010ECB2001091
:1001E0003802001090A31AE71E481F49086006C88D
:1001F00081F3088810471D480068002801D019487D
:10020000F3E70DA40ECC002902D000F012F8F9E7B4
:100210001749184A002000E001C19142FCD116495B
:100220008847164988471649884700BEFDE701C937
:1002300001C29A42FBD37047ECB20010C00000200C
:1002400078130020A4C50010000004200000042042
:10025000A4C50010001004200010042000000000BD
:10026000704700000000000008ED00E0000000D032
:1002700078130020FC23002055770010D5020010D1
:100280004D770010F8B5C04606480749091A8B108B
:10029000C90FC91810B5491003D0044B002B00D06A
:1002A000984710BD7813002078130020000000004C
:1002B000054B10B5002B03D00449054800E000BFF2
:1002C000FFF7E2FF10BDC046000000001022002032
:1002D000E4A80010F0B5DE4657464E464546E0B568
:1002E0008DB007F075FBFA20800004F06DFA00F085
:1002F00065F9041E08D021005B4807F07BFCFA205A
:10030000800004F061FAFAE7584807F0EFFB0BAD04
:10031000062000F0D5F8290064202C8000F030F988
:10032000011E50D0524807F065FC524807F0DEFB32
:10033000514807F0DBFB514807F0D8FB504807F065
:10034000D5FB504B202598460AAB9C1D4E4B0026F2
:1003500001934E4B4E4F9B464E4B04934E4B069390
:100360004E4B07934E4B99464E4B02934E4B039385
:100370004E4B08934E4B05934E4B09934E4B9A466A
:1003800007F02AFB20280BD0A843512821D057285A
:100390002BD0504607F0AAFB07F01EFB2028F3D114
:1003A00000F0A2F8002833D0404607F09FFB200061
:1003B000268000F097F9011E33D0002848DD58460A
:1003C00007F018FCDCE70023E95E3C4807F012FC6C
:1003D000ABE700F09BF8011E28D100F085F800285B
:1003E0003AD0069807F082FBCAE700F07DF80028B3
:1003F00020D0029807F07AFB2000268000F096F8C3
:10040000011E20D000282BDD059807F0F3FBB7E78D
:10041000380007F06BFB2000268000F063F9011E16
:10042000CBD12188019807F0E5FBA9E7484607F002
:10043000E1FBA5E7039807F059FB2000268000F0B8
:1004400075F8011EDED12188089807F0D3FB97E7E5
:10045000049807F0CFFB93E7079807F047FB8FE777
:10046000099807F0C7FB8BE7E8A8001000A9001067
:1004700034A900104CA9001058A9001084A900103C
:10048000B8A90010E0A9001024AA001040AA00108A
:1004900000AA001060AA001080AA0010A4AA0010F0
:1004A000CCAA0010E4AA001000AB001020AB001092
:1004B00038AB001054AB001070AB001010A9001046
:1004C00010B5084C206003F079FB01232068D0228E
:1004D0008340120693620121002203F05BFB00209F
:1004E00010BDC046E00F0020074B1A68FF2A09D054
:1004F000D0231B06586801239340184043425841BB
:10050000C0B270470020FCE7E00F002010B505489E
:1005100000F04CFF03000020002B01D00248C01A5D
:1005200010BDC0466C220020D4FEFFFF70B5050050
:1005300088B000281ED01C22002101A805F07EFCF6
:100540000E4E01A9300000F0E3FF041E04D0C820C5
:100550004042001B08B070BD0021300001F0BCF823
:100560006B46187F002803D19B8900202B80F1E780
:100570002C80EFE701204042ECE7C0466C220020CF
:10058000002310B582B00C0001AA010409480193B0
:1005900002F02EFE00280AD1002C05D0FA21019885
:1005A000890004F095FD2080002002B010BD024BB0
:1005B000181AFAE76C220020CAFEFFFF30B583B09C
:1005C00000236A463D493E4853709370D3700193AF
:1005D0000AF010F80321042003F0C2FA03210520D9
:1005E00003F0BEFA00220121042003F0D3FA012116
:1005F0000022052003F0CEFAC0232922314C5B00F3
:100600000A20E25404F0E0F8200000F0A3FA051EEE
:1006100033D1200000F046FC051E25D16B4620009A
:100620005A1C01A901F08AF8051E36D16B4620003C
:10063000DA1C991C00F044FE051E26D10021200082
:1006400000F0AEFB051E30D120001F4900F0B6FBC4
:1006500004000020002C0ED021001C4807F0CAFA2C
:1006600096204042001B06E02900194807F0C2FA14
:100670006E204042401B03B030BD2900154807F0F2
:10068000B9FA64204042401BF5E72900124807F000
:10069000B1FA82204042401BEDE729000F4807F0E5
:1006A000A9FA78204042401BE5E729000C4807F0F2
:1006B000A1FA8C204042401BDDE7C046A086010025
:1006C000681300206C220020E8800000E8AB0010D6
:1006D000B4AB0010A4AB0010D0AB0010C4AB001042
:1006E000DCAB001030B5040089B000281AD001AD91
:1006F00000211C22280005F0A1FB29000B4800F076
:10070000A3FF00280AD12B7E002B04D100202B89C7
:10071000238009B030BD20801800FAE7C8235B426F
:10072000181AF6E701204042F3E7C0466C22002089
:10073000F0B583B06E4604005D1C080011001A007D
:100740000833DB08DB00F31A02AF9D4602AE3070BF
:100750000920684405F078FBC0235B00E15C0023BE
:100760003200009305482B0009F06CFFC0431423AE
:10077000BD46C0171840143801B0F0BD6813002002
:10078000F0B5C64615000F221E00C02300B584B088
:100790006A445B001170C15C98460E4F803BFF3B82
:1007A00004000093380009F04DFF00280FDB43469A
:1007B000E15C00232A0000933800330009F04CFF6D
:1007C000002804DB002004B080BCB846F0BD142033
:1007D0004042F8E768130020130000B585B003AA73
:1007E0005370C02311705B00C15C00230548009367
:1007F000023309F027FFC0431423C01718401438F0
:1008000005B000BD68130020130000B585B003AA31
:1008100011709370190AC02351705B00C15C0023F2
:1008200005480093033309F00DFFC0431423C0179C
:100830001840143805B000BD68130020F0B515004D
:100840000F22C027012385B00D4E6A4411707F002E
:10085000C15D04000093300009F0F4FE00280CDBB9
:100860000023E15D2A0000933000013309F0F4FE1B
:10087000002802DB002005B0F0BD14204042FAE75A
:1008800068130020F0B5C64615000B22C0270123CF
:1008900000B584B0114E6A4411707F00C15D040040
:1008A0000093300009F0CEFE03AB9846002812DB1F
:1008B0000023E15D424600933000023309F0CCFE94
:1008C000002808DB002043461B885BBA2B8004B05D
:1008D00080BCB846F0BD14204042F4E76813002005
:1008E000F0B515000B22C027012385B00F4E6A44D6
:1008F00011707F00C15D04000093300009F0A2FE7A
:1009000000280FDB0023E15D3000009303AA0433CD
:1009100009F0A2FE002805DB0020039B1BBA2B6018
:1009200005B0F0BD14204042F7E7C0466813002030
:10093000F0B54E4645465746DE469946224BE0B551
:10094000C0279846012387B005AD039229707F0028
:1009500004000E002A00C15D4046009309F072FEBB
:1009600000282EDB02AA94460B2363449A460023F8
:10097000E15D9B46009352464046013309F06CFE10
:1009800000281EDB5346039A1B782E7013404A46FC
:100990001A43130052466B7013705B46E15D2A00E8
:1009A00000934046023309F04DFEC0431423C017A4
:1009B0001840143807B0F0BCBB46B246A946A04662
:1009C000F0BD14204042F5E76813002010B5052063
:1009D00003F0FAFE002010BD10B502F083FC10BD3C
:1009E000F0B5DE464E4645465746E0B5037A83B03D
:1009F0000B706B460E009A1CF8210500FFF742FFB2
:100A0000041E07D0200003B0F0BCBB46B246A94686
:100A1000A046F0BD01AB1A00042128009846FFF75C
:100A20005FFF041EEED16B465988002960D1B06883
:100A3000002328614246202128003373FFF722FF5C
:100A4000041EDFD143461B88002B56D1AB693361AE
:100A50000023310028002B75143102F069FC041EBC
:100A6000D0D1202224239346083A99469246002763
:100A7000EB6AB144AB44B2444A4608C25B46914675
:100A80005246DB5DD3550137062F3BD0032F10D0E4
:100A900004DC012F0FD002276B6BEDE74246642187
:100AA0002800FFF7EFFE041EACD143461B885B0213
:100AB000E2E7AB6BE0E7424644212800FFF7E2FEA5
:100AC000041E9FD143461B885A02002B0CD12B6B6E
:100AD000B36200232122AB545B4652465B785370CD
:100AE00004239C46E144D6E7B26201232A63F1E77E
:100AF000019804F015FBB0609AE7DB003361AB614D
:100B00000123A6E7424601212800FFF797FE041EB5
:100B100000D077E74346AE221B785200AB54DB0986
:100B2000E83AB35408322800AB54311D01F0E8FD17
:100B3000041E00D066E7290030001C2244313C30FE
:100B400009F094FD290030001C226031583009F072
:100B50008DFD57E7F0B5CE46474680B50022A1B0DF
:100B600088210500FFF738FE8E220023FA2152006B
:100B7000AB5489006232A95280497E3A02AEA95034
:100B800028003100AB61FFF72BFF041E28D196230C
:100B9000DB04B3657A4B308033647A4BF063F365E2
:100BA00080239B027364E1239B043366764B280009
:100BB000B364764B78227366754B3100F364754BE2
:100BC0000830B366A0231B033365FA235B04F36686
:100BD000F0231B037365C8235B04336705F034F906
:100BE000B0236D4A5B00EA50FA2204335200EA5205
:100BF000A02204331201EA5201221433EA54802164
:100C00002800FFF7E9FD01220600FF212800FFF779
:100C1000E3FD0022064300212800FFF7DDFD6B46BF
:100C2000344364B2DE1D3200912104432800FFF7F3
:100C300005FEB32332785B0064B2EA54002101223E
:100C400004432800FFF7C8FD64B20022FF210443DB
:100C50002800FFF7C1FD64B2044300228021280070
:100C6000FFF7BAFD2E0064B2204340B22C360028B4
:100C700014D1202399461F3B00249846474FA9448E
:100C8000A3B2052B33D89B00FB589F460023EF22CD
:100C900060212800FFF74CFE00282CD021B0C0BCFA
:100CA000B946B046F0BD0023FE2260212800FFF7C0
:100CB0003FFE0028F2D12B00012220331A550436C2
:100CC0000134DDE723230122EA544B464246043631
:100CD0001A550134D4E722230122EA54F5E7326899
:100CE0004421520A280092B2FFF78EFDE1E720234B
:100CF0000122EA54E9E72B00012220335A716021D6
:100D0000688402232800FD320024FFF711FE00282A
:100D1000C4D12423EF22EC5460212800143BFFF7B8
:100D200007FE0028BAD12523EC5490235B03EB6225
:100D30002123EB5C002B19D18023DB012B638C2357
:100D40009B036B630023FF22AB635D33FF33EA54E5
:100D500001212800FFF740FDAF2301225B00EA5488
:100D600000289BD14223FF33E85497E720224421F7
:100D70002800FFF749FD0028DED08FE7A4700900A6
:100D800033B3000000004C04CCCC03000000EE02A2
:100D9000CC4C070000002602640084036CAD0010F8
:100DA000152906D8044BCB40DB0702D50172002081
:100DB000704708204042FBE70B00300010B501F0FF
:100DC000C5FB10BD10B501F0A1FB10BDF0B583B09F
:100DD000002317006A460D00D37101210732060077
:100DE000FFF72CFD041E1CD16B46DB79012F1BD0B5
:100DF000042D50D8294AAD00525997467F251D40F1
:100E00005BB2002B0DDA2A0001213000FFF7E4FC71
:100E1000041E06D1AE235B00F5543000F16801F0EA
:100E200095FB200003B0F0BD042D34D81C4AAD0062
:100E30005259974640221D0095431A42E3D1F0E7EC
:100E400004221D0095431A42DDD1EAE728221D0045
:100E500095431A42D7D1E4E710221D0095431A4268
:100E6000D1D1DEE740251D43AB42CCD1D9E70425E3
:100E70001D43AB42C7D1D4E728251D43AB42C2D1A5
:100E8000CFE710251D43AB42BDD1CAE780251D43E6
:100E9000AB42B8D1C5E704246442C2E784AD001078
:100EA00098AD0010F0B5C64600B5A2B00500782296
:100EB000002104A804F0C2FF002300226946280094
:100EC000CB80CA700A710121029300F027FDA02394
:100ED0005B00EA5C012A06D84023FF33E95C012A63
:100EE00051D00C2951D9280001AA02A902F0DCFB3B
:100EF000002840D1BE235B00EB5C002B3FD07A4939
:100F0000280001F0D9FC002835D104220A2128004C
:100F1000FFF762FC00282ED10023EF228421280055
:100F2000FFF706FD002826D1832304225B00EA5444
:100F3000FF3B0026984603AF01220B212800FFF754
:100F40004BFC002204000B212800FFF745FC3A006F
:100F5000044313212800FFF771FC424664B23B783A
:100F60002043013640B2F6B21A4212D0032E00D10D
:100F7000B6E00028E0D022B080BCB846F0BD79339E
:100F8000FF33E958BCE72029ADD8280002F022FA47
:100F9000AEE7032E00D1A3E00028ECD10122FF210F
:100FA0002800FFF719FC6B4604009A1D84212800D5
:100FB000FFF768FC00220443FF212800FFF70CFC28
:100FC00064B2204340B20028D5D16B468022DB8832
:100FD00052001B012800AB5004A9FFF701FD0028B7
:100FE000C9D16B4609212800DA1CFFF727FC00282D
:100FF000C1D16B46DA78012313406A46D3705E2272
:101000002800FF32AB5404A9E53A083004F01CFF75
:101010006B4601212800DA1CFFF710FC0028AAD13A
:101020006B46DA78AE235B00EA5438703A0001214F
:101030002800FFF703FC00289DD110233C781C42B8
:101040000FD09C43220001212800FFF7C5FB002898
:1010500000D090E7AE235B00EC542800E96801F073
:1010600075FA002202212800FFF7B0FE002800D008
:1010700081E7AF2303265B00EE546B465C1D010045
:101080002200280001F042FA002800D073E78A23EA
:1010900022785B00EA5401212200280001F036FA90
:1010A000002800D067E7862322785B00EA543100ED
:1010B0003A00280001F05CF9002800D05BE78823A3
:1010C000039A5B00EA5004213A00280001F050F92D
:1010D000002800D04FE78423039A5B00EA504AE7D8
:1010E0000C20404247E7C0469C11002030B583B039
:1010F000150000236A460C00D37101210732FFF767
:101100009DFB002801D003B030BD6B46DB79042C79
:1011100016D80D4AA400125997465B06DB0F2B70B8
:10112000F1E75B07DB0F2B70EDE71B07DB0F2B7085
:10113000E9E7DB06DB0F2B70E5E7DB092B70E2E765
:10114000287004204042DEE7ACAD001010B582B03C
:101150006A4600230C00D37101210732FFF76EFBB2
:10116000002810D16B460122DB7919111140217042
:10117000D9101140A17099101140617099110A4065
:10118000DB09E270237102B010BDC046037D002070
:101190000B707047F8B505000C00160005293FD804
:1011A000002A0CD08B000021C318DA6A8C46002379
:1011B0000127052C31D81C48A10041588F46022236
:1011C0000027944610230022F3E7EF226021280035
:1011D000FFF7AEFB002805D1002E0FD12C192034CB
:1011E00026700020F8BD6346FE2260212800FFF72C
:1011F0009FFBEFE72323EF54002EEFD001232D199F
:1012000020352B70EDE72223EF54E5E7520A442105
:10121000280092B2FFF7F8FADCE72023EF54DBE76F
:1012200004204042DEE7C046C0AD0010052905D8C5
:1012300040182030037800201370704704200023EA
:101240004042F9E770B50400150082B0052931D895
:101250001A4B89005B589F466B4664219A1DFFF725
:1012600011FB002804D16B46DB885B022B60002059
:1012700002B070BDC36A2B60F9E7436B2B60F6E7E1
:10128000836B2B60F3E76B469E1D32004421FFF712
:10129000F9FA0028ECD133885A02002B04D1236BD1
:1012A0002B602123E254E2E72A60212322630122FA
:1012B000E254DCE704204042DAE7C046D8AD001033
:1012C00010B5012302F060F910BDC046832370B54C
:1012D0005B00C35C04000D0082B0022B24D0032B02
:1012E0000CD00020012B07D16B460E2120009A1D47
:1012F000FFF7C8FA002829D002B070BD6B460E2156
:101300009A1DFFF7BFFA0028F6D16B460C2120008A
:101310009A1DFFF7B7FA0028EED1002D25D0200046
:10132000204901F0C9FAE7E76B460E219A1DFFF745
:10133000A9FA0028E0D16B460C219A1D2000FFF786
:10134000A1FA6B46DB881B05D6D0E4E76B460C217F
:10135000DE889A1D2000FFF795FA134B76041E4095
:10136000FF231B049E42C7D9D5E70422FF2120009A
:10137000FFF732FA0022050070212000FFF72CFA57
:101380000022FF2105432000FFF726FA6DB2054336
:10139000002280212000FFF71FFA6DB2284340B2DF
:1013A000AAE7C046E40F00200000FE1FF0B5C646C5
:1013B000040000B5012282B08021057AFFF70CFA03
:1013C0000122FF212000FFF707FA00220021200060
:1013D000FFF702FAB3235B00E25C91212000FFF7E4
:1013E000FBF9012200212000FFF7F6F90022FF217E
:1013F0002000FFF7F1F9002280212000FFF7ECF92F
:10140000012D34D0032D24D0002D3ED10122002106
:101410002000FFF7E1F96B46DE1D01233370002841
:1014200013D1FA23DB000125012798463200002161
:101430002000FFF703FA337801351F4232D000282D
:1014400030D14545F2D10720404202B080BCB846B9
:10145000F0BD002821D0042200212000FFF7BCF9B4
:101460000028F2D1AF2304225B00E254EDE700280C
:101470000ED0022200212000FFF7AEF90028E4D1AF
:10148000AF2304225B00E254DFE708204042DCE7A0
:1014900001212000FFF71AFFEBE701212000FFF7F1
:1014A00015FFD8E7FA23DB009D42CED1CBE7C0463B
:1014B000832330B55B00C35C0C0083B0042B0ED0DB
:1014C0006B461421DA1DFFF7B9F9002805D16A46E9
:1014D0000123D279134213D0237003B030BD6B4681
:1014E000DD1D2A001321FFF7A9F9072318212A7807
:1014F0001340114209D1042B04D000232370ECE7E0
:101500002070EAE7033B2370E7E706204042F2E75A
:10151000F0B5DE46574645464E46E0B591B006AFBB
:101520000C230C003A0014210500FFF729F9031ED3
:1015300077D163603B89FA215BBA9BB25B0223617E
:101540007B88FE885BBA9AB2A3823B789046994624
:10155000BF235E2276BAB6B27602A0752060E6603E
:1015600078895B00EB5A40BAFF32AF5C80B28900E9
:101570008B4214D05843F530FF3003F0A9FD2B7D8A
:10158000002B0BD04346298B59430912B1424FD04F
:101590000004000C7043711A03F0C2FD80B2002FEA
:1015A00002D08701FFB2800802ABE7759C460F2787
:1015B0006744208143463200494628000197009441
:1015C00001F008FC00282CD109AA93462A005946AC
:1015D0003B78803203932376C8CAC8C1C8CAC8C141
:1015E000176880350F60E668A768B1462669BA4675
:1015F000B046A68AE77DB4465E466468039B746085
:1016000054460B944C460C9444460D9464463376F1
:101610005B46B482F775D0CBD0C5D0CBD0C50B68B4
:10162000136011B0F0BCBB46B246A946A046F0BD5F
:10163000002F02D000270248B6E70248B4E7C046B0
:10164000AE080000E08A0000F0B5C646002300B5F1
:1016500082B0037205000C00FFF7A8FE00280ED12F
:10166000280000F03DF9002809D1AF2303225B00D8
:1016700021002800EA54FFF74BFF002803D002B0F6
:1016800080BCB846F0BD6B46DF1D07230026984698
:1016900001220B212800FFF79FF8002204000B21F4
:1016A0002800FFF799F83A00044313212800FFF7B8
:1016B000C5F8424664B23B782043013640B2F6B2E8
:1016C0001A4204D0032E04D00028E1D0D7E7032E1D
:1016D000D5D10C204042D2E7F0B5C64600B582B065
:1016E0006B46DF1D072306000025984601220B21CB
:1016F0003000FFF771F8002204000B213000FFF7E3
:101700006BF83A00044313213000FFF797F8424684
:1017100064B23B782043013540B2EDB21A4207D0A3
:10172000032D07D00028E1D002B080BCB846F0BD40
:10173000032DF9D10C204042F6E7C04610B501F068
:10174000B3FF10BDF0B5CE46474680B50500160084
:1017500085B0032960D0042900D0BCE002AC210090
:10176000FFF7F4FCE378002B46D105236B440027F8
:101770009846424601212800FFF724FB041E45D16C
:1017800043461A78FA2153019B1A5B019B181A01F0
:10179000D31AFA22520090461B029844C9004046D0
:1017A00003F0BEFCFA217401A41BA400A419E400F8
:1017B00024188900404603F0B3FC0100200003F028
:1017C000AFFCC019002200280CD001380023FF28EC
:1017D00006D9013340089BB2FF28FAD81B029BB2FE
:1017E0001B189AB271212800FFF70EF8041E0DD1C4
:1017F00084235B00EE5009E005236B441A000021AE
:1018000028009846FFF7DEFA041E53D0200005B0EA
:10181000C0BCB946B046F0BD05236B4498461A00DB
:101820000021FFF7CFFA43461A78FA2153019B1A99
:101830005B019B181A01D31AFA22520091461B022F
:10184000994473019B1B9B009B19DB00C900070097
:1018500004004846984603F063FCFA21804489005E
:10186000484603F05DFC0100404603F059FC0004CB
:101870000022010C00280CD00139FF292ED90023A9
:10188000013349089BB2FF29FAD81A0292B25218C2
:1018900092B26B46DA8082235B00EA52002FB5D108
:1018A00051212800FEF7B0FF041EAFD188235B0052
:1018B000EE50ABE76B46512128009A1DFEF7E2FF80
:1018C000041EA3D16B466A46DB8897791B0A9F40AA
:1018D0000137BFB24DE70424644297E70022D6E700
:1018E00070B582B06B46FA24DE1D0023050033700C
:1018F000E40008E03378012B0BD0013C002C0AD027
:101900002800FFF763F831002800FFF7D1FD002819
:10191000F0D002B070BD07204042FAE7F0B545466E
:101920005746DE464E460023E0B595B00B930C9328
:101930001D33FF33C35C05000F009846072B07D10A
:10194000002015B0F0BCBB46B246A946A046F0BD8B
:1019500001228021FEF740FF01220400FF21280020
:10196000FEF73AFF0022002104432800FEF734FF6F
:1019700064B20622FF2104432800FEF72DFF64B263
:101980008321044309AA2800FEF758FF08AB1A79FF
:10199000042364B21A43832104432800FEF71CFF8A
:1019A00064B20722FF2104432800FEF715FF64B24A
:1019B0000122812104432800FEF70EFF64B2044394
:1019C0002800FFF703F864B20122044380212800B5
:1019D000FEF702FF01231A0064B204433A4064B2E6
:1019E00002923B4203D04246134200D174E20023EC
:1019F0000593049302231A003A4001923B4203D01C
:101A00004246134200D19DE004231A003A4000925E
:101A10003B4203D04246134200D115E30023002687
:101A20009B46002281212800FEF7D6FE0622FF21D8
:101A300004432800FEF7D0FE64B28321044309AAC0
:101A40002800FEF7FBFE08AB1A79042364B29A4320
:101A5000832104432800FEF7BFFE64B20122FF2168
:101A600004432800FEF7B8FE64B2012200210443BB
:101A70002800FEF7B1FE64B20022FF2104432800D3
:101A8000FEF7AAFE64B20443002280212800FEF77C
:101A9000A3FE64B2204340B2002800D051E7029B6D
:101AA000002B02D04346DB072CD5019B002B02D034
:101AB00043469B0735D5009B002B1DD043465B0753
:101AC0001AD4A2230B9A5B00EA500C9A0433EA5012
:101AD0005B46A6225B025200AB500023002E0AD0C8
:101AE000DF4B9C46664473019B1B9B009B19DB00EC
:101AF0001B095B421BB26B6043468E223B43520084
:101B0000AB541DE740232800049AFF33EA54059A9A
:101B100001335730EA540DA90622FF3004F094F93E
:101B2000C3E708AB5A791E23FF33EA5408AB9A790E
:101B300028008F2320305B00EA540FA9FF3008F003
:101B400015FEB8E7022294212800FEF745FE204347
:101B500043B20022832128009946FEF73DFE0FAED6
:101B6000041E15D100239A46FA23DB009B465446F7
:101B700003E001345C4500D1DEE33200832128001C
:101B8000FEF75CFE33780343DBB2002BF1D0040098
:101B9000012283212800FEF71FFE4B4623431C0031
:101BA00008AB5A1D902104432800FEF747FE64B29B
:101BB0007B22942104432800FEF70EFE64B2044306
:101BC00063B20022832128009946FEF705FE041E19
:101BD00015D100239A46FA23DB009B46544603E0C6
:101BE00001345C4500D1B2E3320083212800FEF7C6
:101BF00025FE33780343DBB2002BF1D00400012231
:101C000083212800FEF7E8FD4B4623431C0008AB68
:101C10009A1D902104432800FEF710FE64B277223B
:101C2000942104432800FEF7D7FD64B2044363B255
:101C30000022832128009946FEF7CEFD041E15D10F
:101C400000239A46FA23DB009B46544603E0013406
:101C50005C4500D159E3320083212800FEF7EEFDF8
:101C600033780343DBB2002BF1D00400012283213F
:101C70002800FEF7B1FD4B4623431C000AAB1A00B7
:101C80009021044328000393FEF72AFE7F210A9B3C
:101C900064B20443980C084000025A0E0243914675
:101CA000D80A08400204484692466E4A64B2104080
:101CB0000200504602431809014012020906120AA6
:101CC0000A430F927822DB00134008AA1371942173
:101CD00078222800FEF780FD044363B200228321AE
:101CE00028000093FEF778FD814600281BD108AB41
:101CF000DC1DFA23DB009B4633002E009A462500AC
:101D0000040003E001345C4500D11BE32A00832179
:101D10003000FEF793FD2B780343DBB2002BF1D0AC
:101D2000350081465646012283212800FEF754FDE6
:101D30004B46009C90211C43039A04432800FEF765
:101D4000CFFD64B2044363B2994608AA0A9B127994
:101D5000590F89187F22980D10400002DC0BC9B280
:101D600014400143180A2404104000062143014393
:101D7000109159080A40327240229B01134008AA70
:101D80001371942179222800FEF726FD4C46044366
:101D900063B20022832128000093FEF71DFD8146D7
:101DA00000281BD108ABDC1DFA23DB009B46330067
:101DB0002E009A462500040003E001345C4500D162
:101DC000B2E22A0083213000FEF738FD2B7803436E
:101DD000DBB2002BF1D0350081465646012283212B
:101DE0002800FEF7F9FC4B46009C90211C43039A07
:101DF00004432800FEF774FD0A9B08A909799A0E8E
:101E0000521872727F22D90C1140B172190B114015
:101E1000F17259090A4032737C229B00134064B26C
:101E200008AA137194217A2204432800FEF7D4FCF7
:101E300064B2044363B20022832128000093FEF7BA
:101E4000CBFC8146002820D108ABDC1DFA23DB0047
:101E50009B4633002E009A462500040008E0C04649
:101E600000E7FFFFFFFF00FF01345C4500D174E293
:101E70002A0083213000FEF7E1FC2B780343DBB21C
:101E8000002BF1D0350081465646012283212800DF
:101E9000FEF7A2FC4B46009C90211C43039A04438E
:101EA0002800FEF71DFD0A9A08A90979930F5B180F
:101EB0007F217373D30D0B40B373130C0B40F3737B
:101EC000530A0B40337493080B407374002364B2BD
:101ED000044364B2B37497E56B2294212800FEF7A3
:101EE0007BFC204343B20022832128009946FEF761
:101EF00073FC041E16D100239A46FA23DB009B468E
:101F000054460FAE03E001345C4500D117E23200C5
:101F100083212800FEF792FC33780343DBB2002BC9
:101F2000F1D00400012283212800FEF755FC4B4626
:101F300023431C000AAB1A0090210443280003939A
:101F4000FEF7CEFC0A9B64B25A04520E1B04DB0F50
:101F5000942104430492280024220593FEF73CFCBC
:101F600064B2044363B20022832128009946FEF73D
:101F700033FC041E16D100239A46FA23DB009B464D
:101F800054460FAE03E001345C4500D1C3E132009A
:101F900083212800FEF752FC33780343DBB2002B89
:101FA000F1D00400012283212800FEF715FC4B46E6
:101FB00023431C009021039A04432800FEF790FC61
:101FC0000A9B64B21BBA25229421044328000D9376
:101FD000FEF702FC64B2044363B2002283212800AE
:101FE0009946FEF7F9FB041E16D100239A46FA2300
:101FF000DB009B4654460FAE03E001345C4500D144
:10200000A8E1320083212800FEF718FC337803434F
:10201000DBB2002BF1D00400012283212800FEF75F
:10202000DBFB4B4623431C009021039A044328000A
:10203000FEF756FC0A9B64B20DAA190E04431B0C52
:1020400064B211715371D5E47B2294212800FEF70C
:10205000C3FB204343B20022832128009946FEF7A8
:10206000BBFB061E17D100239A4608ABDC1DFA23E2
:10207000DB009B46564603E001365E4500D147E152
:10208000220083212800FEF7D9FB23780343DBB22B
:10209000002BF1D00600012283212800FEF79CFBD3
:1020A0004B4633431E00902106430BAA2800FEF73F
:1020B00017FC76B27C22942106432800FEF78CFBA5
:1020C00076B2064373B20022832128009946FEF7B8
:1020D00083FB061E17D100239A4608ABDC1DFA23AA
:1020E000DB009B46564603E001365E4500D120E109
:1020F000220083212800FEF7A1FB23780343DBB2F3
:10210000002BF1D00600012283212800FEF764FB9A
:102110004B4633431E00902106430CAA2800FEF7CD
:10212000DFFB76B27322942106432800FEF754FBAE
:1021300076B2064373B20022832128009946FEF747
:102140004BFB061E17D100239A4608ABDC1DFA2371
:10215000DB009B46564603E001365E4500D101E1B7
:10216000220083212800FEF769FB23780343DBB2BA
:10217000002BF1D00600012283212800FEF72CFB62
:102180004B4633431E000AAB1A0006439021280039
:102190000393FEF7A5FB0A9B74B21B061B0C74226B
:1021A0009421044328009B46FEF716FB64B20443C7
:1021B00063B20022832128000693FEF70DFB061E62
:1021C00017D10023994608ABDC1DFA23DB009A46A1
:1021D0004E4603E00136564500D1A2E0220083219D
:1021E0002800FEF72BFB23780343DBB2002BF1D052
:1021F0000600012283212800FEF7EEFA069C9021BA
:102200003443039A04432800FEF76AFB5A460A9BAC
:1022100064B21B0E1A43942104439346280075228E
:10222000FEF7DAFA64B2044363B200228321280085
:102230000693FEF7D1FA061E17D10023994608AB84
:10224000DC1DFA23DB009A464E4603E00136564574
:1022500000D18AE0220083212800FEF7EFFA2378DC
:102260000343DBB2002BF1D00600012283212800BA
:10227000FEF7B2FA069C90213443039A04432800E7
:10228000FEF72EFB0A9B64B21B061B0C76229421E0
:10229000044328000693FEF79FFA64B2044363B236
:1022A0000022832128000793FEF796FA061E16D116
:1022B0000023994608ABDC1DFA23DB009A464E4604
:1022C00002E00136564529D0220083212800FEF77E
:1022D000B5FA23780343DBB2002BF2D006000122CB
:1022E00083212800FEF778FA079C902134430443A9
:1022F000039A2800FEF7F4FA0A9E069B64B2044390
:10230000360E64B21E43FFF78CFB07246442ADE433
:1023100007267642BFE60724644243E60726764254
:10232000DDE70726764264E7073B350099465646C7
:1023300054E507267642E6E60724644228E40724AB
:102340006442EFE5073B350099465646EBE4072427
:10235000644254E4072464425EE6073B3500994634
:10236000564692E50726764205E7072676427CE741
:10237000F0B5CE46474680B585B0002315006A46C5
:102380000600D370938002290CD903294ED004296A
:1023900028D0002000242860200005B0C0BCB94629
:1023A000B046F0BD971C3A000021FEF70BFD041E5D
:1023B00065D0FA213A78890053019B1A5B019B187A
:1023C0001801C01A0002F530FF3002F0A9FE6B467A
:1023D000DB7801335843FA21F5308900FF3002F0F1
:1023E0009FFED8E702AC2100FEF7B0FEE378002B99
:1023F0004DD06B469F1C3A0000213000FEF7E2FCF6
:102400000023041E984666D0FA213A7889005301C9
:102410009B1A5B019B181801C01A0002F530FF30AF
:1024200002F07EFE434643431800D4E7971C3A006F
:102430000021FEF7C7FC04000020002CABD13A00BD
:1024400000213000FEF7BEFC041E57D06B466A46E2
:10245000FA219B8816793A781B0A9E4053019B1AF1
:102460005B019B181801C01A0002F530FF3089008B
:1024700002F056FE01363604360C7043ABE76B466D
:1024800046213000DA1CFEF7D9F9040091E7002359
:1024900098466B469F1C3A0001213000FEF792FCE3
:1024A000041E04D04346584283B29846ACE7062344
:1024B0006B4499461A0071213000FEF7E3F94B4650
:1024C0001A881B78120A9340424601339B1A9BB22A
:1024D0000400984698E701AA51213000FEF7D2F98E
:1024E0006B469A881B79120A934001339BB2041EF3
:1024F0009846D0D05B429BB2984685E75121300088
:1025000001AAFEF7BFF90400A0E7C04630B51400E9
:1025100083B0002912D001290DD16B46DD1D2A00A0
:102520007021FEF78BF9002803D12B7801335B0073
:10253000237003B030BD04204042FAE76B46DD1D36
:102540002A005021FEF77AF9EDE7C046F0B5D646ED
:102550004F464646C0B584B002AD0F0029000600C4
:10256000FEF7F4FD041E0ED1614B6A7898462B7875
:10257000B8441343AA7813430CD1EB78002B55D100
:102580002B79002B6BD1200004B0E0BCBA46B146D9
:10259000A846F0BD06236B44187099466B4600218F
:1025A00030005A1DFEF70EFC002801D00400EAE7B7
:1025B0004A4646213000FEF741F96B46FA215A7926
:1025C000824653019B1A5B019B181801C01A000236
:1025D000F5308900FF3002F0A3FD4B46FA211B784D
:1025E000890001335843F530FF3002F099FD53461E
:1025F000002B73D12B78002B06D03E4BC318984587
:102600002AD94246D31A9846AB78002B1ED16B7854
:10261000002BB2D0A5239B009C46604480451BD96B
:1026200043461B1A9846EB78002BA9D06A46002334
:102630000021D38030000532FEF7C4FB002817D0FC
:10264000A52304009B0098459DD805E02A4B9C4695
:10265000604440008045E3D80424644293E7274A5D
:10266000042130004244FFF76DF8F76004008AE768
:102670006B46002130005A1DFEF7A4FB824600285D
:102680002ED06B46DA889B79120A934001331B04E3
:102690001B0C99466B46FA215A79890053019B1A03
:1026A0005B019B181801C01A0002F530FF3002F0E0
:1026B00037FD4B46FA215843F530FF30890002F0D0
:1026C0002FFDA5239B009C4660448045C4D95346FA
:1026D000002B03D143461B1A984651E7544652E754
:1026E0006B46512130009A1DFEF7CCF88246C8E7B0
:1026F000CAF4FFFF4E020000B2020000DAFDFFFF45
:10270000F0B5CE46474680B5674B85B002AD0B604D
:102710000E0029000700FEF719FD041E0DD16A788E
:102720002B781343AA7813430DD1EB78002B5AD1A1
:102730002B79002B69D13368FB60200005B0C0BC49
:10274000B946B046F0BD01AB187098466B46002103
:102750003800DA1CFEF736FB002801D00400ECE755
:10276000424646213800FEF769F86B46FA21DA78CE
:10277000814653019B1A5B019B181801C01A000285
:10278000F5308900FF3002F0CBFC4346FA211B787C
:10279000890001335843F530FF3002F0C1FC4B464D
:1027A000002B77D12B78002B05D0404A3368944614
:1027B00063441B183360AB78002B0AD16B78002B75
:1027C000B3D0A52292009446336863441B1833604B
:1027D000ABE7374B9C463368604440001B183360BE
:1027E000EB78002BA4D06A460023002193803800A8
:1027F0000332FEF7E7FA002818D0A522920094468B
:10280000336804006344336097E701AA0421380069
:10281000FFF7AEFD274A019B9446326863449B183C
:102820003360002800D187E7040086E76B4600216B
:102830003800DA1CFEF7C6FA814600282CD06B4619
:102840009A881B79120A934001331B041B0C98468B
:102850006B46FA21DA78890053019B1A5B019B18B9
:102860001801C01A0002F530FF3002F059FC43464F
:10287000FA215843F530FF30890002F051FCA522BF
:1028800092009446336863441B1833604B46002B18
:1028900000D14DE74C4650E75121380001AAFDF721
:1028A000F1FF8146CBE7C046360B00004E02000028
:1028B000B202000026020000F0B5C64600B50D7851
:1028C00007000E0082B0002D1ED00024631CFF2DD7
:1028D00007D0042D1AD90420404202B080BCB8466B
:1028E000F0BDF35CA21C022B43D024D8002B32D0C5
:1028F000B25C3319DB7812029B18B1225200043407
:10290000BB52355D002DE1D10020E6E7F35C0234D7
:1029100098462A00311901A803F096FA64192B0091
:102920004146380001AAFDF703FF355D002DD4D0E4
:102930000028CBD0D1E7032BCDD1B25C3319DB78A3
:1029400012029B18B42252000434BB52355D002D94
:10295000BCD10020C1E7B25C3319DB7812029B18AE
:10296000B02252000434BB52355D002DAED10020A0
:10297000B3E7B25C3319DB7812029B18B222520023
:102980000434BB52355D002DA0D10020A5E7C04620
:10299000F0B5C64600B5ACB00EAD0C00290017006E
:1029A000FEF71EF8EB6B0600A34207D3AB6D3000B9
:1029B0001B0C3B602CB080BCB846F0BD6B6DA342D5
:1029C00030D9382268461DA903F03EFA019B9C428B
:1029D0002CD9029B9C422BD9039B9C4224D9049B5B
:1029E0009C4227D9059AA242924152420532930055
:1029F000EB18996B9300EB18DB6B98469300EB1880
:102A00005B6D4145D3D09200AD18AD6D581B434668
:102A1000591A090A02F084FB43461B1B1B0A434355
:102A20005B19C4E72B6FC2E70322E0E70122DEE770
:102A30000222DCE70422DAE7F0B55746DE464E46CE
:102A40004546E0B50B6989B09A4606AB8946CC6825
:102A5000D91D07009346FEF799FB002804D106AB69
:102A6000DB79002B00D085E106AB3800D91DFEF7DD
:102A70008DFB8046002834D1802212029446002229
:102A800063011B1B9B001B19DB0063441B0C0093A1
:102A900006ABDB790192002B11D04B469A8ABB69B9
:102AA000534380331B0A5A01D21A9200D318DB0019
:102AB0001A000193C8239B039A4200D970E1862330
:102AC0005B00FA5C1300083B591E8B4102330293F2
:102AD000009B002B0DD1B54B5A461360B622520015
:102AE000BB50404609B0F0BCBB46B246A946A04622
:102AF000F0BD84235B00FB588034039353019B1A81
:102B00005B019B181A01D31A1B021A0088235B0071
:102B1000F958F5324D018C4605916D1AFA21FF32B4
:102B200004920433FA5CC90053019B1A5B019B18A1
:102B30001E01F61A3602F536FF363000AD00654448
:102B400002F0EEFAFA21ED002D188900300002F0B3
:102B5000E7FA0100280002F0E3FA039BFA219C4601
:102B60005D01ED1A0600C9000498AD00654402F04D
:102B7000D7FAFA21ED002D188900049802F0D0FA56
:102B80000100280002F0CCFAFA21029B36187343A8
:102B9000D802F5308900FF3002F0C2FAFA21844BE6
:102BA00089005843F530FF3002F0BAFA5346240A40
:102BB00044435801C01A80005044C000000C0099E2
:102BC000000402F0ADFA7B4B8034984200D9DDE07E
:102BD00083001B181D01ED1AED00240A00D1D3E07B
:102BE00063001B199B0080241A00E405A408A3427B
:102BF000FCD30026A3197608934201D8D21A3619BD
:102C0000A408F7D14B461B7E7600002B00D0B9E01C
:102C1000FA2252009246009B67481B049A444B4696
:102C20001B896649584302F07BFA019B8146FA21D1
:102C3000580053468900181A02F072FAFA2103026A
:102C400089005046009302F06BFA0100009802F0F0
:102C500067FA80234A4600025B021B1A5A4313009C
:102C6000802212029A1880231B029C46520C624456
:102C70005243920B93009B189A009A185201624497
:102C8000120C524380231B02EB1880251B0C5B4364
:102C90009B18ED05AB4202D2AD08AB42FCD32A191A
:102CA00064089A4201D89B1A6419AD08F7D1200430
:102CB0006421323002F034FA310002F031FA404B34
:102CC0005843404B9C46404B604498426AD83F4929
:102CD00002F026FA40430400059BFA219C46039E1D
:102CE000C9006644F536FF36300002F019FAC823F1
:102CF0005B039946FA2181448900300002F010FA02
:102D00000100484602F00CFA8023DB059B0898423C
:102D1000FCD3002B11D0002299185208814201D80F
:102D2000401AD2189B08F7D1FA211002F530FF3073
:102D3000890002F0F5F9404324188023DB059C420A
:102D400005D29B08A342FCD8002B00D1C4E6EA18A8
:102D50006D08A24201D8A41AED189B08F7D16B01A7
:102D60005B1B9B00114A5B19DB00934200D8B3E662
:102D70001300B1E64B469A8ABB69534380331B0A62
:102D8000E41871E6124A7DE7013429E71800830050
:102D90001B181D01ED1AED00240A00D020E7F3E70F
:102DA00001938CE6E124240696E7C046AE878F02A5
:102DB00077060000666666009A9906005C120000BD
:102DC000B50B0000881300000F279F241027000078
:102DD00000C40900F0B557464E464546DE46E0B50C
:102DE0008BB0984602AB9E1D0023019204AF02AA4D
:102DF000D3715372538133703B7009934906954BDD
:102E00000D0FEB4001221A40009200213200040015
:102E1000FEF70CFA33789A46002B5DD000283AD0A2
:102E20003B78002B61D100239A469B4600239946AC
:102E300002AB01212000DA1DFEF7F8F9002823D1AA
:102E400033785A42534152461A4313002622A35460
:102E50000123042D04D002ABDB795A425341DBB28B
:102E60002722A3543B7800205A4253415A461A4322
:102E700013002822A35402AB5B7A5A4253414A46BC
:102E80001A4313002922A3540BB0F0BCBB46B24630
:102E9000A946A046F0BD2000149905AAFFF7CCFD75
:102EA0000028BDD1149B2000196909AAFFF770FD05
:102EB0000028B5D1099B149A00215381200006AA4D
:102EC000FEF7C0F90022069B9246002B04D0059A1B
:102ED00093429B415B429A4600280FD03B78002BDF
:102EE00009D000239B469946A2E700239A46002377
:102EF0009B4699469CE700239B4697E73A000221B0
:102F00002000FEF793F93B789B46002B3CD000282D
:102F1000E7D10221200007AAFEF794F900280DD07E
:102F2000BA2202AB5B8952005B02A350079A002AC7
:102F3000E1D09A42924153429B4677E70122FF211A
:102F40002000FDF749FC0028EAD102AA94460A2392
:102F500063441A00B6212000FDF794FC0028DFD15D
:102F60000022FF212000FDF737FCBA22002102AB2E
:102F70005B8952005B02A350079A8B46002A03D05C
:102F80009A42924153429B46002800D04EE702AA43
:102F90009446092363441A0003212000FEF746F9F2
:102FA00002AA527A9146002A16D0002800D03DE7A6
:102FB00043468146002B05D0019B4146180202F092
:102FC000AFF881460321200008AAFEF73BF9089BD1
:102FD00099459B415B429946002800D028E7009B19
:102FE000012B23D00A2D18D81B4AAB00D3589F467B
:102FF0000523159A0121137002AB2000DA1DFEF79C
:1030000015F9002800D03FE733785A425341524621
:103010001A4313002622A3541DE75B46012B09D156
:103020000323159A137003E70423E2E7159AFE338E
:103030001370FDE6042D09D04B46012B06D05346F4
:10304000CB46012BD5D0D346D146D2E70223159AE1
:103050001370EDE6A1F00000F0AD0010F0B557469A
:103060004546DE464E46E0B587B01700119A0293FA
:103070000500129B002A00D172E000220192043266
:1030800090460432914608329246039500910724F7
:10309000109BDD081C402F2B00D9A3E040239B464A
:1030A0003E3B2A009C462900BB5C914200D182E055
:1030B0000120184233D16046184200D08CE0022033
:1030C000002546461E422BD1E81C052D18D04E4641
:1030D0001E4225D1281D042D12D056461E421FD156
:1030E000681D032D0CD020261E4219D1A81D022DCB
:1030F00006D05E461E4213D1012D01D0002B6DD1AA
:103100000132062AD0D1129B109A1A603220404216
:1031100007B0F0BCBB46B246A946A046F0BD0020B1
:10312000D20012181000B430304B80098000C35810
:103130000099581E83418B42E5D107240123144096
:10314000A3400299D0080C5C23430B54531C1093EA
:10315000019B119A01330193934298D1039D129BD5
:10316000109AB0211A6028000623029AFDF7E0FAAF
:103170000028CDD104AC06232200B0212800FDF7A1
:10318000FFFA029923780A789A42BFD14A78637885
:103190009A42BBD18A78A3789A42B7D1CA78E378A9
:1031A0009A42B3D10A7923799A42AFD14A796379A5
:1031B0009A42ADD0AAE7234101251800DBB228428C
:1031C0000ED1601C072C9BD065461D42A8D1A01CC7
:1031D000062C95D0250074E70120A1E707209FE782
:1031E00020009DE71A00129B1A608FE790120020C2
:1031F000F0B54646D6464F46C0B504000D00160051
:1032000088B0002942D00021FDF7E6FB002805D058
:1032100008B0E0BCBA46B146A846F0BD6B460021F6
:103220002000DA1CFDF762FF0028F1D10022002106
:103230002000FDF7CBFD0028EAD100220321200069
:10324000FDF7A8FF0028E3D1002399469A4601AB79
:10325000322798460EE043461B7E002B07D143469B
:103260001B8953449BB29A4601239C46E144013F8B
:10327000002F0ED041462000FEF7E6F90028EAD0E4
:103280004B46002BC4D106204042C1E704204042F7
:10329000BEE74B46002BF6D080231B029C465346CC
:1032A00049461804654401F03BFF80231B02C31804
:1032B0002D0C1B0CED1A6901491B89004919C90025
:1032C00031602000E161FDF787FB0028A0D16B464B
:1032D000DB78002B9CD0012200212000FDF776FD39
:1032E00096E7C0460F4B70B505000C00994205DC0F
:1032F0000D4B994208DA8022120100E00B4A2800A7
:103300002821FDF781FA70BDFA21200001F0E0FECE
:10331000002C01DB82B2F2E780235B01C21892B27B
:10332000EDE7C04618CC07000030F8FFFC070000AE
:1033300010B582B06B460C009A1D2821FDF7A2FA49
:1033400000280BD16B46DA8813051B0D120507D533
:10335000054A9446FA2263445343236002B010BDE9
:10336000FA2253432360F9E700F0FFFFF0B5AE25E2
:103370000F0089B06D00C02201210400465DFDF7F9
:103380002BFA002801D009B0F0BD200001A9FEF7FA
:103390005BF90028F7D10122FF212000FDF71CFA7C
:1033A0000028F0D13A00B6212000FDF76BFA002882
:1033B000E9D10022FF212000FDF70EFA0028E2D11A
:1033C000320001212000FDF707FA0028DBD1665505
:1033D000D9E7C046F0B50E00150087B00122FF21E5
:1033E0000400FDF7F9F9002835D0A82100222300B8
:1033F00049006250513304316252FF330021002DE5
:1034000011D022488268002A0DD10027511C002FBC
:1034100009D12C2907D0B6329209920087580A00A8
:10342000511C002FF5D005AA0292220057320091BC
:10343000200029000196FF32FFF710FE002808D176
:1034400042230122FF33E2544023FF33E654013389
:10345000E55407B0F0BD00224F212000FDF7BCF974
:103460000028C2D12C224E212000FDF7B5F90028FA
:10347000BBD10022FF212000FDF7AEF90028B4D116
:10348000B422B6212000FDF7A7F9AEE79012002084
:10349000F0B5DE4657464E464546E0B583B0984601
:1034A0000EAB1B780E009B460FAB1B78FF219A4694
:1034B0006B46DF1D0023914601223B700500FDF79E
:1034C0008BF90022040000212800FDF785F9002275
:1034D0000443FF212800FDF77FF964B204435B46F3
:1034E00064B2002E25D0002B31D15346002B38D1A9
:1034F0000122FF212800FDF76FF90122002104437A
:103500002800FDF769F964B20022FF210443280076
:10351000FDF762F910223B7864B2934320430D9A81
:1035200040B2137003B0F0BCBB46B246A946A046F9
:10353000F0BD002B1DD15346002BD9D0434680222D
:10354000EE212800FDF7F4F9044364B2D0E7CB2163
:1035500028000C9AFDF772F95346044364B2002B1D
:10356000C6D03A00EE212800FDF768F9044364B2A2
:10357000BEE74A46CB212800FDF72EF95346044307
:1035800064B2002BB4D0D9E7F0B54746CE4680B53B
:103590001F00AE235B00C35C87B0994600266B46D4
:1035A0008846150001210122DE750400FDF714F99B
:1035B000002806D043461E7007B0C0BCB946B046CE
:1035C000F0BD412200212000FDF706F9002803D0BC
:1035D000002342461370EFE72000FEF781F9002830
:1035E000F6D100212000FEF777F80028F0D1002264
:1035F00000212000FDF7F0F80028E9D1012F33D099
:1036000042461070022201212000FDF7E5F8002853
:1036100002D000232B70CFE7012200212000FDF70C
:10362000DBF80028F5D12000FEF75AF90028F0D188
:1036300000212000FEF750F80028EAD100220021E6
:103640002000FDF7C9F80028E3D1012F1CD0287015
:103650004A4601212000FDF7BFF80028ACD1AE2377
:103660004A465B00E254A7E717236B4401934346A5
:103670000390009300220023012120000297FFF70E
:1036800007FF0028BED097E717236B4402900093F2
:10369000002200230121200003970195FFF7F8FE87
:1036A0000028D5D088E7C046F0B54546DE465746E7
:1036B0004E460023E0B58FB0170006AA137453746A
:1036C000B4220B935200825A0E009046A822520058
:1036D000835004328352543AFF21FF3A0500FDF72C
:1036E0007BF8041E07D020000FB0F0BCBB46B246EA
:1036F000A946A046F0BD00224F212800FDF76CF836
:10370000041EF0D12C224E212800FDF765F8041E7E
:10371000E9D10022FF212800FDF75EF8041EE2D166
:10372000B422B6212800FDF757F8041EDBD1002291
:1037300080212800FDF750F8041ED4D106A98C463C
:1037400011220023280062440AA9FFF71DFF041E6E
:10375000C9D1A8235B009C46AC4463460493AB23C9
:103760005B009946543BFF3B9C4605339B464346D2
:10377000A944069363460020BC46B2464F460593D3
:1037800007950723C5081840062D33D00223984615
:103790000233290099462A007B5C914200D1ACE0BB
:1037A00001241C4229D144461C4200D0C2E04C46B0
:1037B0001C4200D0BCE0002503245E461E421DD101
:1037C0002C1D042D13D010261E4217D16C1D032D65
:1037D0000DD010361E4211D1AC1D022D07D020365F
:1037E0001E420BD1012D02D0002B00D0A4E00131EC
:1037F0000629D1D13224644275E70024C80000199B
:103800000300B433C9499B099B00CB58002BF1D16D
:10381000072501230540AB40049AC408155D01301B
:103820002B431355059B013B0593002BA9D1069B08
:10383000079D05900B909846564606238A46280019
:10384000B021B9466746FCF773FF041E00D04AE773
:1038500006230CAAB0212800FCF792FF06AB1A7EC3
:10386000A8235B00EB5C04009A42C3D106AB5A7EEE
:103870005223FF33EB5C9A42BCD106AB9A7EA9235C
:103880005B00EB5C9A42B5D106ABDA7E5423FF3382
:10389000EB5C9A42AED106AB1A7FAA235B00EB5CCD
:1038A0009A42A7D15623FF33EA5C06AB5B7F9A426C
:1038B000A0D1002800D016E706AA9446122363443C
:1038C00019002800FFF752FD041E00D00BE706ABDD
:1038D0005B8A434546D9A82352465B00E8500599C8
:1038E0000433E8520B00B4339B099B00D358002BE0
:1038F00026D12B2924D80131F4E7034101251C00EE
:10390000DBB22C421AD1441C072800D16FE7454690
:103910001D4200D072E7841C062800D167E75D07CE
:1039200000D56BE7C41C052800D160E7050044E71B
:10393000022463E7012461E707245FE704005DE7F1
:103940000BAB0293032392469B46019300914A4698
:1039500001212800049BFFF781FB002800D1E7E04C
:103960000400C0E600220692984500D8D5E06A46D9
:10397000127E089242469B1ADA179B18534009930D
:1039800003230793062204990CA802F05DFA059B15
:10399000DA08934607221A4094462F2B00D929E7CC
:1039A0005B4622001C006346944605934A46115D1F
:1039B000A3456BD001220A427AD101320A427BD15F
:1039C000002004230B4223D1C21C052819D0043344
:1039D0000B421DD1021D042813D008330B4217D10E
:1039E000421D03280DD010330B4211D1821D022835
:1039F00007D020330B420BD1012802D0002900D080
:103A00008FE00134062CD1D13220404204006AE616
:103A100023006446DB009B181A005146B432920919
:103A200092008A58511E8A4106998A4261D1079AAA
:103A30000720013293460122184082400498D90899
:103A4000405C01330243049805934254062302006C
:103A5000B0212800FCF76CFE002881D106AA1223B1
:103A60009446634419002800FFF780FC002800D02A
:103A700076E706AB5A8A4346D31AD9175B184B40F0
:103A8000424523D85A46099307927BE70A00059BD3
:103A900001201A41D1B2024212D15A1C072BB0D0D8
:103AA00002200842B4D19A1C062BAAD0180088E73D
:103AB000230000226446ADE7230001226446A9E703
:103AC00062469C46230014006246A3E7099A9A4284
:103AD00012D35B463360089B01223B704223FF33C5
:103AE000EA5440233268FF33EA543A780133EA5407
:103AF000F9E5079B9B46ECE70623B0210CAA2800BA
:103B0000FCF716FE8046062204980CA902F09CF9E8
:103B10004346002BEDD04446E5E500239B46089341
:103B2000D7E723000722644674E7C04690120020BE
:103B30000B9B06AA944605931223634419002800A0
:103B4000FFF714FC002800D00AE706AB5B8A434568
:103B500002D80122069207E701230893B9E7C0467D
:103B6000094A83009A1810B51468402254408032E4
:103B70002240064CC000A44663441A60044B9C4695
:103B80006044416010BDC04604C0014004D0014003
:103B900000400140074B8000C3181B68C900920019
:103BA0000A435A400C231340034A9446604403607E
:103BB0007047C04604C0014004D001400123D02218
:103BC0008340120693629361094A83009A18116830
:103BD0004022514080320A400649C0008C4663446E
:103BE0001A60054B9C460523604443607047C046FD
:103BF00004C0014004D00140004001408023DB05A7
:103C00001868000F7047C0460FB400B5084883B06D
:103C100003F06CFF049B002B07D005A9180001914D
:103C200003F07AFD034803F061FF012003F08CFDEF
:103C3000FCAB00100CAC001070B5EFF3108C72B63A
:103C40000D4D2B68002BFCD0BFF35F8F0724CB08F2
:103C5000C618C05C01230C40A3401C000440034272
:103C600007D118433070BFF35F8F2C608CF310883E
:103C700070BD1000FFF7C8FF2C0100D0F8B5474613
:103C8000CE46884680B5EFF3108C72B61C4D2C687A
:103C9000002CFCD0BFF35F8F9A4222D80721012667
:103CA000894602E00132934218D34D463700154051
:103CB000AF40D4080119045D2742F3D110003C4302
:103CC0000C70BFF35F8F00220D4B1A608CF31088CD
:103CD00000280EDBC0BCB946B046F8BD012040420A
:103CE000EFE7BFF35F8F00232B608CF31088012078
:103CF00040424346002BEDD00898FFF785FFC046B1
:103D00002C0100D0044A1078431CDBB2172B00D9D9
:103D1000102313707047C046A012002010B5064B48
:103D2000064C82B00100009318221F232000FFF7E9
:103D3000A5FF02B010BDC04610AC0010A01D0020B1
:103D40000021044B044ABFF35F8F02C39342FAD1B0
:103D50007047C046000100D0800100D0054B064AE4
:103D60001360064A136053609360D360136153611C
:103D7000936170478080808000E400E004E400E00C
:103D80001F2318401E3B8340002905D0C021044A50
:103D90004900535013607047802201498B50FAE765
:103DA00000E100E001228240034B1B6813405A1ED1
:103DB0009341D8B27047C04600E100E00123834040
:103DC000014A13607047C04600E200E0064B103025
:103DD0009B688000C358054A00209B1A2F229A42F4
:103DE0004041C0B27047C04600ED00E0A412002080
:103DF00070B50D00EFF3108672B60F4A1368002BF2
:103E0000FCD0BFF35F8F0D4B10309B6884001B59B3
:103E10000B4A934203D09D4201D001F02FF8074B8B
:103E20009B681D51BFF35F8FBFF35F8F0022024B72
:103E30001A6086F3108870BD240100D000ED00E008
:103E4000C1010010F0B557464E46DE464546E0B586
:103E500085B0060000911700EFF3108B72B66A4A26
:103E60001368002BFCD0BFF35F8F0025674B5D57B5
:103E70009A46002D00DAA9E06B00654C01935B19AE
:103E80009B009846A146C1444B4652469B7910364A
:103E90001370604BB6009B6899590B1B2F2B33D9BD
:103EA0005D4B994200D0ACE0019B42469C465B4B87
:103EB0006544AD0063535A4B0232A218043B9B1A6F
:103EC0001B05584A5B0D651913436B80564B012146
:103ED000AB80FF23AB71009BEF71AB604B460B4394
:103EE00019004C4B9B689951BFF35F8FBFF35F8FF5
:103EF0000022454B1A608BF3108805B0F0BCBB461E
:103F0000B246A946A046F0BD01200A008243D379FB
:103F10008C46BB4231D84546130044491B1B5B41CC
:103F20005943090D3D4B63533D4B02356519043B25
:103F30005B1B1B053B4D5B0D2B43AA464D466B801F
:103F40000425AC465546E044131F44441B1B1B0587
:103F50005B0D1D434B46997100999D8099604946C0
:103F6000DF71334B01431360BBE75800C01880007A
:103F70002018C179B9422FD902000623D356002B4D
:103F8000F3DA02932B4B61460393131D9A460423E5
:103F90005B429C46E14450464B461B1A1B055B0D99
:103FA0009C46204B95719846634640460343938058
:103FB000019B5A199200039BA418A380029B1C4AE0
:103FC000A371009B2260E771A3608AE700F056FFAF
:103FD000002553465D574FE7908802934005131D17
:103FE0009A46031561469C464046D44463460430D5
:103FF0002018181AE0230005400D1B0218430390F7
:10400000C5E700F03BFF4FE7240100D0F423002078
:10401000A412002000ED00E0C101001000A1FFFF8C
:10402000D412002000E0FFFF01BDFFFFAAAA00009C
:104030000148804701BD000070B501240443EFF33F
:104040000581EFF3108C72B6214A1368002BFCD067
:10405000BFF35F8F1F4B05001F4AED1A6D416A4386
:10406000120D1E4D8900AE6852B27658A6421CD081
:104070000621595691421CD012215956914222D004
:104080001E215956914220D02A215956032491428B
:1040900010D0134B19781A708171BFF35F8F002213
:1040A0000B4B1A608CF3108870BDAB680D4C5C50E4
:1040B000EFE700246100091989005B18FF2199715D
:1040C00009499980E5E70124F4E70224F2E7C046B4
:1040D000240100D0A4120020AAAA000000ED00E0F4
:1040E000F4230020C101001001BDFFFF10B5084BF3
:1040F000084C82B001000093002205232000FFF746
:10410000BDFD002801DB1F23181A02B010BDC046F8
:104110002CAC0010F8230020024B9C46614489001F
:10412000016070474000003470B5114C114DAC4235
:104130000FD2FF262368002B0CD0FFF7E3FD010010
:104140002000FFF7E9FFA680BFF35F8F0834AC4281
:10415000F0D370BDFFF7D6FD01002000FFF7DCFFB4
:104160002671BFF35F8F0834AC42E3D3F1E7C0465A
:10417000701300207813002010B50400FFF7C2FD73
:1041800001002000FFF7C8FFFF232371BFF35F8FFB
:1041900010BDC04610B504000120FFF7BFFD034B62
:1041A000C3189B002360BFF35F8F10BD4000003435
:1041B000034B9C46614489000160BFF35F8F7047E9
:1041C000400000340A4B1968EFF3108072B60A6899
:1041D000002AFCD0BFF35F8F1B68BFF35F8F002204
:1041E0001A6080F3108840BF002000217047C0464D
:1041F0004C220020F0B5DE4657464E464546E0B517
:1042000087B0EFF30583032201251A409540910002
:104210008846A946B14B03925C58B14B1D60B14B27
:1042200004934B46B04843630823E55E002D37DA1C
:10423000A3881BB2002B00DBADE0A379002B00D0DC
:10424000EEE00823E15E002920DB4B0062695B1889
:10425000DB00D3189E68DD68731C00D10DE1A24815
:1042600001004144826A0B69B71A9B1A9F4215D319
:104270000123026A039883401A420FD09A4800F043
:10428000B1FB8D4202DCCCD18642CAD940BF07B017
:10429000F0BCBB46B246A946A046F0BD0E61EDE7B4
:1042A00062696B0092465B19DB009A4453469E6834
:1042B000DF6800F097FB8F42BADC00D1FFE0002FEF
:1042C00000DAE4E05246534652691B699346049A69
:1042D000934200D1D5E052460821605E5288000426
:1042E000594610439847009001910099019A0B009C
:1042F0001000134300D1CAE013000A00B61A9F4110
:10430000002806DB784800F06DFB009E019F361800
:104310004F4153469E60DF6000229A5E002A00DA19
:1043200086E7530099186069C900411802938B68A9
:10433000C9689B46B94200DD7AE702D1B34200D991
:1043400076E708239C46A444059565462281A44649
:10435000029B2C0006E053009918C90041188D6893
:10436000C968AB469B18DB00C318B94206DC00D114
:10437000AFE01C000023E25E002AECDA2300644672
:104380009C4653461A806346059D1D80A3881BB238
:10439000002B00DA51E72269EFF3108172B613683F
:1043A000002BFCD0BFF35F8F0123A7885B42A38063
:1043B0003FB22369BFF35F8F00221A6081F3108838
:1043C000002F00DA39E72300083322009A46666995
:1043D0007B00DB19DB00F318996850468C460824F3
:1043E000115FDD68002910DB029306E0AB4240D08C
:1043F0000023E15E2000002906DB4C006418E40085
:104400003419E368AB42F1DD029B078000201F5E98
:104410001980002FDCDA1400A379002B00D110E7FB
:104420000023A37126000823E15E08364B1C00D14F
:104430002CE7B446656903E084464B1C00D100E7D5
:104440004B005B18DB00E8180A00E95E43881BB2EA
:10445000002BF1DA01267642F7178660C76008263E
:10446000A35F9342E9D063461980238903802281A8
:10447000E3E7A3686345BBD9C6E76B1C00D0EEE653
:10448000FCE65B4658461B69984700281BD15346FB
:104490001B8822692381EFF3108372B6116800290B
:1044A000FCD0BFF35F8F514662880A802269658025
:1044B000BFF35F8F0021116083F31088B8E6864256
:1044C00000D8FCE6B4E65B461A685B68009201938C
:1044D0000BE7B34500D84CE750E7C0463022002038
:1044E0003C700540F54100100040054070B52E4C71
:1044F0002569002D04D00A212C48FFF70DFE70BD60
:104500002B4E0321300000F063FAE660FFF7FAFB60
:10451000284B03229C46D02322701B061B680121D6
:104520006370254B6044A3600F238000206102204C
:10453000638063694942A18019800231198647313D
:104540001D83585218315A5275325C3999521832BB
:104550000131995218320131995218320131995270
:10456000083518329D5202311832995218320131F1
:104570009952183201319952183201319952183238
:10458000013199521832013199520C4B0C49DC60BF
:1045900001303562FFF72CFC01210320FFF7F0FB0F
:1045A000084B1D60A7E7C046EC1200204C220020FB
:1045B0000040054040000034FFFF10003022002082
:1045C000F54100103860054000487047EC120020AB
:1045D000F8B51F0008AB1B7804001600002B08D1AB
:1045E00000F008FA32003B00121A8B41002B00DA6F
:1045F00052E02269EFF3108072B61368002BFCD0F2
:10460000BFF35F8F0223E15E63694A005218D20054
:104610009B182269002936DB1D886580BFF35F8FF8
:104620000025156080F31088069A9E60DF601A618D
:10463000079A5A615A8801325204520C101C002AFF
:104640001FD082B25880080410432669EFF3108708
:1046500072B63268002AFCD0BFF35F8FA2881A803E
:10466000A1802369BFF35F8F00221A6087F310884F
:104670000A4923788C4601329A40E36863441A6001
:10468000F8BD0120DDE7BFF35F8F0023136080F3E7
:10469000108801204042F3E70020F1E73C200000B1
:1046A00070B501000469EFF3108C72B62068002821
:1046B000FCD0BFF35F8F02200D5E4C69680040198B
:1046C000C00024180869002D36DB26884E80BFF311
:1046D0005F8F002606608CF31088E360638804987F
:1046E000013320615B0405985B0CA26060611A1CB9
:1046F000002B1FD093B22804628018430A69EFF39D
:10470000108C72B61368002BFCD0BFF35F8F8B88C0
:1047100023808D800B69BFF35F8F00221A608CF3BA
:1047200010880B7801329A40CB6808498C46634464
:104730001A6070BD0122DDE7BFF35F8F00230360C5
:104740008CF3108801204042F3E7C0463C20000073
:1047500010B543890A1493421ADD53009B1842692D
:10476000DB00D3180469EFF3108C72B62268002ABC
:10477000FCD0BFF35F8F5A88090494B2090C8A42B7
:1047800008D00369BFF35F8F00221A608CF3108892
:10479000002010BD8022120214435C8001230269B4
:1047A0008371BFF35F8F002111608CF3108804497F
:1047B00002788C469340C268012062441360E8E7A7
:1047C0003C20000040787047F0B5C64600B582B086
:1047D000040000F00FF9FA2206000F002000002369
:1047E0000021920001F0C0FA8019794104000D1EE9
:1047F00002DA01242E4D644206267642F717361956
:104800006F41AF4214D811D000F0F4F832003B00F1
:10481000121A8B41002B15DC002B46D020002900FA
:1048200000F026F902B080BCB846F0BDA642EBD934
:104830000026002700F0DEF832003B00121A8B4100
:10484000002BE9DD00F0D6F832003B00121A8B4154
:10485000002B0ADB00230193164B3200009316480D
:104860003B00FFF71DFF0130D8D000233900B046D0
:104870009C46124A1248536A994204D8966A4645A1
:10488000CCD29942CAD10668EFF3108772B633686A
:10489000002BFCD0BFF35F8F0368BFF35F8F6646CA
:1048A0001E6087F3108820BFE5E7002AB6D0C9E76D
:1048B000FFFFFF7FC5410010EC12002000400540C3
:1048C0004C220020F0B557464E46DE464546E0B540
:1048D00006000F0085B0EFF3058399468B46002B49
:1048E00012D0384900204B6ABB4206D38A6ADB1BD0
:1048F000591E8B41B2424041184305B0F0BCBB4643
:10490000B246A946A046F0BD2F4B9A46DB689846B2
:1049100053461B784046039300F064F84246039BDD
:10492000040004339B009B580D001B1A3900300013
:10493000001BA941894510DC0DD020BF214A002071
:10494000536A5B45D9D3926ADB1B591E8B41B24235
:1049500040411843D1E78342EFD900F04BF83200D1
:104960003B00121A8B41002B1ADB00230193174BDB
:104970003200009350463B00FFF792FE011E0FDD10
:10498000104B5A6A5A451BD39B6AB34216D3504602
:10499000FFF7DEFE0B4A0020536A5B45ADD3D2E73A
:1049A000084A0020536A5B45A7D30020926ADB1BAC
:1049B000B24240415A1E934118439EE75A45E6D100
:1049C00020BFE4E700400540EC120020C541001084
:1049D00010B5024A0248FFF72FF910BD48AC00108D
:1049E000A41D00200300416A0A00986A596A8A429D
:1049F000FAD17047034B596A0A00986A596A914282
:104A0000FAD170470040054070B504000D00174A08
:104A1000536A1900966A536A8B42FAD13000190022
:104A200024184D41AB4216D813D0104B2A005B6AB4
:104A30009D4203D90D494B6A9342FCD3934207D15F
:104A40000A4A02E0516A994202D1916AA142F9D31D
:104A500070BDA642E9D9054B5B6A1C005A1CEFD019
:104A6000012201246442E5175242E3E70040054079
:104A7000064A536A9942FCD807D1044B02E05A6AAD
:104A8000914202D19A6A9042F9D87047004005409D
:104A9000F8B5DE464E4657464546E0B58B4605001E
:104AA0000A991800160000F03BFB0A9B6C001F02DD
:104AB000324B64199C46A4006444636881469F425B
:104AC00000D967602B1FDBB29846012B30D9C02379
:104AD00080229B01E31812011A60294BAD0059593D
:104AE0009A4600291BD17301E026226853401E40DC
:104AF000802342465B01E3181E60012A30D98023DF
:104B000080229B01E31812011A6053464A466760EF
:104B10005A51F0BCBB46B246A946A046F8BD5869FA
:104B200000F0FEFA013043001B18033BFDD2DAE728
:104B30005B46012BCBD1C02303229B01E3181A60F3
:104B4000023AA3681A42FCD07301E0262268AD0045
:104B500053401E4080230A4A5B019246E3181E60C0
:104B60005A462168514003220A401A6001225B46DE
:104B70009A40A3681A42FCD0C1E7C04600800040BA
:104B8000A81D0020F0B546464F46D646C0B51F00CA
:104B9000344B44009C462418A4006444636888464F
:104BA0001600FF2B02D880235B006360031FDBB27B
:104BB0009A46012B30D9C02380229B01E3181201B1
:104BC0001A60294B85005959994600291BD1730158
:104BD000E026226853401E40802352465B01E318C2
:104BE0001E60012A30D9802380229B01E318120124
:104BF0001A6080235B0063604B465F51E0BCBA469D
:104C0000B146A846F0BD586900F08AFA0130430069
:104C10001B18033BFDD2DAE74346012BCBD1C0235F
:104C200003229B01E3181A60023AA3681A42FCD0DF
:104C30007301E0262268850053401E4080230A4A03
:104C40005B019146E3181E604246216851400322F1
:104C50000A401A60012342469340A2681342FCD0E6
:104C6000C1E7C04600800040A81D0020014B800025
:104C7000C0587047A81D0020F8B5040021481E0048
:104C800017000D0000F04CFA0100380000F048FA5F
:104C9000069B36041B031E432368002B20DB1A4BA4
:104CA0001A49E3185A1E93418022920194465B42AE
:104CB0001B0B174A1B0363441360164A13601F0043
:104CC0000A689743FBD1144B2560E2182123A060AA
:104CD00013602368002BFCDA0823E6601360F8BD3C
:104CE0003F2322681340AB42D9D1A3681B051B0D9B
:104CF0008342D4D1EE22E368D2021340B342CED134
:104D0000EDE7C046001BB7000040FDBF08C00040F3
:104D100000E0004000F000400430000010B58024A6
:104D20001C4BE4051C6000281AD001231A4C1843C0
:104D30001A4BDC611A4C44401C6259629862802113
:104D4000144BC9051960174817490860E021C904C8
:104D50001960002A07D18022144B12061A6010BD78
:104D60000E4BD861EBE753019B1A9B009A188023E6
:104D700012015B049A4209D213000D490B60074BE4
:104D80005A608022094BD2051A60E8E7094B1A00E5
:104D9000F3E7C04600B00540D3C007B0008005402F
:104DA0002D3FF84FFCFF01000820014000A0054006
:104DB00008220020FFFFFF008023024A9B000B43D4
:104DC000D362704700800540002310B50100988A27
:104DD0001B8B984710BDC046162310B501001888DC
:104DE00002331B88984710BDF8B54746CE4680B5BC
:104DF0000F1E18D014239946043304000025012601
:104E000098464B461888434621681B88984701C43A
:104E1000431E984101350640AF42F2D13000C0BC7C
:104E2000B946B046F8BD0126F8E7C046002370B584
:104E300004000D00988A05491B8B98470300002049
:104E4000002C01DB0130A0402900984755420000AA
:104E5000AA23064A1B0113608D235B00D36004491B
:104E6000044B19605368002BFCDA70470040024085
:104E700000B0FA00006002407047C04610B501481B
:104E8000FEF7C2FE6CAC001070B5074D074EB54280
:104E900009D20024013E761BB60808CD98472300AE
:104EA0000134B342F9D170BDA0A80010DCA80010F5
:104EB000054B064A06491A60064A074B1A6010005D
:104EC0000B689843FBD1704700E00040BFCDFBFE6C
:104ED00008C00040FE7F3C0000F00040044BDB6C4B
:104EE000002B03D18022034BD2021A607047C046C8
:104EF000000011504C201150044A054B1A60054A1D
:104F00001368DB018033FBD17047C046FFFFFF0110
:104F100000F0004008C000404022034B9A675A67E7
:104F20001A67DA667047C04600F0014010B5FEF718
:104F300007FF10BDF8B52749274C284D641AA61065
:104F40003200302E00D930222800920000F07CFF81
:104F5000BC2C3BD830202F232C196407204A801BFF
:104F6000E40F9B1B052B16D93700002C02D0B30091
:104F7000771CEA50001B33199B004108EB18C9004D
:104F8000C9181A605A6008339942FAD101230342C2
:104F90001CD09843C619B300EA50731C2F2E15D0AD
:104FA0009B00EA50B31C2E2E10D09B00EA50F31C3D
:104FB0002D2E0BD09B00EA50331D2C2E06D09B00CB
:104FC000EA50731D2B2E01D09B00EA50054B9D60CB
:104FD000F8BDC04600010010C00100100000002014
:104FE000C101001000ED00E0002310B5294C82B093
:104FF000A367FFF72DFF0122274B1A60636C012B7B
:10500000FCD10322254B1A60224A936B012BFCD161
:10501000013300930121224A22480433FFF72CFE7A
:10502000052301210093204A2048FFF725FE002296
:10503000022104201E4BFFF7A5FD002201210520BF
:105040001C4BFFF79FFD0022002107201A4BFFF7A2
:1050500099FD002200210820174BFFF793FD8023C4
:10506000DB000093002200210920134BFFF710FD05
:105070000022104B00210620FFF784FD0420FFF7DB
:10508000F5FD0E4900F04CF801000020FFF794FEFA
:1050900002B010BD008000403CB0004030B0004085
:1050A000002F685900800240008C864700C00240F3
:1050B000001BB70040597307006CDC0240420F0030
:1050C00001480421014B184710130020E94D00103E
:1050D000124A936F9B0815D29066D166002905D0BD
:1050E000FFE7FFE7FFE7516F106F704704B58021BE
:1050F0000906C2175140002800D0C84305F090FBB4
:10510000002104BDF0B5146E556E576F166FFFF792
:10511000E3FF1466556657671667F0BD000000D0C0
:10512000114A936F9B0813D210665166002905D06F
:10513000FFE7FFE7FFE7516F106F704704B50028E6
:1051400001D00020C04305F06BFB002104BDC04628
:10515000F0B5146E556E576F166FFFF7E5FF1466C6
:10516000556657671667F0BD000000D094464A4A5E
:10517000926F9208624601D228E0C046F0B5464ED2
:10518000346E756E776F366F00F020F89446424AA1
:1051900014665566576716676246F0BD94463E4AE8
:1051A000926F9208624601D254E0C046F0B53A4E82
:1051B000346E756E776F366F00F04CF89446364A51
:1051C00014665566576716676246F0BD002B24DBF0
:1051D00011D000293EDA00B5C943404200D1013167
:1051E00000F038F8C943404200D10131DB4352425C
:1051F00000D1013300BD002AEBD1002801D10029E4
:1052000005D00020C90FC90701D1C043410800B52E
:1052100005F0FEFA0022002300BD00B500290ADBDC
:10522000DB43524200D1013300F014F8C94340423D
:1052300000D1013100BDC943404200D10131DB43FF
:10524000524200D1013300F005F8DB43524200D155
:10525000013300BD002923D1002B18D1002A0CD026
:10526000BC460D4F38667A6600210023FFE7FFE752
:10527000FFE77A6F386F67467047002801D007480C
:10528000010000B505F0C4FA0022002300BD0200B1
:105290000B00002000217047000000D0FFFFFFFF3F
:1052A000002B00D0BFE0130C28D1002AE7D080B437
:1052B000114F39667A66FFE7FFE730B4040C7B6F65
:1052C000396F1B0423433B667A66FFE7FFE7FFE77E
:1052D000C04684B27B6F3D6F1B0423433B667A66F6
:1052E000FFE7FFE7C04600232C042D0C7A6F386FD0
:1052F00000196941B0BC7047000000D0F0B5944679
:105300000025140E01D112020835140F01D112012B
:105310000435940F01D192000235D40F01D152000F
:105320000135D40B0134254F7C66254C3C660E0CB0
:1053300093B2FFE7FFE7FFE73C6F6643360C770366
:10534000BE467343DF0B5B04C01AB941130C7343B1
:10535000DB18C91ACE086643360CB64493B27343C1
:105360001F0F1B01C01AB941130C73431F0B1B0500
:10537000C01AB941860D8F023E436643360C092D93
:1053800024DB520A7243801A7703460A6643360CBE
:1053900016235B1BDE40DF40BF1964466643821B59
:1053A0007046043506330100D940A840C01900D327
:1053B0000131A24206D20023F0BD0000000000D05F
:1053C000FFFFFFFF121B0130F3D3F1E709277F1B1B
:1053D000FE406446A2B27243801A00D20139220C08
:1053E0007243130C1204821A99410B007046043563
:1053F00013370100F940A840801900D30131002B78
:1054000002D1A2420AD2F0BD013000D30131121BF9
:10541000FAD2013BF8D1A24200D2F0BD013000D354
:105420000131121BF7E7F0B51C0C00D080E00CB482
:1054300000251C0A04D11B02160E33431202083544
:105440001C0B04D11B01160F3343120104359C0BB6
:1054500004D19B00960F334392000235DC0B02D13E
:1054600092185B4101351C00971864410134464F86
:105470007C66464C3C660E0CFFE7FFE7FFE7C04644
:105480003C6F6643360C7703BE4697B27743C01B2A
:1054900000D20139C01B00D201399FB27743C91B2A
:1054A000C91B170C77437E04FF0B801BB941CE0844
:1054B0006643360C0C2D33DBB644120B1F053A4302
:1054C0001B0B97B27743C01B00D201399FB27743C1
:1054D000C91B170C77433E043F0C801BB941860D56
:1054E0008F023E43664329277F1BFE400C3D7746D3
:1054F000AF40BF1930BCA2B2ABB272437343801A43
:105500009941220C7243130C1204801A9941020033
:105510000B000137001BA941F9D2781E0021F0BD14
:105520000C277F1BFE4077467F0BAF40FF19E0E75B
:1055300000245D1C07D0144F7D663966FFE7FFE746
:10554000FFE7FFE73C6F95B29EB265436643401BA1
:10555000B141150C1E0C6543664336042F0C3E43C7
:105560002D04401BB141994204D202000B002000DF
:105570000021F0BD01D19042F7D3801A9941013446
:105580009942F2D3F6E70000000000D0FFFFFFFFD2
:1055900048404140484018B41B4B5B68FC460193AF
:1055A00008BD04DF3B58001018B4174B1B68FC46BD
:1055B000019308BD00DF455800109446134A926FCE
:1055C000920809D2624618B40F4BDB68FC4601937F
:1055D00008BD0CDFFD5A00100C4AF0B5146E556E74
:1055E000576F166F6246FFF7EEFF084A146655665E
:1055F00057671667F0BD18B4034B9B68FC460193D0
:1056000008BD08DFA159001000150020000000D0DF
:10561000FFB550404240504059404B40594000E097
:10562000FFB5154F4C00640D03D0BC4204D10C03F0
:1056300014D80020090D09055C00640D03D0BC429C
:1056400004D11C030AD800221B0D1B0501264B4068
:1056500009D44B4003D58B4200D18242FFBD994211
:10566000FCD19042FFBD0B43DB1803431343F5D03D
:10567000C9434918FFBD0000FF07000000B5FFF750
:10568000CFFF804100BDC04600B5FFF7C9FF01D97B
:10569000002000BD012000BD00B5FFF7B9FF01D912
:1056A000002000BD012000BD00B5FFF7B1FF804123
:1056B00000BD012040054A00121804D85A001218F3
:1056C00001D8002070470120704700000021002809
:1056D00005D17047C1174840401AFAD0C90713B521
:1056E000064B1B6898470CBC441CA2401005120BCB
:1056F0000349091B09051943114310BD4822002025
:105700001F04000010B54C00620D8023D218DB008E
:10571000D21A5B057E2A10DD9E3A13DACC170903F4
:10572000490819435242D140640001341532202AFD
:1057300005DAD0400843604310BD002010BD084684
:10574000604310BDC80FC018013810BD18B4044B19
:105750005B6AFC46019308BD24DFAD5C00100000CD
:1057600000150020132370B51D78012D19D014DD0C
:105770001F48FFF731FB06001E48FFF72DFB1E4CAC
:1057800080223100200000F05FFB022D2DD01B484D
:10579000FFF71AFB1A4B186070BD1A4B164CA36426
:1057A000F5E7184B144C23606360A360E36023614A
:1057B0006361A361E36123626362A362E3622363C3
:1057C0006363A363E36323646364A364E3642365A3
:1057D0006365A365E36523666366A366E366236783
:1057E0006367A367E367A364D1E7064BA364CEE7CF
:1057F0005344000053460000001500204C330000C5
:10580000482200200958001007B5604601880A0A9E
:105810000230DF2AFAD1C9B2820804D30288408854
:105820000004104300E00068014A5050039007BD97
:10583000001500200FB403BC0CBCF0B50124E40734
:10584000634000E0F0B50C0DCF0F661E3605891BD6
:10585000640503D3C943404200D30131640D03D032
:10586000661CF60A07D0E41B00207F00791C89071C
:105870008912803C24031D0DDF0F6E1E36059B1B15
:105880006D0503D3DB43524200D301336D0D03D0CA
:105890006E1CF60A07D0ED1B00227F007B1C9B07C5
:1058A0009B12803D2D032F1B661B58D4A446202E2F
:1058B00046DA20371400BC401D00BD40F2403341A1
:1058C0002A4380185941CB0F05D0C943C043002259
:1058D00064425041514162464D0D28D10D0D07D112
:1058E00000281FD0241940414941013A0D0DF9D03B
:1058F000640006D3013000D30131002C01D14008EF
:105900004000013A0BD4941CE40A04D1120511445E
:10591000DB071944F0BDD907204B194300E0D90734
:105920000020F0BD0029DDD1002CDBD1F0BD01321B
:10593000C6074008CD0728434908002EE1D0D9E723
:105940003C2E29DA203E40371400BC4000D0012410
:10595000F24014431A00BB401C43D317ACE7AC46DB
:10596000202F08DA20360400B4400D00B540F8407E
:1059700039412843A5E73C2F0CDA203F403604008C
:10598000B44000D00124F84004430800B1400C4367
:10599000C117EAE710001900002494E70000F07F27
:1059A000F0B50C0D661E3605891BE60A6405640D0C
:1059B00002D0651CED0A04D0002001210905803CBD
:1059C0002403A4461C0D671E3F05DB1BE70A640584
:1059D000640D02D0651CED0A04D0002201231B05D2
:1059E000803C24037740644497B484B296B27443F5
:1059F000070C7E43150C6F4380B26843361802D300
:105A0000012000043F183004350C00197D41844604
:105A100088B29AB250430C0C62431F0C7C438EB286
:105A20007E43921902D301263604A4191604170CDA
:105A30003618674101BC81B29AB25143040C6243EB
:105A40001B0C5C4380B25843121802D3012000049F
:105A500024181004130C401863412D185E410020D7
:105A6000474106BC88B293B258430C0C6343120CF6
:105A7000544389B251435B1802D3012109046418CD
:105A800019041A0C091862416D185641002047414B
:105A900018BCF902720D1143F0026A0D1043ED02B9
:105AA0000A0D03D16D1940414941013B124E9B1B28
:105AB0007600B3420ED26D0007D30130002671414B
:105AC0006646354301D1400840001B05C918E4076C
:105AD0002144F0BD0BDA013306D1013004D101318C
:105AE0004F0D01D04908F2E7E1070020F0BD013673
:105AF00031050020EBE70000FF030000F0B51C0DAE
:105B0000671E3F05DB1BE70A6405640D02D0661CB7
:105B1000F60A04D0002201231B05803C2403D02573
:105B20002D060026F6432E661E096E66CE0FF61968
:105B3000B44649004F0D02D07E1CF60A03D0002067
:105B40000021403F3F033E1BB600B444013F7F05A8
:105B5000C91B49082E6F013676089C02950D254316
:105B60007543ED137543AD1301356D10F603761BC8
:105B70000CB4CC02450D2C43A2B2B3B25A43270C4D
:105B80007B43350C6F43A4B26C431B1902D3012431
:105B900024043F191C041D0CA4187D4124196D41D7
:105BA000009A91B2ACB26143170C7C432B0C5F435B
:105BB00092B25A43A41802D301221204BF1822043D
:105BC000230C52187B41019C6C431B19520ED901C6
:105BD0000A434401A01A81B2B2B2514303145A439A
:105BE000360C734387B27743D617D21900277E410C
:105BF00036049B191704160C7F185E417316ED18B6
:105C0000F301002680337541A90F06D16400690AAB
:105C1000E8055B0A184309D22FE00422944480333C
:105C20007541A90AA8059B0A184326D3404149415A
:105C30002404009A019B0D005543641B4343E41A5E
:105C400095B286B27543170C7E43030C5F4392B244
:105C50005A43B61802D301221204BF183204330C7F
:105C600052197B4152429C41002C02D40022013047
:105C700051414008CA071043490802B06246D7079D
:105C80009210084BD218084B9A4203D21205891879
:105C9000C919F0BD0020002A01DC3900F0BD013334
:105CA0001905F5E7FD030000FE070000002200B51E
:105CB000203200F004F8080000BD000000220B159F
:105CC0000AD410B5944600F031F81414013400DA07
:105CD0000021CB17144C204700200021704762445C
:105CE000343A0CD40C2A07DA040091409040524216
:105CF0002032D440214310BDD843D94310BD2032B7
:105D000007D40C469440524220321141D0402043E7
:105D100010BD0800C917203203D45242203210416E
:105D200010BD1800190010BDDF5C00100A0DCC0F6B
:105D3000531E1B05C91A520503D3C943404200D361
:105D40000131520D03D0531CDB0A07D0121B002077
:105D50006400611C89078912803A1203014BD21A30
:105D600070470000FF03000051434343C9188C46AD
:105D7000110C83B24B4310B4040C614392B280B255
:105D8000504362431C041B0C001910BC59411304FE
:105D9000120CC0185141614470470000132310B524
:105DA00012481C78FFF718F80100012C0AD003DD17
:105DB00080220F4800F048F80E48FFF705F80E4B18
:105DC000186010BD0A4C5422200000F03DF80B4B27
:105DD0006365A365E36523666366A366E36623677D
:105DE0006367A367E3672362E361E5E75346000067
:105DF000001600204C33000048220020015E0010F5
:105E000007B5604601880A0A0230DF2AFAD1C9B212
:105E1000820804D3028840880004104300E0006830
:105E2000014A5050039007BD00160020014804218C
:105E3000014B184720130020E94D0010014B1B684F
:105E40001847000020130020014B5B681847000032
:105E5000201300207047C046F8B55746DE464E4630
:105E60004546E0B599460A9B07009A460D9B884631
:105E700093460B9C9B073BD10C9B9C423DD21E1B27
:105E80000B9415000C005E442A004B46013521009E
:105E90002020B847B542F7D1A0460B9C002C20D05B
:105EA000454636195346321B013C185D29004B46C6
:105EB000B847002CF6D12B00350098460D9B9B0768
:105EC0000FD55B46EC1A0C9BA3420AD9464698466E
:105ED0002A004B46310020200134B84701354445A3
:105EE000F6D32800F0BCBB46B246A946A046F8BD92
:105EF00016001500002CD3D1E0E716001500002C89
:105F0000CED1EEE7F0B54546DE4657464E46E0B503
:105F100085B09C4610AB1B78149F934698460F9C07
:105F2000129E139DBB074CD4002D42D1B44248D2DF
:105F300001233B4099460E9B013B9A46302304E0E7
:105F4000524601341355A64201D9202CF8D14B46B4
:105F5000002B00D183E00E9B013B99463023A542E4
:105F600005D82EE04A4601341355AC4229D0202CE6
:105F7000F8D1FB060CD57B0554D4A64263D0A542CC
:105F800061D0119B102B50D0022B57D0202C32D136
:105F9000202301930E9B5A46009303976346029574
:105FA000FFF75AFF05B0F0BCBB46B246A946A04673
:105FB000F0BD01233B40994601233B422AD1B44224
:105FC000B9D3FB061CD57B05DBD4002CD5D1119BA6
:105FD000102B5BD0119B022B6BD0302301240E9A27
:105FE00013704346002B10D17B073ED52B260E9A0B
:105FF000631C1655CDE72300013430260E9AD65483
:10600000202CC5D04346002BEED02D260E9A631CC3
:106010001655BEE74346002B2FD0013DB44200D2B7
:1060200089E798E7119B102BB2D1BB0637D5202CFE
:10603000AED058230E9A13550134A7E7202CA7D0D1
:106040002300013407E0631E012CC0D0119A102AEE
:1060500031D0022AD1D162260E9AD65496E7FB0699
:10606000CED57B0500D488E78BE723003E0790D58B
:1060700020260E9A013316558BE70C233B405A1EFF
:106080009341ED1AB44200D255E764E7BB060ED443
:1060900078230E9A0224137030235370A1E7202C2A
:1060A00000D175E778230E9A135501346EE7582313
:1060B000EFE76033EDE70E9AA61E91464E44BA060E
:1060C00002D55822327098E77822327095E7C046A0
:1060D00010B5002800D110BD01F0BEFCFBE7C046A2
:1060E0000B0010B5002802D049681B68984710BD06
:1060F000F0B55746DE464E464546E0B595B0834678
:106100000F00924698461E9A1F9B10001900209E71
:10611000FFF7CFFA002800D0EAE11E981F9901226C
:10612000C54B5242FFF7AAFA002800D014E11E988E
:106130001F990122C14B5242FFF7B6FA002800D046
:10614000E9E01E981F990022BD4BFFF7ADFA002829
:1061500000D0C8E01E981F990022BA4BFFF78EFAB4
:10616000002800D0BFE01E981F9900220023FFF7EF
:1061700085FA002800D0E4E000230B93229B5B0506
:1061800000D406260024302307E0172106AA013494
:1061900052181355013E202C01D0092EF5D81E9817
:1061A0001F99FFF7AFFAA84BF2009B181A685B68BB
:1061B000050008920993FFF78DFA02000B001E9864
:1061C0001F99FFF7E8F9089A099BFFF714FA069060
:1061D0000791FFF7BBFA8146FFF778FA02000B0040
:1061E00006980799FFF7D7F90022984B0690079178
:1061F000FFF75AFA002800D10DE101239C46E14443
:106200004846FFF763FA02000B0008980999FFF768
:106210003BFA002802D0002399460135002E00D118
:10622000D9E006954D46B94614E006AA94461723D0
:106230000A216344280001341F19FEF771FF303131
:10624000397028000A21013EFEF76AFF092D00D8A7
:1062500017E10500202CE8D14F46069D20240CAE06
:1062600006AA17239446634499465B46B3460693B1
:106270000FE04B4628000A210134E618FEF728FFFC
:106280003031280031700A21FEF722FF051E00D1AF
:10629000E4E0202CEDD1069B5E469B460323229A28
:1062A0001340012B18D1219B002B15D00B9B002BE9
:1062B00000D1FDE0219B013B2193202B0CD9302301
:1062C000219A07E0172006A9013409180B559442BA
:1062D00000D3CCE0202CF5D1229B01940393219B89
:1062E0000096029322E0229B52460493219B3900A0
:1062F000039358461E9B1F9C0296009301944346AD
:1063000000F04AF90400200015B0F0BCBB46B246CC
:10631000A946A046F0BD229B5B070FD403224C4B3D
:10632000229901920391219900930291434652468A
:1063300039005846FFF790FD0400E4E70422454B7E
:10634000EEE71E9A1F9B00200021FFF724F901238E
:106350001E901F910B9311E7229B54469B0711D16E
:10636000219B042B0ED9219B55469C465E46043C3E
:1063700064442A004346013539002020B047A54235
:10638000F7D1B346344D26002B1F99465B46A346F2
:106390001C003200E87843463900013DA047013631
:1063A0004D45F6D123005C469B46229B04349B0757
:1063B000A9D55346219AE31A9A42A4D95E461500FC
:1063C0002200434639002020B04753460134E31AE7
:1063D0009D42F5D897E72800FFF77CF902000B00F3
:1063E0001E981F99FFF7D7F80022184B06900791C7
:1063F000FFF744F90CAE002800D031E70698079962
:106400000022124BFFF750F9002800D028E70123A3
:1064100001359D4324E70022069807990B4BFFF7AF
:106420002DF9002800D0F9E64B46002B5CD1012362
:106430009C46E144F2E6C046FFFFEFFFFFFFEF7F1F
:1064400065CDCD4165CDCDC118B000100000E03F55
:10645000C0AC0010B8AC0010C8AC0010069B5E4683
:106460009B460323229A1340012B00D181E0202C6C
:1064700000D131E70B9B002B27D02D23335501345E
:106480002AE74F46069D202C00D1E7E6302233193B
:1064900007E0172006A9013409180A55202C00D15D
:1064A000DCE6A342F5D12E220CAE0134F254D7E63D
:1064B0000C23229A134257D0219B013B2193A342E4
:1064C00000D9FCE6202C00D106E7229B5B0703D510
:1064D0002B2333550134FFE6229B1B0700D4FBE638
:1064E000202333550134F7E6DB0700D496E69EE718
:1064F000229B55469B0711D1219B032B0ED9219B33
:1065000054469C465E46033D6544220043460134A2
:1065100039002020B047AC42F7D1B346B9465F46B8
:106520001C4EEC1C2A00B078434649460135B8475A
:10653000013EA542F6D1229BBB464F469B0700D4A5
:10654000E1E65346219AE31A9A4200D8DBE65E461A
:1065500015002200434639002020B047534601343D
:10656000E31A9D42F5D8CEE6219BA34200D9A6E6C8
:10657000B2E6219B002B00D179E70B9B002B97D033
:10658000219B013B21939C4200D298E6202C00D015
:1065900073E7A1E6C4AC0010F0B5DE4657464E46A0
:1065A0004546E0B599B081468B4692469846229A78
:1065B000239B10001900FFF77CF8002800D0CAE0E8
:1065C000229823990122824B5242FFF76DF800284E
:1065D00000D0C0E02298239901227E4B5242FFF75F
:1065E0004DF8002800D0B6E022982399002200231D
:1065F000FFF744F8002800D0C9E1229B239C0893B0
:106600000994089809998023269ADB001A400D9274
:106610008022269C1201144022000B94269C070025
:106620000E001C4200D0ADE00B00034300D0D5E0CB
:10663000002A00D00AE222000633249302231340EA
:106640000C930223134200D002E2259B042B00D2BC
:106650000FE2043B0B93002304250A9300222298A7
:1066600023990023FFF70AF8002800D003E25A4BD1
:10667000269A134004930B9B0393249B0293089B3D
:10668000099C009301945946434652464846FFF7F9
:106690002FFD02002020269B1F27034059424B411B
:1066A0005B421840531C0893594643464530C8473F
:1066B0000A9AD317D4185C40D30F0A936B1E0B931E
:1066C00008AB9C460025674401E0202D0FD0200038
:1066D0000A21FEF725FD01357E1930313170200089
:1066E0000A21FEF71DFD26000400092EEDD8052322
:1066F00006930B9B59460593002304930A33039397
:106700000A9B4846029310AB0093089A43460195B2
:10671000FFF7F8FB0C9B002B2DD05346C41A259B8A
:10672000A34228D94D465F4681461E005346390094
:106730001A19202043460134A847A642F6D85346EA
:1067400048462599C21A01320023914200D386E1BE
:10675000013018180FE0269B0493259B0393249B7C
:106760000293229B239C0093019443465246594630
:106770004846FFF7BDFC19B0F0BCBB46B246A9467F
:10678000A046F0BD01432BD10B9B2200002B00D172
:1067900054E700230A93249B0A9A0024934200DDC5
:1067A00085E12298239900220023FEF767FF002845
:1067B00000D035E1269B084A02941A408023DB0072
:1067C00013430493259B0393089B099CCBE7C04686
:1067D000FFFFEF7FFFFFEFFFFFF7FFFF062324938D
:1067E000B44B70009C46400D6044FEF773FFB24A04
:1067F000B24BFEF700FFB24AB24BFEF7D5FE3603AE
:10680000B14B360B334304000D0038001900002251
:10681000AE4BFEF7C0FEAE4AAE4BFEF7ECFE0200FA
:106820000B0020002900FEF7BFFEFEF76BFF0A9069
:10683000FEF750FFA84AA94B04000D00FEF7DBFE4F
:106840000022A74BFEF7B0FEFEF75CFFA54A06004C
:10685000A54B20002900FEF7CEFE040030000D00FD
:106860000C96FEF737FFA14AA14BFEF7C4FE0200CB
:106870000B0020002900FEF78EFE02000B00060030
:106880000F00FEF7B8FE320004000D003B003000A0
:106890003900FEF789FE00220E900F91954B2000E3
:1068A0002900FEF78AFE0022934BFEF77DFE0200D0
:1068B0000B0020002900FEF780FE00228F4BFEF720
:1068C00073FE02000B0020002900FEF776FE0D008B
:1068D0008021040032003B000020C905FEF75BFE6A
:1068E00002000B0020002900FEF75EFE02000B00F4
:1068F0000E980F99FEF761FE0022734BFEF754FECF
:106900007F4B0C9C9C46644400222305FEF773FEDB
:1069100006000F0002000B0008980999FEF7AEFE72
:1069200000280AD00A9B3000013B39000A9300225C
:10693000714BFEF742FE06000F000A9A33006332E5
:106940003900C62A12D802222698042510400B9A34
:106950000C90002A25D1259B042B05D9002800D0B6
:10696000A1E0259B043B0B93042541E002222698DD
:1069700010400B9A0C90002A12D1259B052B76D93A
:10698000002872D1259B0525053B0B9334E080221E
:1069900012069446229B0893239B6344099330E696
:1069A00005250B4300D1F6E608980999554A564B40
:1069B000FEF772FE002808D0089809990022534B70
:1069C000FEF75CFE002800D0E5E6249B002B1CD0DF
:1069D0000D9B002B19D0249B013B2493259BAB429C
:1069E00004D90C9B002B5AD002230C9300230B9349
:1069F0000A9B002B00D131E60898099932003B0030
:106A0000FEF7DBFD0890099128E6259BAB42EDD906
:106A10000C9B002B43D000230B9302330C93E7E72E
:106A20008020269B3A4A00061A408023844602941E
:106A3000089C099D2900DB0013430493259B6144B6
:106A4000220003930B00009201938EE60524A8E632
:106A500000230B930A93023304250C93FEE553465F
:106A60008C46013B63441B1A72E602230C930525F6
:106A7000C2E70423EDE58020089E099F0006390047
:106A80008446269A224B6144134004930B9B3200A8
:106A90000393249B02930B0000920193F3E5259B43
:106AA0005B1B0B93A4E7022304250C93A0E79C1A1D
:106AB000013C76E601FCFFFFFB799F501344D33F76
:106AC000B3C8608B288AC63F0000F03F0000F83F43
:106AD00061436F63A787D23F71A379094F930A403F
:106AE0000000E03F1655B5BBB16B0240EF39FAFE2E
:106AF000422EE63F00002C400000244000001840D9
:106B0000FF0300002D431CEBE2361A3F80842E4128
:106B1000FFF7FFFFF0B5DE4657464E464546E0B567
:106B2000A5B01E002E9B92460C93CD4ACD4B8046BD
:106B30008B461A60002900D1EAE10023307899469B
:106B4000002800D1ECE1C84B4C460B93C74B45469F
:106B500057460E930AE0631C984622003B005946B4
:106B6000A84744463078002800D187E00136252820
:106B7000F1D108239A46043B9946023B9846013BD3
:106B800000229C460D943078711C0300203BDBB240
:106B9000102B03D80B9C9B00E3589F460300303B0F
:106BA00089460D9C092B3AD9002398462A2800D102
:106BB000C1E000239A462E284BD00300683BDBB28D
:106BC000122B1ED80E999B00CB589F4663460E0091
:106BD0001A43D8E743460E001A43D4E74B460E004B
:106BE0001A43D0E710230E001A43CCE753460E0099
:106BF0001A43C8E780235B001A43FF3B9C4670782A
:106C0000E1444E4667284FD82428A4D90300253BE9
:106C1000DBB2422B9FD896499B00CB589F4600235E
:106C200094461E0000E00131B3009B195B001E1862
:106C30000878303E0300303B092BF4D9012362462B
:106C400089469C460023B0469A460E00E1442E2811
:106C5000B3D13021802049428C46C0000243707875
:106C60004B4684446146092900D86CE12A2800D1AA
:106C70007AE101239C464E46E1449EE7A146A846A0
:106C8000BA46CA4503D801235B425344994653464A
:106C90004A4659460020C047200025B0F0BCBB46FC
:106CA000B246A946A046F0BD0300693BDBB20D9396
:106CB0000F2B00D94FE7012199408C466D49894639
:106CC00061464B4619400F91634649460B4200D03E
:106CD00028E10D9B0A2B3AD0072B00D03BE70C9BF9
:106CE000190008C98846002B00D14BE1212002433E
:106CF000914614A98C461F220F2162448C465146AE
:106D00000D950C91A24615000F9902E020290CD098
:106D1000130064461C4020003730092C00D8073887
:106D2000013168541A090F2BF0D80C9B54460D9D65
:106D30009A460F9133E10C9B02CB8846002947DB32
:106D40000C9301239C4670784E46E14431E70C9B3E
:106D500002CB14935346002B00D138E19C460878AF
:106D60000B000C908C44002801D100F098FC89465F
:106D70006146944603E05A780133002A01D08B42E1
:106D8000F9D1494662465B1A0C900F93530500D522
:106D900020E10223180010400D90134200D1CBE3F4
:106DA0000D930B1BB1469A465E460C9822003B00A1
:106DB0003100A84753460134185D0028F6D1B34688
:106DC0004E460D9B002B00D0C7E1149B0C93C9E6E7
:106DD0000C9301239C462838494202438846707828
:106DE0004E46E144E5E670786C2800D17FE18023CF
:106DF0005B001A43FF3B9C46E14402E780239B0073
:106E00001A4301239C467078E144FAE670786828BA
:106E100000D173E180231A437F3B9C46E144F0E6B6
:106E2000672800D103E1472800D15AE1452800D165
:106E30005AE10492072142460C9B039207335246C3
:106E40008B43190002920CC92800009201930C9107
:106E500022003B005946FFF79FFB040082E6C04634
:106E6000156B0010042200207CAE0010C0AE001094
:106E70000CAF001041900000462800D1DBE00492E6
:106E8000072142460C9B0392073352468B4319005D
:106E900002920CC92800009201930C9122003B0041
:106EA0005946FFF725F904005CE6631C984622006A
:106EB0003B0059462520A847444653E60C9B043323
:106EC0000D93631C9946920700D422E10C9B22008B
:106ED000187859463B00A84743464444012B00D844
:106EE00085E23300B8462E005F4625004C469946A1
:106EF00022004346013439002020B047AC42F7D18C
:106F00002C00BB46350047464E460D9B0C9329E6A8
:106F1000DB4B3078984600239946002800D012E6D3
:106F20000024AEE66F2800D188E000D80BE31023E0
:106F3000782800D1CFE09A430A239C4600230F9380
:106F40000A330D9380E05646B10089194900013398
:106F50000E181878303E010030390929F4D9B246AC
:106F60001E000133994628E60C9B023602CB8A4666
:106F7000C9435046C917084082460C933078731CA9
:106F800099461AE61023100098431133184381469E
:106F900080201300C0000340024200D1A9E64B4606
:106FA0000693082305935346049310230393002369
:106FB00002930F9B220001931CAB009359463B00A8
:106FC0002800FEF79FFF434604000C93CAE5012307
:106FD0005B42C3E60F9B534501D953460F930223EF
:106FE000180010400D90134200D1B7E10D93D14627
:106FF0000B1B9A463300A1442E0022004D460C98EC
:10700000B9465F469B4608E04B463900541CB047E2
:107010005346185D002877D022009542F4D15B4694
:10702000BB464F46A94635004C461E00C9E68023A4
:107030001B011A43FDE620231A4320E708239C4640
:1070400000230F9308330D9380231100DB001940B8
:107050001A4200D116E10D239A431000802302004A
:107060009B001A401492184200D0C2E18023020013
:107070005B001A4091460C9A04320F92184200D0DD
:10708000B7E2430600D59FE1030600D419E30C9B49
:107090001B880993002B00D0FCE110339843002992
:1070A00000D1F7E1002399464346059353460493E4
:1070B0000D9B069003930023D2E0582808D0622845
:1070C00067D102239C4600230F9302330D93BBE745
:1070D00020231A43103B9C4600230F9310330D933B
:1070E000B2E780231B011A4320231A43A1E6C023E1
:1070F0009B001A43F31C9946B07882E5C0231A43DB
:10710000F31C9946B0787CE535005E46BB464F4699
:1071100057E64346012B00D863E1631E43449A4679
:107120003300B9462E005F4655469B46A2462200D4
:107130004B46013439002020B047AC42F7D135002E
:107140005E46BB464F46A14654460C9B4A461878BD
:1071500059463B004444A847D7E6A1460F9B9845B3
:1071600000D832E64444E41A3300B8462E005F46A5
:1071700025004C4699462200434601343900202020
:10718000B047AC42F7D12C00BB46350047464E46CF
:107190001BE680231000DB0018401A4200D10FE1EB
:1071A000112118008A430D920D9A802311009B0033
:1071B00019408C461A4269D1802311005B001940A6
:1071C00089460C9904310F911A4200D0CAE113008C
:1071D0005B0600D5F0E013001B0600D459E20C9BBF
:1071E00000229B5ED9175A184A4092B2D90F0C91CF
:1071F000002B00D1F9E1100014AA944642461F2347
:10720000149252466344A84616944D460400B9466B
:10721000B2461F00159201E0202D0FD020000A2158
:10722000FDF77EFF01357E193031317020000A21D3
:10723000FDF776FF26000400092EEDD8149B4F467B
:10724000A94645469846159B56469A46169C0D9B60
:10725000069343460593534604930A2303930C9BDA
:1072600002934B4601931CAB2200009359463B000E
:107270002800FEF747FE0F9B04000C9372E4C04603
:10728000555E00100C239A431000E7E607220C9B82
:1072900007339343013294469C4462460C920CCBD4
:1072A000D90F0F911100194300D191E0D917139113
:1072B00012915140109113995940119110981199C0
:1072C000129A139B801A99411090119114AA0023CD
:1072D000944642469946149252461F336344A84648
:1072E000B24616944E46109C119DB94615921F0049
:1072F00001E0202E10D0200029000A220023FDF7F3
:107300004DFF013630322B00BA550D00220004002B
:10731000002BEED1092AECD8149B10941195454608
:107320009846159B4F46B14656469A46169C0D9B6D
:10733000069343460593534604930A2303930F9BF6
:1073400002934B4601931CAB2200009359463B002D
:107350002800FEF7D7FD0400FFF704FC0F9B9845BB
:1073600000D8C1E18023DB000D9343460F9A1B191F
:107370009B1A994633002E004D46B9465F469B4600
:107380000C9122004B46013439002020B047AC421A
:10739000F7D143460C9901330F930B7835000C93CA
:1073A0005E46BB464F46002B00D10EE50D9B002BE1
:1073B00000D1F6E4002319E60C9B1B781A0015E7B0
:1073C00010239A430D92EFE60C9B1B78099361E61C
:1073D000002399460028AAD100220023109211937D
:1073E00074E70C9B2200187859463B00A8474C468E
:1073F0008BE50C9AFA3BFF3B07329A4301339946DF
:1074000091444B460C931368526815921A4306D167
:107410001032904300220992002900D081E06122BD
:10742000810600D54122D2B20A9214AA91460A9A44
:1074300000210A3A149242461792524618925A462E
:107440000991B3461F311E000F9B4944BA46199457
:107450001A950024674698468946159D16901B92FA
:107460000AE03032D2B24B4601341A55A8454AD010
:10747000202C4AD006000D003A00002330002900DD
:10748000FDF78CFED2B2092AEBD9149B9C466244CC
:10749000D2B2E8E76123820600D54123DBB20A3B82
:1074A0000C93434614A91F228C46159353466244FD
:1074B000A046B2464C461797A9461700099D0D9E57
:1074C0001490169308E03033DBB201343B55B542DB
:1074D0000ED3202C0CD0050031002800FDF720FE33
:1074E000CBB20929EFD90C9A94466344DBB2ECE79E
:1074F000159B4D46A14644469846169B5646149801
:107500009A46179FD0E5B742B2D9179B574698467F
:10751000189B5E469A461B9B09949B461698199C9D
:107520001A9D43460593534604930D9B069003937F
:1075300000230293099B05E70F9B984500D914E7A8
:1075400001330F932DE41023110099430D91692805
:1075500000D0BAE080231000DB0018401A4200D1AE
:1075600022E61DE60C9B1B68DA0F1100002B00D1F0
:107570008CE0DA179818504014AA914642461F230F
:10758000149252464B44A046A946169704006546FD
:10759000B2461F000C91159201E0202D0FD0200063
:1075A0000A21FDF7BDFD01357E1930313170200013
:1075B0000A21FDF7B5FD26000400092EEDD8149B25
:1075C000444698460C9BAC461900159B56464D46C2
:1075D0009A46169F0D9B0291069343460593534688
:1075E00004930A23039363463CE6002800D02EE66A
:1075F00002E60C9B1B689946002B03D1103398437D
:10760000002938D16123820600D54123DBB20A3B31
:107610000C9343461693534614A91F228C46179386
:107620002B006244A0464D46B24618979946170073
:10763000149C0D9E159008E03033DBB201343B55AD
:10764000B5420ED3202C0CD0050031002800FDF7E8
:1076500067FDCBB20929EFD90C9A94466344DBB29B
:10766000ECE7169B149444469846179B56464D46A5
:107670009A461598189F43460593534604930D9BCD
:107680000690039300230293149BEBE50028A1D1FD
:1076900072E70C9B1B68D9175A184A40A6E580234D
:1076A0001000DB0018409C460F901A420FD00220B9
:1076B000030013400F93104219D00023A1460F93EB
:1076C0004CE50C9B1B680993E4E40A0034E40223B4
:1076D000180010400D90134200D03EE54346002BA9
:1076E00000D042E6FFF771FB01330F937FE463465E
:1076F0000D93F3E710B50C0084B00394012402A9A4
:1077000002900093034813006242FFF703FA04B0AB
:1077100010BDC046E160001010B5094A03001468AE
:1077200084B0002C08D0012200910648524203A9DF
:10773000A047012004B010BD00F0D8F90020F9E7FF
:1077400004220020D160001000BEFDE710B5FFF755
:10775000FBFFC04670B5FDF797FB074D074EB542DE
:1077600009D20024013E761BB60808CD98472300B5
:107770000134B342F9D170BDDCA80010E4A80010B8
:10778000030010B5080011001B68984710BDC046E3
:10779000F0B5C64600B5437D07000C001600002B6F
:1077A00046D0002A17DD0B780A2B24D000239846F8
:1077B000012E13D001252900635C01350A2B26D048
:1077C000B542F8D1464509DCA419013C23780D3BAC
:1077D0005A4253413B7580BCB846F0BD4346E01861
:1077E000A419F11A013C3B68984723780D3B5A4293
:1077F00053413B75EFE7037D002BD7D102210F48A2
:107800003B689847012EDFD001239846D2E7631EDC
:107810005B5C0D2BD4D0884504DA4346C91AE018C6
:107820003B689847022105483B68A8469847C7E748
:107830000368110020009847CDE7C04668B00010EB
:10784000F0B5C6460B6806000C0000B5802B06D0CC
:107850005A1C2260E418267180BCB846F0BD0F4B5C
:107860001D68002D16D00B1D98460D4F02E02D69A6
:10787000002D0FD02B68002BF9D03B68002B01D0D6
:10788000AB42F4D1280041462268FFF781FF2D6901
:10789000002DEFD101220023DBE7C046F81D0020B8
:1078A000001E0020F0B54546DE464E465746E0B580
:1078B00083B091461C0080460D00FDF79BF8002325
:1078C000304A12184B41002B02DA01222E4B524251
:1078D0002E4908008A4602F0BBFF07006B1C03D14B
:1078E000404602F04BFF0500002C27D0284E294BC4
:1078F0001C68002C18D04B46002B21D1264B9946F2
:1079000002E02469002C0FD02368002BF9D04B46ED
:107910001B68002B01D09C42F3D120002A00414675
:10792000B0472469002CEFD1002F26D1280003B0E6
:10793000F0BCBB46B246A946A046F0BD174ED6E7FE
:10794000154B99460A239B4602E02469002CEBD094
:107950002368002BF9D04B461B68002B01D0A342B3
:10796000F3D12A0041462000B0476B465A4620001A
:10797000DA71D91D0122B047E7E7504602F040FF17
:10798000D4E7C04640420F00FFFFFF7F7013002086
:1079900091770010F81D0020001E00208177001054
:1079A0000A4A1368002B05D10CE01A001B6910323B
:1079B000002B07D08342F8D1002902D1186910604A
:1079C000196170470029FCD01060FAE7F81D00200B
:1079D00010B500F031FB10BDF0B54746CE461A4B4E
:1079E00080B51A685B689146984683B0174F184D6A
:1079F00001AE3C68002C03D115E02469002C12D0A4
:107A00002B68002B01D09C42F7D1A368002BF4D047
:107A10000121300098470028EFDD307803B0C0BC6A
:107A2000B946B046F0BD0B4B5A6A904507D89B6AE1
:107A30004B4502D302204042F0E79045FAD10120A5
:107A40000021FCF7E1FFD4E720AE0010F81D002074
:107A5000001E002000400540F0B5CE46474680B5E8
:107A600083B06B460600DD1D2870FCF7C3FF0023C2
:107A7000194A12184B41002B02DA0122174B5242CD
:107A800017490800884602F0E3FE164B81461C6841
:107A9000002C14D0144F02E02469002C0FD023686E
:107AA000002BF9D03B68002B01D09C42F4D1200080
:107AB00001222900FFF76CFE2469002CEFD14B4610
:107AC000002B05D1300003B0C0BCB946B046F0BDB4
:107AD000404602F095FEF5E740420F00FFFFFF7FB2
:107AE00070130020F81D0020001E002070B5040057
:107AF00002F044FE01230100050001222000FFF7EF
:107B0000D1FE084B1C68002C06D06368002B05D002
:107B100098472469002CF8D1280070BD2469002CF6
:107B2000F3D1F9E7F81D0020F0B5CE46474680B501
:107B3000A3B004000D00FCF75DFF0023274A1218D4
:107B40004B41002B02DA0122254B5242254E3000D8
:107B500002F07EFE00232200019307002B00224842
:107B600001A9FFF7C7FD214B804699461C68019B80
:107B7000002B1AD0002C2FD01D4D02E02469002CC0
:107B80000FD02368002BF9D02B68002B01D0A34223
:107B9000F4D12000019A02A9FFF7FAFD2469002C14
:107BA000EFD14B461C6800230193002C06D063687C
:107BB000002B0BD098472469002CF8D1002F07D157
:107BC000404623B0C0BCB946B046F0BD2469ECE7DE
:107BD000300002F015FEF3E70194EFE740420F009A
:107BE000FFFFFF7F7013002041780010F81D002078
:107BF000001E00200FB400B583B004A901C9019193
:107C0000FFF792FF03B008BC04B018477047C046A6
:107C10000022014B1A707047F52300204B79002099
:107C2000FF2B0BD18B79002B08D1CB79012B05D100
:107C3000082A03D9024B8A7809301A707047C04667
:107C4000F52300200120704710B5012913D11249F6
:107C50005379107909781B0203430020994200D020
:107C600010BD5378012B08D0022BF9D164220021DA
:107C70000020FDF753F80120F2E7D37891781B023A
:107C80001943480ADB0501D4012040427F238A05BD
:107C9000D20F1940FDF7CAF8F523002000487047BD
:107CA00034B1001070B5050014000120012909D17C
:107CB00053780020012B05D1637912791B021343FD
:107CC000072B00D070BD21002800024A9F3301F02D
:107CD00055FAF7E78CB00010012303700048704795
:107CE0006CB000104B780A781B0213438A7810B5E9
:107CF00012041A43CB781B0613439622D2009342F8
:107D000000D010BD0022012011004042FDF78EF886
:107D1000024B1860024B19607047C046981D002046
:107D20009C1D002010B5024B1878FCF747F810BDD9
:107D3000F6230020154B70B51A68002A22D0EFF305
:107D4000108172B610680028FCD0BFF35F8F00204E
:107D50000F4A596010701B68BFF35F8F186081F382
:107D60001088002400250B4E3078FCF71BF8002803
:107D700004D1002400252900200070BD3078FCF7D4
:107D80001DF8F8E7FA240025A400ECE728220020DB
:107D9000F7230020F623002070B5040000200E0019
:107DA00001F00AFB002834D0002001F01BFB002862
:107DB0002FD0FCF71FFE0023174A12184B41002B4F
:107DC00016DB164D280002F043FD002821D00020CC
:107DD00001F0F2FA00280FD101200021404200F00A
:107DE00001FD03246442280002F00AFD200070BD5A
:107DF00001220B4B5242E4E7002001F0F3FA002885
:107E0000EAD021003200002001F0F6FA041EEAD187
:107E1000E7E703246442E9E740420F0050220020D4
:107E2000FFFFFF7F10B5FCF7E5FD00230D4A121898
:107E30004B41002B02DA01220B4B52420B4C20002B
:107E400002F006FD00280CD001200021404200F085
:107E5000C9FC002001F014FB0028F5D1200002F03D
:107E6000CFFC10BD40420F00FFFFFF7F50220020DB
:107E7000F8B5DE46574680B505000C00FCF7BAFDA4
:107E80000023364A12184B41002B02DA0122344BF0
:107E90005242344908008A4602F0DAFC002803D135
:107EA000C0BCBB46B246F8BD002001F085FA0028F0
:107EB0004AD00026002C43DD2B4B9B4614E0A91929
:107EC000002001F017FB070001200021404200F0D4
:107ED00089FC002001F0D4FAFCF78CFD224BF61946
:107EE00018605960B4422BDD002001F023FBA71B72
:107EF0000200B84200DD3A00002AE0D10120002152
:107F0000404200F06FFC002001F0BAFA002001F0BE
:107F100053FA002814D0002001F00CFB0028E1D116
:107F2000FCF768FD5B460F001A685B680021844619
:107F30000E4812184B419F4202D8D3D19445D1D953
:107F4000504602F05DFCABE700200021064B1860B4
:107F50005960504602F054FCA2E7C04640420F0070
:107F6000FFFFFF7F50220020F814002020A107000F
:107F700030B52A4C85B00021200002F059FC0028C1
:107F80001CD1274B1A68002A16D0EFF3108172B665
:107F900010680028FCD0BFF35F8F0124214859608E
:107FA00002781B68D2B20470BFF35F8F00201860A4
:107FB00081F31088002A17D005B030BD01200021C0
:107FC000404200F00FFC002001F00CFA05002000F8
:107FD00002F016FC002DEFD0134B1B68002BEBD0EA
:107FE000124A10689847E7E7FCF7EEFA0400FCF73E
:107FF00001FDFA220023920012184B41002B02DAF5
:1080000001220B4B524201210291002101910949A9
:1080100020000091FCF7DCFACEE7C0465022002099
:1080200028220020F7230020981D00209C1D0020FE
:10803000FFFFFF7F357D0010D02310B51B0684B0F5
:108040001C68FCF7C1FAFCF7BDFBA04202D000207F
:1080500004B010BD294B002100201B7801F05EFD0B
:1080600027480368002B45D00120FCF73FF8FF2389
:10807000244C254920701840FBF7BAFE20780121D6
:10808000FBF77EFE0520FBF7A1FE002824D1082285
:1080900000211E48FDF7D2FEFCF796FA0400FCF71B
:1080A000A9FCFA220023920012184B41002B02DA9D
:1080B0000122174B524201210291002101911549E1
:1080C00020000091FCF784FA0028C0DB124801214F
:1080D000FFF766FC0120BBE70120FBF71FFE0B4BFF
:1080E00001001800FCF764F8002205200B49FBF79B
:1080F000A9FEEBE7FCF740F8B6E7C046E8B200108F
:1081000050220020F6230020717F0010282200203A
:10811000FFFFFF7F357D001030130020257D00100C
:1081200000487047D0B10010004870477CB1001083
:1081300010B5040017480378002B20D0002C06D17E
:10814000154B16484380063BFF3B038010BD052CB2
:108150001DD8134BA400E05812490123013804E054
:1081600001330A800231142B0DD0C25C002AF7D1F2
:10817000C022DBB25B00920008481343E5E71121FF
:1081800000F01AF8DAE7CA2304489B00DDE7002074
:10819000DCE7C0465822002009040000D01D002062
:1081A00064B10010D21D002010B5024800F0D8F8CC
:1081B00010BDC0464022002030B54B1E012900D121
:1081C000A7E0664A11780D092C0030349F2900D9A8
:1081D000A2E00470012B00D1BEE00F2114782140F1
:1081E0000C003034092900D998E04470022B00D1EA
:1081F000B2E054782509290030319F2C00D990E055
:108200008170032B00D1A7E00F2121400C003034F6
:10821000092900D987E0C470042B00D19CE0947830
:108220002509290030319F2C00D97FE00171052BF1
:1082300000D191E00F2121400C003034092900D9F0
:1082400076E04471062B00D186E0D4782509290018
:1082500030319F2C00D96EE08171072B00D17BE07B
:108260000F2121400C003034092966D8C471082B35
:1082700000D171E014792509290030319F2C5FD895
:108280000172092B68D00F2121400C0030340929DC
:1082900058D844720A2B5FD054792509290030310F
:1082A0009F2C52D881720B2B56D00F2121400C00ED
:1082B000303409294BD8C4720C2B4DD09479250940
:1082C000290030319F2C00D9073101730D2B43D089
:1082D0000F2121400C003034092901D937310C001D
:1082E00044730E2B38D0D1790C09220030329F29EB
:1082F00000D9073282730F2B2ED00F220A401100B3
:108300003731092A01D830321100C173102B23D024
:1083100010300023037030BD07345AE737310C00AA
:1083200063E707316CE737310C0074E707317DE70D
:1083300037310C0085E707318EE737310C0095E7C0
:1083400007319DE737310C00A3E70731AAE7373142
:108350000C00C4720C2BB1D1C018DAE74022002007
:1083600010B588B004000D2200216846FDF766FDB7
:108370000D22002104A8FDF761FD4B236A466846E3
:10838000137004A90D2202F033FA152108222000EF
:108390006944FDF759FD08B010BDC046F8B500F0BE
:1083A00047F90C23194DFF22AB6705201849FBF74D
:1083B00049FD184C402200212000FDF73FFD4027D9
:1083C000002301262121144A66702783A2601360CE
:1083D00063545F31618445396354104A10496360C6
:1083E000E2602787A1620B606362E26202F048FAF2
:1083F00080239B052E64EB6490230A4A0120EA50F7
:108400008022094B5202DA64F8BDC04600001150C8
:1084100045050020041E002084001050000110506B
:108420008000105010D001000020115010B5012123
:108430000520FBF7A5FC10BD10B500220021024865
:1084400000F016F910BDC046241E0020044B197020
:10845000002904D080219023024A8902D15070471C
:10846000F1230020002011500B785B0602D14B78DD
:10847000052B00D070478A78014B1A60FAE7C04696
:1084800000001150F0B5C646C87800B58007830FCC
:108490001800012B60D08F780A794B797F21394001
:1084A000FC091B024E001343334D32195201AA1826
:1084B000977001276740577000275B055B0DD770E9
:1084C0001383D076B846CA00012C32D02B4FBC465D
:1084D0008F016244BC46AC446746BA6047461760A9
:1084E000002932D0264AC900904662464144516074
:1084F0003F223F339343022837D0224937190A6875
:108500007F01D3180B602049EF19FA608B422ED8F7
:1085100036197601AD19EB7E1C499B064A40134380
:108520008022120613436A681360012080BCB8469B
:10853000F0BD174FBC468F016244BC46AC44674651
:10854000BA6247461760002908D1002364012C193C
:108550006360104BE360E8E70020E7E70B4AC900DF
:108560009046624641445162C2E75B00C5E7FCF7B2
:1085700085FCFA68CCE7C046041E00208400105039
:10858000040010500C220020FF0F1050000010506B
:10859000800010500001105010B502F071F910BDAC
:1085A00010B57F200C0020404000E40911000019A4
:1085B0001A00034B4001C01800F05AF8012010BD0A
:1085C000041E00207F23180000B5084083B00B4232
:1085D00004D14B424B41084A013393668022C909BA
:1085E0004000064B401840010021C018120102F063
:1085F0004FF903B000BDC04600201150041E0020FA
:108600007F22130010B50B400A4200D110BDC909EA
:108610005B005B1804485B01C0180023002203497B
:10862000C37002F035F9F1E7041E0020FFF7FFFFE9
:1086300080220A4B520410B51A60094B09491A608E
:1086400010000B689843FBD180220021520106489C
:10865000FDF7F4FB0922054B5A6710BD00E000400E
:1086600000F0004008C00040000010500000115011
:10867000002310B5C3820133828283760161040036
:1086800002F0F6F8002804D080219023074A8902DE
:10869000D150200002F0A4F8002802D00123237753
:1086A00010BD200002F0DCF8FAE7C04600201150AF
:1086B0007047C0467047C046002070470020704792
:1086C0007047C0467047C0467047C0467047C046B6
:1086D000024B5878431E9841C0B27047B018002032
:1086E000024B18784007C00F7047C046B0180020F2
:1086F000F0B5D6464F464646C0B52F4B07009A46C2
:108700001B780E00FF2B50D1002941D000215422AC
:108710002A48FDF793FB0022294C2A4B20001A70AF
:10872000FBF72AFD284B1C60284C2000143CFBF76B
:1087300031FD200001F0F2FD254B264D1C60264B3B
:10874000002B04D02800FFF7C7FA244B18602449F7
:10875000002489462149002388462A7810E04346B0
:108760001B6862019B18002B12D05B68002B0FD096
:1087700098472A780134E4B2511C2300A14209DB56
:10878000A242ECD89B1A5B014B445B68002BEFD1F3
:1087900000200BE05346310038001F70FFF7FEFD4C
:1087A0000028F5D03800FFF741FE0120E0BCBA46B2
:1087B000B146A846F0BDC04664130020B0180020A2
:1087C000A8180020F2230020041900205C130020C8
:1087D00008190020F0230020D97C00100017002089
:1087E0008CB20010F0B5DE4657464E464546E0B521
:1087F000C84B91B002931B78FF2B00D13EE1C64BD2
:10880000C64E9B465F46C64B0DAC0193C54B0093CD
:1088100035686A69EFF3108172B61368002BFCD0DB
:10882000BFF35F8FA9612800210001F0AFFB6A69E7
:10883000AB69BFF35F8F0021116083F310880028BC
:1088400000D11BE16378082BE2D89B00FB589F46C0
:108850006368002BDCD0A0689847D9E77F22217994
:10886000AF4D0A405300EB189846C8098044404673
:108870000123303005799D430571057903339D430C
:108880000571002A00D100E14346A74A1B7D1278FA
:10889000934200D3EFE0A54A5B011568ED18002D67
:1088A00000D1EBE0A36862792078AD69A847AFE713
:1088B0009F4A1378002B00D1E0E01378013BDBB234
:1088C00013701378002BA3D10122954D01212B7831
:1088D000042013432B703423EA5C8A43EA54EA5C95
:1088E0008243EA540133EA5C8A43EA54EA5C8243F5
:1088F000EA54237800209B4600F09EFC60222379F6
:108900001A40602A00D1EFE0402A00D1F5E0DB06F2
:10891000DB0E012B00D113E1022B00D1C7E0002BAD
:1089200000D0E1E0202A00D11CE2002A00D0DBE0E8
:108930006379092B00D9D7E07E4A9B00D3589F4624
:10894000774D2B78DB0700D462E7FFF7BFFE5FE7C8
:10895000019BDB78DB0700D45AE76068FFF7AAFECB
:1089600056E76F4D2B78DB0700D451E728780007D6
:10897000C00FFFF7A9FE4BE723786A4999468B465B
:10898000694B6A4998468A4639001A784746002357
:10899000B04600254E46894610E053461B686A01E2
:1089A0009B18002B00D176E0DB68300098473A78BE
:1089B0000135EDB2511C2B008D4244DC9542ECD3C5
:1089C0009B1A5B015B44EFE7237858499946564B65
:1089D0008A4698463100BB464E461A780025002349
:1089E000474689460FE053461B686A019B18002BD7
:1089F00055D0DB68300098473A780135EDB2511C0C
:108A00002B008D4207DC9542EDD39B1A009A5B0147
:108A100094466344EDE7019D542200212800FDF7B0
:108A20000DFA1022FF214448FDF708FA2800202201
:108A3000FF2114304E465F46FDF700FA00F0F2FBCE
:108A4000FFF740FEE4E6364D542200212800FDF7F2
:108A5000F5F91022FF21281DFDF7F0F9280020224A
:108A6000FF21143046464F46FDF7E8F900F0DAFBE7
:108A70002379AB70CCE6501C984213DA11B0F0BCED
:108A8000BB46B246A946A046F0BDA36862792078ED
:108A900000F0E6FBBCE646464F46214DE6E74E4673
:108AA0005F46CBE71F4D9B1A5B015D19FAE6702309
:108AB000217A0B4218D1C80982460F330B405B0064
:108AC00098461948EB1853441B7D00789946834219
:108AD00066D216485B01006881469944002A00D19D
:108AE0005FE14B46002B68D120780021FFF76AFD3B
:108AF00080212078FFF766FD8AE6104800F09CFB95
:108B0000012158460EAAFFF7CDF8002800D07FE6D5
:108B1000EAE7C04664130020E4B100100819002001
:108B2000B01800208CB20010F023002000170020A5
:108B3000F223002008B20010B4180020A57C001019
:108B4000237A0F2BD0D8CF4AEB181B791578AB427C
:108B50003ED3691C9942C7DB5D1BCB4B6D01ED1801
:108B6000686900F069FB012158466B690EAA9847B5
:108B7000002800D04CE66022150023791D401A42DF
:108B8000B2D163790A3B012BAED800F055FB637973
:108B90000A2B00D199E158460EA900F0D9FA37E620
:108BA000431C4B4500DAF7E04B461B1A5B01994624
:108BB000B5488144002A00D1F3E04B46586900F0E3
:108BC0003BFB4B46012158465B690EAA98479CE740
:108BD000AE4A5B011568ED18002DC1D184E7A37979
:108BE00099466B789945D6D06B78002B00D033E14D
:108BF0004B466B70002B00D12BE148460138C0B2C8
:108C0000FFF792FA002800D17EE143780793022B08
:108C100000D079E10122C179B1468B11491113408D
:108C20000A40302112015B0113432A78A8468A4387
:108C300013432B7009239A4682445646BA46C3789A
:108C400082781B021343C31805938E4B04938E4BFB
:108C500008938E4B09938E4B0A93059BB34200D821
:108C600055E1737801220B2B03D13378F278F61893
:108C70007378042B00D044E1059B00279B1B9BB21B
:108C80000693049B0B921D78002303931BE0099A23
:108C90007B011568ED18002D00D132E131005846F6
:108CA0002B69069A98478446082803D9069A824277
:108CB00000D313E1049B01371D78FFB26B1C0397AF
:108CC0009F4200DD1DE1BD42E1D8039B5D1B089B77
:108CD0006D019C466544E1E76B780CAA0232137083
:108CE000584601230EA900F049FA91E5E3881A0AD3
:108CF000D8B20F2A00D9F7E666499300CB589F46B1
:108D00000EA800F09FFA5846A179FFF795FB0222C2
:108D10002B7813432B707BE5E388012B00D0E3E62F
:108D200008222B78584693430EA92B7000F010FAB6
:108D30006EE5022029780CAB9A1C8B068908DB0FA4
:108D400001400B431380584602230EA900F016FA87
:108D50005EE5E388012B00D0C6E608222B7813439A
:108D60002B7018E7237A0F2B00D9BDE6EB181D797D
:108D7000444B1B789D4228D2444B6D011B685D1902
:108D8000002D00D1B0E6686900F056FA012158467E
:108D90006B690EAA9847B8E6002A00D0A4E6002323
:108DA000994662790220130003928343012B15D068
:108DB000002A00D098E62B004344534430331B79FB
:108DC0000CAA9B07DB0F0232BCE75A1CAA4200DA4E
:108DD0008AE6ED1A2C4B6D01ED18D4E7E388002BE1
:108DE00012D1029B1878039B012B23D0FFF7EAFBDB
:108DF00043460221EB18534430331A790A430121C8
:108E00001A711A790A431A714B46002B00D1FFE4FC
:108E1000586900F011FA4B4601215B690EAA5846C9
:108E20009847002000F008FA3523EB5CDB0700D5FB
:108E3000EEE4B0E6FFF7E4FB43460221EB185344AF
:108E400030331A798A431A711A7903998A431A714D
:108E5000DAE7FFF737FC9EE600215846FFF7F6FAFF
:108E60005846FFF799FBAB78074903930491054BEC
:108E7000064998461A780591002329001D008A4664
:108E80001BE0C046F02300208CB200100017002029
:108E9000C418002030B20010059B6A011B689B18A3
:108EA000002B4DD0DB685846984743461A78013569
:108EB000EDB2511C2B008D422EDC9542ECD39B1A57
:108EC000049A5B0194466344ECE70CAB9A1C584649
:108ED00001230EA9157000F051F999E40B9A012AAB
:108EE0004FD0002A3CD00023B07804E00133DBB23D
:108EF0000F71934234D2C118C9B241440D79FF2D8C
:108F0000F4D04E464546574600236B70ECE54E467E
:108F10005746FFF7D5FB3EE6554654220021280070
:108F2000FCF78CFF1022FF21281DFCF787FF28008B
:108F30002022FF211430FCF781FF039BAB7057E622
:108F40005546FAE7FEF7AAFE021E00D1CCE5D3781B
:108F500091781B020B4358460EA900F00FF9D4E597
:108F600065463B002A0031000A9800F07FFEAC46BF
:108F7000049B039A1B7866440133934200DB6CE642
:108F8000BFE7174B29699942ADD1079AABE7FFF7C5
:108F900093FB021E00D1A7E5584613780EA900F0F6
:108FA000EDF8B2E52189FFF7C3F8021EF4D19BE585
:108FB000022A0FD0FFF782FB021EC8D194E5FFF70B
:108FC000AFF8021E00D18FE5122358460EA900F01B
:108FD000D5F89AE5FFF7A8F8021EB8D184E5C04697
:108FE00035960010F8B557464E46DE4645460C000D
:108FF000E0B516001F00002A3CD0702398461E4B97
:1090000000259B461D4B9A461AE05B461B782000C4
:1090100099465346997800F0EBFD00281CD02100BA
:109020004846FFF72FFA002816D0A378DA09012A5C
:1090300019D00A9A013513702378E418B54219DA69
:109040006378052B08D1E3789B079B0FBB4203D1C4
:109050004246A3781A42D8D00020F0BCBB46B246A4
:10906000A946A046F8BD0B9A013513702378E41881
:10907000B542E5DB0120F0E764130020B0180020C2
:10908000702270B58B780C001A4201D0002070BDA0
:10909000064B20001D78064B997800F0A9FD0028AA
:1090A000F4D021002800FFF7EDF9F0E76413002069
:1090B000B01800200B007F2010B51840DB093433B6
:1090C0004000044AC018044B1168C01800F04CFD61
:1090D00010BDC04604190020B01800200B007F20EE
:1090E00010B51840DB0934334000044AC018044B63
:1090F0001168C01800F060FD10BDC04604190020C2
:10910000B018002070B57F240F480C40640004198B
:10911000CD09641930342079C00701D5002070BD15
:10912000012625790948354300782571FFF738FA7B
:109130000028F4D101222379934323712379033248
:1091400093432371EAE7C046B0180020641300205F
:1091500070B5094C0600082220000D00FCF774FED3
:1091600000238021E360A3602B7830009943002224
:109170000023FFF7C7FF70BD90180020F8B5CE465A
:1091800047469046254E80B58146082230000D00A6
:109190001F00FCF759FE4346B3600023F381EC79CE
:1091A000AB7924021C43231CBC4200D93B1C9FB258
:1091B000B381002C0DD0002F17D04246002A2BD0AF
:1091C000402F1BD89FB233787F2B1CD80021144A24
:1091D0000FE080212B780022994348460023FFF7B7
:1091E00091FFC0BCB946B046F8BD7F23002231785C
:1091F00099433B004846FFF785FFF2E740239FB2C3
:1092000033787F2BE2D9064C3A0041462000FCF728
:109210001BFE80212200ECE70020E2E790180020EE
:109220005018002010B5142200210248FCF706FE59
:1092300010BDC04690180020014B18617047C04611
:109240009018002010B5054C010008222000FCF702
:10925000FBFD0023A360E36010BDC0469018002012
:1092600070B5384C1D0023780600DA09C9098A4216
:1092700010D00020002D00D070BD21003000FFF77D
:10928000F3F82369002B03D0220003213000984714
:109290000120F1E77F2B06D8A068002834D02A00EF
:1092A0002949FCF7D1FDE289A1685219E38892B2FD
:1092B0004919E281A160934214D03F2D12D9A389AC
:1092C000981A051C80B240282AD82078ADB27F2891
:1092D00028D800219A4232D01B4A2B003000FFF7D9
:1092E00011FFC9E72369002B05D0220002213000BD
:1092F000984700280AD08021237800229943300023
:109300000023FFF7FFFEB7E70020B5E7002130009C
:10931000FFF758F930008021FFF754F90120ABE73F
:109320004025D2E79A4207D0074C2A002000FCF7DC
:109330008BFD80212200D0E780210022CDE7002292
:10934000CBE7C046901800205018002070B50400EC
:10935000FFF7BEF9002800D170BDFFF7C1F9002862
:10936000FAD1C8236343124DEE18F1780029F3D0E7
:1093700010335D19280000F0F3FD3F28ECD90020E0
:10938000F178FFF797FE0028E6D0280000F0E8FD0E
:10939000F1783F2807D9074BE201D218002040237B
:1093A000FFF7B0FED8E70020FFF798FED4E7C046ED
:1093B000881700200417002010B50400FFF788F973
:1093C000002801D1002010BDFFF78AF90028F9D14B
:1093D000C8226243024B01309B181B791840F2E708
:1093E00088170020C82310B543430248181800F01E
:1093F00099FD10BD98170020F8B5C8248023444378
:109400001C4F103405003C195B029A4200D31A4AE3
:10941000200092B200F008FE0600FFF759F900287C
:1094200001D13000F8BDFFF75BF90028F9D1C8235E
:109430006B43FF18FB78002BF3D0200000F090FD69
:109440003F28EED90020F978FFF734FE0028E8D055
:10945000200000F085FDF9783F2807D9074BEA0185
:10946000D21800204023FFF74DFEDAE70020FFF777
:1094700035FED6E788170020FFFF00000417002004
:10948000F8B50400FFF724F9002801D10020F8BD49
:10949000FFF726F90028F9D1C82565432E00134FA0
:1094A0002436F619300000F03DFD0028EED07F197B
:1094B0000020B978FFF7FEFD0028E7D00C4DE4014D
:1094C000651929004022300000F0AEFDB978041E75
:1094D00008D003002A000020FFF714FE0028D5D092
:1094E0002000D4E70020FFF7F9FDCFE78817002020
:1094F0004417002070B5C82444430C4B0500E41801
:1095000080235B029A4200D3094A200092B200F005
:1095100051FE0600200000F005FD3F2801D8300074
:1095200070BD2800FFF7ACFFF9E7C046AC1700207C
:10953000FFFF0000C82310B543430248181800F08D
:109540000FFD10BDAC170020F0B50025184C83B0FE
:10955000C82200212000FCF771FC164B21001D7071
:10956000FF236371E1235B02A360200008234022F4
:10957000A37338310095073B103000F09DFC2700A5
:109580000123210020002600402278310093B837C3
:10959000243000F091FCC0363800FAF7EDFD3000C1
:1095A000FAF7EAFDE56127622663656303B0F0BD63
:1095B00088170020841700200A4A116B136A0029BB
:1095C0000CD0002B07D00023D36153631363002317
:1095D00013620120704753631363FAE7002BF8D03E
:1095E000D161F4E78817002070B50F4C05220021E7
:1095F0002000FCF723FC0D4D2B78DA0707D50C4C27
:109600009B070CD50121200000F0A8FE70BD2000B2
:10961000103000F083FE2B78054C9B07F2D420001D
:1096200000F07CFEEEE7C04688170020841700207B
:10963000AC170020F0B54B79060083B0022B02D1A5
:109640008B79022B03D00025280003B0F0BD204FFA
:10965000BB78002BF7D18B7809253B700C780C195F
:109660006378242B07D00CE02378E4185D19637825
:10967000ADB2242B05D19542F6D90020FFF766FE46
:10968000E2E71A00052B15D0042AF6D163790A2BDC
:10969000F3D1104B2778019301330093300002235C
:1096A000E119023AFFF79EFC0028CCD00E35ED19E7
:1096B000ADB2E2E721003000FFF7E2FC0028C2D0A3
:1096C000A3787B7023785D19E4186278ADB2DBE78C
:1096D000881700208A170020F8B56023140012783C
:1096E000050013400020202B07D1304A63792779E9
:1096F00016781B023B439E4200D0F8BD6378222BB4
:109700001AD007D8202B34D0212BF6D101293ED0F6
:109710000120F2E7232BF0D1012940D00329F7D112
:10972000234B002BF4D0E178A378090200201943E1
:1097300000E000BF0120E0E7012930D00329E7D194
:1097400001252E00A378E478023924021C43147109
:10975000264024321000714000F000FE154B002B13
:10976000D6D06208002031002A4000E000BF01206E
:10977000C3E701290BD00329CAD10F4B002BC7D057
:10978000083200201100FEF7ADFA0120B5E70723EB
:1097900021002800094AFFF7F1FC0120ADE7210074
:1097A0002800FFF7D5FC0120A7E7C0468817002056
:1097B0000000000000000000E57C00109017002071
:1097C000F0B54F464646D646C0B5364D8046EA7897
:1097D0000C001F008A423CD0AB788B4210D0002096
:1097E000E0BCBA46B146A846F0BD2F4B002B04D0D2
:1097F0002E4800F0ADFB002851D00020FFF7A6FD59
:10980000AB78A34201D00120EAE7294B002B02D01C
:10981000002000E000BF0020FFF732FE0028F2D158
:10982000244C200000F07EFB0028ECD1002FEAD071
:10983000BF06E8D1243C4046A178FFF73BFC002856
:10984000E1D0002300224046A178FFF75BFC012015
:10985000C6E79AB210239A46174EAA4431005046E2
:1098600000F0A8FC154B002BBFD06B79FF2BBCD0B0
:10987000002FBAD0F219914603E001364E45B4D01C
:109880006B7932789A42F8D1504600F061FB00289B
:10989000F3D15346103B597900E000BFEDE700E0FB
:1098A00000BFAAE7881700200000000098170020DA
:1098B00000000000AC17002004170020000000008A
:1098C0009322F0B5134C85B0002120009200FCF7E4
:1098D000B5FA23002000802640270F4D4D33760037
:1098E000FF332930029500930022002300210397C3
:1098F0000196FF3000F0D4F94035201D28340023B4
:1099000001220021039702950196009400F0C8F906
:1099100005B0F0BD4C1A0020CC19002010B5054C44
:10992000200000F0F3F920002538FF3800F0EEF9B0
:10993000012010BD741B002070B5084C00252000CC
:109940003130FF30257000F0E9FC20000C3000F0D1
:10995000E5FC2A23FF33E554657170BD4C1A0020E5
:10996000F8B557464546DE464E46E0B54B7980464B
:109970000F00FF2B5BD1404B99462A234946FF330A
:10998000CB5C002B53D14E79002E50D1BB783C7864
:109990000B703B793C19002B46D098235B004B445D
:1099A0009A460C234B449B46A51803E0AC423BD29D
:1099B0002378E4186378052BF8D1AC4234D2210027
:1099C0004046FFF75DFB002831D0A3780136F6B2A0
:1099D000DB09012B32D0504600F0A0FC2A23494677
:1099E000A278FF33CA54637922791B021343234AB6
:1099F0005B0594465B0D942163445A4253414A46A9
:109A000002204900525C5B00824313434A46535490
:109A100051464046083900F0E3F9002807D0237882
:109A2000E4183B79B342C5D8E01B80B200E00020C7
:109A3000F0BCBB46B246A946A046F8BD584600F069
:109A40006DFC5A46A3780C3A5371637921791B0255
:109A50000B430A495B058C465B0D634459424B41FD
:109A6000022011795B0081430B43594600200839DD
:109A7000137100F081F9D2E74C1A002000FEFFFFBD
:109A8000F8B52A2506001F48FF35455D1F008D42A9
:109A900015D043798B4201D00020F8BD1A4B002B22
:109AA00004D039040020090C00E000BF174C30003E
:109AB000210000F061F900281DD00120EDE79A2374
:109AC0005B00C35A002B0DD1114B002B04D000209A
:109AD0001049BAB200E000BF30000F4900F080F931
:109AE0000120DAE796235B00C1583130BAB2FF306B
:109AF00000F060FBE8E73A002100300000F008F9D0
:109B00000120CAE74C1A002000000000501A002073
:109B100000000000CC190020741B002000B50300D9
:109B200083B0002910D00020012B07D80A78002A22
:109B300004D00C48C2540120012A01D003B000BD5A
:109B40001800FEF7D5FDF9E701236A46002001A9B8
:109B50009380FEF7CDFD0028F0D00122014B1A7052
:109B6000ECE7C046A4180020037870B5DB070400BA
:109B70000E00DD0F002B17D103785B0701D52800FD
:109B800070BD01213000494200F05AFE2378DB0706
:109B9000DD0F002B0AD123785B0708D40422237839
:109BA00001251343237002E00025E8E7002530007B
:109BB00000F026FEE3E7C04670B50C000121060068
:109BC0004942200000F03CFE33785B07DD0F002B9C
:109BD00004DB200000F014FE280070BD3378DB07A2
:109BE00004D40422337893433370F2E70025F0E77E
:109BF000437902791B021343C2785B0592075B0D20
:109C0000920F022A1DD0032A0CD00020012A08D16D
:109C100002394A425141124A9446614499424041B4
:109C2000C0B2704702394A1E91410E4A4942114062
:109C30008022D20094460020614499424041C0B243
:109C4000EFE7022905D0002040229A424041C0B2ED
:109C5000E7E7054A981843425841C0B2E1E7C046D9
:109C6000FF03000040FCFFFF00FEFFFF8A1870B5F5
:109C7000914207D27F264C78052C04D00C78091924
:109C80008A42F8D870BD34008D782C4064000419E5
:109C9000ED0963550C7809198A42ECD8F2E7C04601
:109CA000F0B5C64600B582B0150008AA40CA040047
:109CB00017886A46928D012090460A00217802405A
:109CC00081432000114321703A00009331000123A9
:109CD000083000F0F1F8002E01D0002F08D10A9BC7
:109CE000012063604346638002B080BCB846F0BD8B
:109CF00026001C363000FAF73FFA0023002D01D071
:109D0000330000266361A661E9E7C0460120704781
:109D1000F8B502240B7807001C4063425C41144BE9
:109D200064421C40134B08009C4608300D0016008E
:109D3000644400F0F7F8002807D1002E05D0344223
:109D400003D101242B781C4201D00020F8BD38003B
:109D50006978FFF7AFF90028F7D02B781C42F4D1CF
:109D60000023002238006978FFF7CCF9EEE7C046FF
:109D700040FEFFFFFF010000F8B50D0008350600AA
:109D800028000C0000F0CEF8002803D0012723782B
:109D90001F4201D00020F8BD30006178FFF78AF93A
:109DA0000028F7D028006288616800F03DF9237828
:109DB00005001F4000280BD0002FEBD10300626884
:109DC00030006178FFF79EF90028E3D02800E2E731
:109DD000002FDFD130006178FFF780F9DAE7C04665
:109DE000F8B5CE46474680B58A8906000C000B7848
:109DF000002A07D101251D4240D00020C0BCB94631
:109E0000B046F8BD9B0733D42A4B4025994627001E
:109E10000837380000F0A4F88542EED801222378F4
:109E200090461A42E9D130006178FFF743F90028E3
:109E3000E3D0380000F094F8424623781A40854277
:109E400031D8002AD9D14A46638802401D1C93426A
:109E500000D9151CADB200226178002D00D06268D7
:109E60002B003000FFF74EF90028C6D02800C5E7C8
:109E7000FE2380251B029946AD00C8E74978FFF70D
:109E800019F90028B9D023781D42B6D16388002281
:109E90006178002B00D062683000FFF733F90028AA
:109EA000ABD06088AAE7002AA7D130006178FFF71D
:109EB00015F9A2E7C0FF0000F0B5C64600B50400E2
:109EC0006846057E8020884617001E0000028242F8
:109ED00026D8E068002803D00121494200F0B0FCF8
:109EE0002069002803D00121494200F0A9FC434623
:109EF000236073045B0CED031D430023E068638162
:109F0000A780E5802381002801D000F079FC20693A
:109F1000002801D000F074FC012080BCB846F0BDE0
:109F20000020FAE710B5048941898288A3B288B27B
:109F30008C4207D31B1A9BB2101C9A4200D9181CE2
:109F400080B210BD5100091A5B189BB2F4E7C046FD
:109F500003894089181A43425841C0B27047C0462D
:109F600010B5048941898288A3B288B28C4207D394
:109F70001B1A9BB200209A4201D9D21A90B210BD8E
:109F80005100091A5B189BB2F4E7C04670B5040093
:109F900000690E00002803D00121494200F050FC66
:109FA00025896089A288A9B283B2854232D3CD1AAD
:109FB000ADB2002D28D0AA4208D291422FD3891ADF
:109FC0008BB263819A4203D89B1A9BB29A42FBD907
:109FD000E28821685204520C53433000C918FBF741
:109FE00033FF63890125591C89B2A2888B420DD9A0
:109FF00000215200891A89B220696181002801D0AC
:10A0000000F0FEFB280070BD618989B252009142C8
:10A01000F2DBEFE75500ED1A4D19ADB2C9E789182B
:10A020008BB26381CEE7C046F0B546464F46D64672
:10A03000C0B50600006989469046002803D001217A
:10A04000494200F0FDFB31897289B5888BB294B228
:10A05000914254D31F1BBFB2002F4AD0BD4205D23C
:10A06000AB4251D25B199CB22F0074814346B84574
:10A070003DD89FB2A54203D8641BA4B2A542FBD928
:10A08000F28831685204520C904662432B1B9BB2FB
:10A09000891842469F4225D953439BB21A0048462D
:10A0A0009A46FBF7D1FE434648467D1B64195C4344
:10A0B00031685044A2B2FBF7C7FE7189B588CB194D
:10A0C0009BB26A00994216D99B1A9BB23069738180
:10A0D000002801D000F094FB3800E0BCBA46B1463D
:10A0E000A846F0BD48467A43FBF7AEFEE5E73B1CC9
:10A0F000BFE773899BB26A009342E7DBE4E76F0036
:10A100003F1BDF19BFB2A7E75B1B9CB2ACE7C046A1
:10A11000F8B50400C0680E00002803D001214942B0
:10A1200000F08EFB258920896189A288ADB283B2B7
:10A130008FB2884229D3DB1B9BB29A4209D8E779B8
:10A14000FF0906D1E068002801D000F059FB380073
:10A15000F8BD2B0095421DD39B1A9BB29342FBD2B4
:10A16000E28820685204520C53433100C018FBF7B8
:10A170006BFE6B1C9BB2A2889D4217D90023520034
:10A180009B1A9BB201272381DCE75100C91B5B1896
:10A190009BB2D2E7E28820685204520C534331004C
:10A1A000C018FBF751FE0135A288ABB252009342B2
:10A1B000E8DBE5E7F0B545464E46DE465746E0B5F6
:10A1C00088460500160083B0002A6ED0C0680028BB
:10A1D00003D00121494200F033FB2F89EA79BBB259
:10A1E0009B466B89AF889BB2D2093FD19B4565D214
:10A1F0007A00D31A5B449BB2BB4264D2FB1A1A1C8E
:10A200009BB2B34200D9321C96B2F31B9BB29A4662
:10A210005B46F3189BB29946EA885C46BB4503D37C
:10A22000E41BA4B2BC42FBD252043B1B570C3A00C5
:10A23000624328689BB28018B34256D33A00414625
:10A240007243FBF701FEAB885B00CB4501D8994513
:10A2500003DB4A46D31A9BB299464B4637002B8103
:10A26000E868002822D000F0CBFA1FE0BE422CD2D2
:10A270009B454BD35A46D21A92B27900F01B80B25A
:10A28000921982468A42C3DBDA1992B29146921B36
:10A2900092B2934693423ED95B46591A8BB29B4683
:10A2A000F3189BB29946EA88B7E70027380003B055
:10A2B000F0BCBB46B246A946A046F0BD5A46D31AEA
:10A2C0009BB2BB429AD30027CAE7002FC8D0EA88C6
:10A2D000F61B5104490C71439B468844D91900234D
:10A2E00089B289463E009A4697E77B4399B20A00B5
:10A2F000019154444146FBF7A7FD22007A4301999E
:10A30000286892B24144FBF79FFD9CE77900CA1A86
:10A310005A4492B2B2E79142BEDDC4E710B50400E0
:10A32000C068002803D00121494200F089FA206961
:10A33000002803D00121494200F082FA0023E0689E
:10A3400063812381002801D000F05AFA2069002897
:10A3500001D000F055FA012010BDC04670B50400D0
:10A36000C0680D00002803D00121494200F068FABE
:10A370002069002803D00121494200F061FA7F21C1
:10A38000E379ED011940E0682943E171002801D02B
:10A3900000F036FA2069002801D000F031FA0120DF
:10A3A00070BDC046F0B5DE4657464E464546E0B560
:10A3B000070083B00CA80192027800203C689B46FD
:10A3C000E066616001219146E166002B34DD5A1E92
:10A3D000904680225200944680264025616F1029C5
:10A3E000FCD00021002801D13979890240451DD0D7
:10A3F000624611432161A159616B0D420BD00120CE
:10A40000636D40424B463B7103B0F0BCBB46B24665
:10A41000A946A046F0BDA16F0029ECD02169019B9F
:10A42000195401308345EDD03C68D7E74B460122F3
:10A430005A4053021943DBE70020E3E7F0B5DE465C
:10A4400057464E46454690460022E0B585B01E0070
:10A450000EAB1B7807009B460368DA660132596031
:10A46000DA66002E60DD0279594692029246012298
:10A470004A4052029446802291465A4680240392D2
:10A480006246BB46002010214746B446751EA40014
:10A4900001922A1A160072427241019E52421640DF
:10A4A00002963E5CB0465646424616433200029E35
:10A4B00016431E61019E5A6B1142FCD04A469A58BF
:10A4C00001969246002A0AD1854228D00022013006
:10A4D00092468445DDD1039B5F469B4616E05A6D4C
:10A4E000012290465A6B2242FCD01A6E42460196D7
:10A4F000002AEBD0039B5F469B465346002B15D0AA
:10A500005346DB0712D453461B070FD55B463B71FE
:10A5100005B0F0BCBB46B246A946A046F0BD039AC2
:10A52000002AD3D19046DDE70020EFE7012040422A
:10A53000ECE7C046F8B5DE4657464E4645468346EC
:10A54000E0B505200C00FAF791FB06006008210039
:10A550008019FAF7E5FD430098468044070005217D
:10A560004046FAF7DDFD3B1A9A461E4B81467000C5
:10A5700080199C4231D81C49FAF7D2FD451C5B4634
:10A580001C680023E366226804335A4002331340F8
:10A5900080225201A21813605346E3614B462362A6
:10A5A000434601204F2B03D950214046FAF7B8FD0E
:10A5B000A023E050E36F39005D400C4B2D042D0CBF
:10A5C000E3181D6001233000E366FAF7A9FDF0BC33
:10A5D000BB46B246A946A046F8BD0549FAF7A0FD1C
:10A5E000451CCCE73F420F00809698007C1000008D
:10A5F00040787D010F4A70B5821A531E9A410E4B66
:10A60000D20008321A600D4B0D4C1A6015002368F9
:10A610009D432B1EFAD166240268FF340571D5666E
:10A620001460633C8833FF3CD5639563D450FFF7D7
:10A6300081FF70BD6813002000E0004000F0004082
:10A6400008C0004010B582B06C46247C0094FFF72F
:10A65000F5FE02B010BDC04610B582B06C46247C39
:10A660000094FFF79FFE02B010BDC046F0B5C6468D
:10A6700000B5884212D98C1884420FD98518032A54
:10A6800058D8531E002A06D0DA43A418AD18E25C4D
:10A69000EA54013BFBD280BCB846F0BD032A0BD87C
:10A6A0000500561E002AF6D00023CC5C1A00EC549C
:10A6B00001339642F9D1EEE703250C002E00044346
:10A6C00003002640254232D10F2A4BD9102715000E
:10A6D000BC460C00103D2D092D01A8464519AC447F
:10A6E00027681F6067685F60A7689F60E76810342D
:10A6F000DF601F001033BD42F2D10F230C24103154
:10A700001340144065461A004144002CC9D08A59B0
:10A71000AA5104369A1B032AF9D803221A409B082F
:10A72000013B9B0004310435C918ED18B9E7050059
:10A73000561EB9E72B0023439B0701D0531EA3E706
:10A7400013000439071FCE58FE50043B032BFAD8E0
:10A750000321131F9B089B00E41AED1A0A40043CD6
:10A76000043D8EE713000500D1E7C04603000A78D8
:10A7700001311A700133002AF9D1704710B58307EF
:10A780000AD00300032102E001330B4205D01A78FE
:10A79000002AF9D1181A10BD030019680C4A0D4C93
:10A7A0008A188A4322420FD15968094A04338A1809
:10A7B0008A43224208D15968054A04338A188A43D9
:10A7C0002242F1D000E001331A78002AFBD1E1E700
:10A7D000FFFEFEFE80808080F8B5C04600000000CD
:10A7E00001B40248844601BC604700BF410C002010
:10A7F00001B40248844601BC604700BF0103002049
:10A8000001B40248844601BC604700BF2502002015
:10A8100001B40248844601BC604700BF5D0F0020C0
:10A8200001B40248844601BC604700BF5D0F0020B0
:10A8300001B40248844601BC604700BFC10000204B
:10A8400001B40248844601BC604700BF9901002062
:10A8500001B40248844601BC604700BF01010020EA
:10A8600001B40248844601BC604700BFD10C0020FF
:10A8700001B40248844601BC604700BF190C0020A7
:10A8800001B40248844601BC604700BF3D0400207B
:10A8900001B40248844601BC604700BF810C00201F
:10A8A000B14E0010DD4E0010C15000102D5E0010A2
:10A8B000655700109D5D0010E94F0010F94E001023
:10A8C000194F00102D4F001029410010354F001076
:10A8D000ED440010794E00105D3D0010A98100107C
:04A8E000B1020010B1
:10A8E800564C353320696E6974206661696C6564FD
:10A8F8003A2025640A000000564C353320696E69F9
:10A9080074204F4B0000000043616C6962726174EF
:10A91800696F6E206170706C6965643A20256420E7
:10A928006D6D206F66667365740A000043616C691B
:10A9380062726174696F6E206661696C65643A2041
:10A9480025640A000A436F6E74726F6C733A0000D4
:10A9580020205B73706163655D2020626C6F636BA0
:10A96800696E67206D6561737572656D656E7420BB
:10A97800286F726967696E616C29000020205B711D
:10A988005D2020202020207374617274206E6F6E09
:10A998002D626C6F636B696E67206D65617375728C
:10A9A800656D656E7420286E6F2077616974290063
:10A9B80020205B775D2020202020207265616420A4
:10A9C8006E6F6E2D626C6F636B696E672072657354
:10A9D800756C740A000000005B53504143455D20CC
:10A9E8004750494F20736179733A2064617461203C
:10A9F80072656164790000005B53504143455D20F6
:10AA08004750494F20736179733A2064617461201B
:10AA18006E6F742072656164790000005B53504169
:10AA280043455D2044697374616E63653A202575FA
:10AA3800206D6D0A000000005B53504143455D20C6
:10AA4800564C35332052616E676553746174757363
:10AA58003A2025640A0000005B53504143455D20BD
:10AA6800564C35332072656164206572726F723A94
:10AA78002025640A000000005B515D207374617238
:10AA88007465643B204750494F20736179733A20BD
:10AA98006461746120726561647900005B515D20B6
:10AAA800737461727465643B204750494F20736129
:10AAB80079733A2064617461206E6F7420726561E5
:10AAC800647900005B515D20737461727420657253
:10AAD800726F723A2025640A000000005B575D20FF
:10AAE8004750494F20736179733A2064617461203B
:10AAF80072656164790000005B575D204750494FDB
:10AB080020736179733A2064617461206E6F7420D8
:10AB180072656164790000005B575D204469737455
:10AB2800616E63653A202575206D6D0A000000008E
:10AB38005B575D20564C35332052616E6765537400
:10AB4800617475733A2025640A0000005B575D2024
:10AB5800564C35332072656164206572726F723AA3
:10AB68002025640A000000005072657373205B732F
:10AB7800706163655D3D626C6F636B696E672C2005
:10AB88005B715D3D7374617274204E422C205B775B
:10AB98005D3D72656164204E42000000446174614D
:10ABA800496E69743D25640A00000000537461749D
:10ABB8006963496E69743D25640A000052656653ED
:10ABC8007061643D25640A0052656643616C3D25E9
:10ABD800640A00005365744D6F64653D25640A007E
:10ABE80054696D696E674275646765743D25640ACA
:10ABF800000000000A2A2A2A2050414E4943202AF0
:10AC08002A2A0A000A0000004E6F207370696E6CD1
:10AC18006F636B732061726520617661696C616234
:10AC28006C6500004E6F2075736572204952517330
:10AC38002061726520617661696C61626C650000F3
:10AC4800486172647761726520616C61726D20255C
:10AC58006420616C726561647920636C61696D65FB
:10AC68006400000048617264206173736572740047
:10AC780052656C6561736500626F6F74325F77321D
:10AC88003571303830000000322E322E300000008E
:10AC98007069636F000000007572745F766C3533FD
:10ACA8000000000041756720323220323032350012
:10ACB800666E692B00000000666E69006E616E00AA
:10ACC800666E692D00000000555342207374646954
:10ACD8006E202F207374646F757400005261737056
:10ACE8006265727279205069000000005069636FD4
:10ACF80000000000426F617264204344430000007A
:10AD08005265736574000000556E68616E646C6509
:10AD1800642049525120307825780A006570202532
:10AD28003032582077617320616C726561647920D4
:10AD3800617661696C61626C6500000043616E2731
:10AD48007420636F6E74696E75652078666572200D
:10AD58006F6E20696E616374697665206570202561
:10AD680030325800EE0C0010DE0C0010D60C00102B
:10AD7800C40C0010A60C00108C0C0010580E00100B
:10AD88004C0E0010400E0010340E0010FC0D001088
:10AD9800820E0010780E00106E0E0010640E001067
:10ADA8008C0E0010321100102A1100102211001010
:10ADB8001A1100103A1100101A1200100C1200108B
:10ADC80006120010F4110010E6110010CA1100104C
:10ADD80074120010861200107A12001080120010EF
:10ADE80058120010581200101A300010F02F0010DE
:10ADF800F02F0010F02F00101A3000101A30001039
:10AE0800283000101A3000102030001028300010B0
:10AE18002030001000000000FFFFFFFFFFFFFF7F52
:10AE280006005250D3F0754278AC0010060052501C
:10AE3800E182887F80AC001006005250ABB36053AB
:10AE480090AC001006005250BBFF3CB698AC001006
:10AE580006005250861C0302A0AC00100600525097
:10AE68005422A29DACAC001005005250DE65F46877
:10AE7800A4C50010EC6B00109C6B00109C6B0010BC
:10AE8800E46B00109C6B00109C6B00109C6B001016
:10AE98009C6B00109C6B00109C6B00109C6B00104E
:10AEA800DC6B00109C6B0010D46B00109C6B0010C6
:10AEB8009C6B0010CC6B00100C6E0010026C001024
:10AEC800FC6D0010026C0010E66D0010026C0010A2
:10AED800026C0010026C0010026C0010026C001072
:10AEE800026C0010026C0010F46B0010026C001071
:10AEF800026C0010026C0010026C0010026C001052
:10AF0800F46B0010AA6E0010566B0010566B001000
:10AF1800566B0010566B0010566B0010566B0010E5
:10AF2800566B0010566B0010566B0010566B0010D5
:10AF3800566B0010566B0010566B0010566B0010C5
:10AF4800566B0010566B0010566B0010566B0010B5
:10AF5800566B0010566B0010566B0010566B0010A5
:10AF6800566B0010566B0010566B0010566B001095
:10AF7800566B0010566B0010566B0010566B001085
:10AF8800566B0010206E0010786E0010206E0010B6
:10AF9800566B0010566B0010566B0010566B001065
:10AFA800566B0010566B0010566B0010566B001055
:10AFB800566B0010566B0010566B0010566B001045
:10AFC800566B0010566B0010566B0010566B001035
:10AFD800BA700010566B0010566B0010566B0010BC
:10AFE800566B0010566B0010566B0010566B001015
:10AFF800566B0010566B0010BA700010BC6E001033
:10B00800BA700010206E0010786E0010206E0010CC
:10B01800000000000000F03F000000000000244095
:10B0280000000000000059400000000000408F4070
:10B03800000000000088C34000000000006AF840DB
:10B048000000000080842E4100000000D0126341FF
:10B058000000000084D797410000000065CDCD4175
:10B068000D0A0000000000000D7C00100000000028
:10B07800117C00101D7C0010497C0010457C0010DC
:10B08800000000000A00000000000306A6000800F7
:10B09800020002009C001400030057494E55534219
:10B0A8000000000000000000000080000400010013
:10B0B80028004400650076006900630065004900C7
:10B0C8006E00740065007200660061006300650030
:10B0D800470055004900440000004E007B00620014
:10B0E80063003700330039003800630031002D0059
:10B0F80037003300630064002D00340063006200F1
:10B1080037002D0039003800620038002D00390062
:10B1180031003300610038006600630061003700C9
:10B128006200660036007D0000000000050F210067
:10B13800011C100500DF60DDD88945C74C9CD2652D
:10B148009D9E648A9F00000306A60001000000007F
:10B158000600525053B4F4A1D0AC00100000000017
:10B16800E4AC0010F4AC001058220020FCAC001035
:10B1780008AD001009025400030100807D080B008F
:10B188000202020000090400000102020004052472
:10B1980000200105240100010424020605240600FC
:10B1A800010705810308001009040100020A0000D4
:10B1B800000705020240000007058202400000095E
:10B1C80004020000FF00010512011002EF02014015
:10B1D8008A2E0A00000101020301000010880010F5
:10B1E80078890010C8890010508900106289001001
:10B1F80040890010B08800105C880010508800104A
:10B20800328D0010188D0010E88A0010528D001041
:10B21800E88A0010008D0010EC8C0010E88A0010FD
:10B22800D88C0010DE8B0010E88A0010BE8F00104A
:10B23800B08F0010A48F0010E88A0010E88A001070
:10B248008E8F0010B08F0010E88A0010E88A001076
:10B25800E88A0010E88A0010E88A0010E88A0010DE
:10B26800E88A0010448F00109E0D00209E0D0020DB
:10B27800E80D0020080E00204C0E00205E0E002075
:10B28800940D00200000000049950010B9950010A9
:10B29800E995001035960010D9960010C197001056
:10B2A8000000000000000000C19800101D99001067
:10B2B8003999001061990010A57C0010819A00103E
:04B2C8000000000082
:10B2CC0028AE001034AE001040AE00104CAE001092
:10B2DC0058AE001064AE001070AE001058B10010E3
:10B2EC0003000068EFF3108C72B60268002AFCD0E1
:10B2FC00BFF35F8F04229A56002A0BDB002900D083
:10B30C000A6000201B68BFF35F8F00221A608CF369
:10B31C0010887047D0221206126801201A71F1E7CA
:10B32C00F0B5C646150000B504001E000268EFF328
:10B33C00108172B61368002BFCD0BFF35F8F04230F
:10B34C00E3562268002B2BDBBFF35F8F00201060CD
:10B35C0081F31088D02212061278002752B2904640
:10B36C009A420ED1002080BCB846F0BDBFF35F8F6F
:10B37C00176081F310882800310000F011FF0028BD
:10B38C00F0D12268EFF3108172B61368002BFCD059
:10B39C00BFF35F8F237922687F2BE7D9434602E006
:10B3AC00D0231B061B682371BFF35F8F0023136030
:10B3BC0081F310880120D6E7F0B5C64600B50D0024
:10B3CC00040000F015FFFA2206000F0000232800ED
:10B3DC000021920000F0D4FE36184F41002F02DA03
:10B3EC000126174F7642D0231B061B680025984672
:10B3FC000AE0BFF35F8F156081F3108830003900CD
:10B40C0000F0CEFE002818D12268EFF3108172B63E
:10B41C001368002BFCD0BFF35F8F237922687F2B3E
:10B42C00E7D943462371BFF35F8F0023136081F389
:10B43C001088012080BCB846F0BD0020FAE7C04659
:10B44C00FFFFFF7F0268EFF3108172B61368002BC9
:10B45C00FCD0BFF35F8FFF2303710368BFF35F8FD3
:10B46C0000221A6081F3108840BF704710B5084C59
:10B47C002378002B0AD18023064807495B051A68FC
:10B48C00C25004338B42FAD10123237010BDC04645
:10B49C00F3230020981C00100001001010B5014B84
:10B4AC00984710BD991C0020064B5A6802609A6898
:10B4BC004260DA6882601A69C2605A6902619B69EB
:10B4CC0043617047000002400268064B5A604268B4
:10B4DC009A608268DA60C2681A6102695A614269CC
:10B4EC009A61704700000240034B1A68C0239B000E
:10B4FC009343024A136070470C8001400C9001404A
:10B50C00054B1A6880239B005340C02292001340C5
:10B51C00024A13607047C0460C8001400C900140F9
:10B52C000023F0B5DE4657464E4645469A46E0B5F2
:10B53C0089B001900E00988A45491B8B14009847DE
:10B54C00534681464349988A1B8B98475346424938
:10B55C000500988A1B8B98478046FFF787FF02A847
:10B56C00FFF7A2FFC847A847FFF7CAFF251E22D046
:10B57C000823C0219C460220490562468B6A1A406A
:10B58C0018423FD0631B002D2FD1002A11D1002C63
:10B59C0011D0C0235B059B4602239A46063399467D
:10B5AC005B464A4657469B6A1A401F4242D0002AC5
:10B5BC00F6D0002C30D1FFF797FFC047FFF76EFF96
:10B5CC0002A8FFF781FF09B0F0BCBB46B246A94602
:10B5DC00A046F0BD002C2FD1C0225205926A914694
:10B5EC0008224F463A40BF072DD50D2B1BD9002AF8
:10B5FC00F0D1C0225205926A914608224F463A4039
:10B60C00BF07F2D4002A04D12B002343002BB4D162
:10B61C00D1E72B00002CF9D00B6E013C33702300CA
:10B62C0001362B43F2E7019F013D3B7801370B6656
:10B63C000197E7E70025E5E7C0235B051B6E013C9E
:10B64C003370013699E72B00002ADFD1DCE7C046C6
:10B65C004946000045580000464300000022154BA7
:10B66C0010B59A60DA601A615A619A61DA611A62ED
:10B67C005A629A62DA621A635A639A63DA631A64D8
:10B68C005A649A64DA641A655A659A65DA651A66B8
:10B69C005A669A66DA661A675A679A67DA67F032F8
:10B6AC0092000021044800F08BFD044B044A1A6000
:10B6BC0010BDC04600001050441E00200C2200207B
:10B6CC0080011050F0B54E464546DE465746E0B573
:10B6DC00214B00249E6D012585B0002E22D01F4BDE
:10B6EC009A46012399461E4B984601E0202C19D00E
:10B6FC002A00230001342F003240E4B26D00002AEE
:10B70C00F4D0524697654A465B085B0022409B1872
:10B71C005B01434418009B4600F01EFC002808D136
:10B72C00BE43E3D105B0F0BCBB46B246A946A04629
:10B73C00F0BD5B46E0219A78DB8A01A88360002388
:10B74C00C900018001210271437100F025FC5846AB
:10B75C0000F0A0FBE4E7C04600001150003011508F
:10B76C00041E00209823F0B5C646C84A00B5D5582B
:10B77C0080232E009B02102484B01E401D4274D0E6
:10B78C00C34BC44C9A6AC44B00261A603B23E35C3F
:10B79C00022B00D14FE17B23E35C022B00D1F3E0C1
:10B7AC00BB23E35C022B00D1FAE0FB23E35C022B0E
:10B7BC0000D101E13C23FF33E35C022B00D12DE1EE
:10B7CC007C23FF33E35C022B00D10EE1BC23FF335F
:10B7DC00E35C022B00D13FE1FC23FF33E35C022B43
:10B7EC0000D1F5E0AD4BE35C022B00D174E1AC4B26
:10B7FC00E35C022B00D105E1AA4BE35C022B00D1E8
:10B80C0075E1A94BE35C022B00D132E1A74BE35C61
:10B81C00022B00D1A0E1A64BE35C022B00D171E11D
:10B82C00A44BE35C022B00D1A1E1A34BE35C022B04
:10B83C0000D17FE1002E08D1A04B1B78002B04D146
:10B84C0080219F4A90338902D150C02269468F4B88
:10B85C0092009B6C80265B058A805B0D012101A800
:10B86C00029300F099FB974CB602EB0600D57FE0F3
:10B87C0080235B021D4231D01E43012302249846D3
:10B88C00844FBB7E002B14D000F0A2FC012800D901
:10B89C0072E0C02200213800920100F001FB380058
:10B8AC0000F0F8FA00F094FC012802D9844B5C6695
:10B8BC001C664346FB702037012C22D1C0236A46FC
:10B8CC00DB009380804A02AB03CA03C3012101A8A9
:10B8DC0000F062FB80227A4B92021A6580235B0196
:10B8EC001D4210D18023DB011D4223D180231B027A
:10B8FC001D422FD1AE4200D0C0E104B080BCB8468E
:10B90C00F0BD0124BDE700241E43604B1C60FFF713
:10B91C00A5FE80236A465B0093801472012101A866
:10B92C0000F03AFB8022664B12031A658023DB0180
:10B93C001D42DBD01E4380236A46DB00938001212D
:10B94C0001A800F029FB10225D4B1A6580231B0215
:10B95C001D42CFD01E43A0236A46DB0093800121F9
:10B96C0001A800F019FB8022554B12011A65C1E7A2
:10B97C00FFF7A8FE26007BE7544B444A1C66536E27
:10B98C002340A342FBD184E77833E75C002F00D13E
:10B99C0006E70233E25C002A00D00DE13E00FFE630
:10B9AC00B833E75C002F00D1FFE60233E25C002ADB
:10B9BC0000D0F9E03E00F8E6F833E75C002F00D148
:10B9CC00F8E60233E25C002A00D041E13E00F1E6E9
:10B9DC00F933FF33E75C002F00D103E70233E25C5D
:10B9EC00002A00D02BE13E00FCE67933FF33E75C04
:10B9FC00002F00D1EAE60233E25C002A00D015E108
:10BA0C003E00E3E6324BE75C002F00D1F4E6023354
:10BA1C00E25C002A00D001E13E00EDE63933FF3351
:10BA2C00E75C002F00D1CBE60233E25C002A00D0A9
:10BA3C00EBE03E00C4E63833E65C002E00D1AAE60B
:10BA4C000233E25C002A00D1A5E62000002220305F
:10BA5C00E25400F04DFA9EE6B933FF33E75C002F59
:10BA6C0000D1B9E60233E25C002A00D0C4E03E000B
:10BA7C00B2E6184BE75C002F00D1C7E60233E25C5C
:10BA8C00002A00D0B0E03E00C0E6C04600001150D5
:10BA9C0000400540041E0020FC1D00203B0200005D
:10BAAC007B020000BB020000FB0200003B03000015
:10BABC007B030000BB030000FB030000F12300200C
:10BACC0000301150100002000000105000201150E6
:10BADC007A020000FA0200006B4BE75C002F00D1E9
:10BAEC0085E60233E25C002A76D13E007FE6674BA6
:10BAFC00E75C002F00D184E60233E25C002A63D1BC
:10BB0C003E007EE6624BE75C002F00D188E60233F4
:10BB1C00E25C002A00D0A3E05E4BE35C022B30D148
:10BB2C005D4BE35C002B27D15C4BE35C022B00D01C
:10BB3C008BE63E005A4BE35C002B00D17AE6FF23E8
:10BB4C009B00E25C002A00D17FE60022E2541C3B01
:10BB5C00E01800F0CDF978E6524BE75C002F00D1ED
:10BB6C0059E60233E25C002A16D13E0053E64A4BFA
:10BB7C00E35C002B00D158E6EF239B00E25C002A2B
:10BB8C0075D1464BE35C022B00D05EE6444BE35C84
:10BB9C00002B00D159E6D2E70022E2541C3BE018FE
:10BBAC0000F0A6F93E0036E620000022A030E25458
:10BBBC003E0000F09DF9F8E5200000226030E254D0
:10BBCC003E0000F095F9EBE50022E2541C3BE01836
:10BBDC0000F08EF93E0014E60022E2541C3BE01803
:10BBEC0000F086F93E0002E60022E2541C3BE0180D
:10BBFC0000F07EF93E0009E620000022A130FF3063
:10BC0C00E2543E0000F074F9E6E5200000222130F9
:10BC1C00FF30E2543E0000F06BF9D1E50022E25413
:10BC2C001C3BE01800F064F93E00E5E52000002222
:10BC3C006130FF30E2543E0000F05AF9C6E52000B6
:10BC4C000022E130FF30E2543E0000F051F9C9E52A
:10BC5C0020000022E030E2543E0000F049F9A9E552
:10BC6C000022E2541C3BE01800F042F954E7002299
:10BC7C00E2541C3BE01800F03BF982E731000A4823
:10BC8C00694000F095FAC0463A020000BA02000082
:10BC9C007A030000BB030000BA030000FB030000A2
:10BCAC00FA0300003A03000010AD0010F0B5C646D0
:10BCBC0000B50200838A008B8C46011C984200D987
:10BCCC00191CD47880252000461EB04189B2ED00A5
:10BCDC000D434003284301256C405B1AD470547803
:10BCEC009BB29382002C31D16446D568A4014E1EC0
:10BCFC002D19B0461469002923D0062E32D92B00F9
:10BD0C0023439B072ED12B1B013B022B2AD900234B
:10BD1C008F08BF00E658EE5004339F42FAD14346D9
:10BD2C00ED19DB1BE419B94209D026782E70002BD3
:10BD3C0005D066786E70012B01D0A378AB701469B6
:10BD4C00938A64181461802212021043002B02D1D2
:10BD5C008023DB0118436346002B00D0000480BC19
:10BD6C00B846F0BD0023E65CEE5401339942FAD19B
:10BD7C00E5E7C0468368F0B51A680400002900D0D6
:10BD8C00120C63789205900D002B08D1E38AC3182E
:10BD9C00E382238B834201D90023A382F0BDE368A5
:10BDAC00890125695E18471E002822D0062F26D946
:10BDBC0001315B18EB1A022B21D92B0033439B0763
:10BDCC001DD10023120E9200F158E95004339A420F
:10BDDC00FAD1BF1AAD18B618904209D032782A7031
:10BDEC00002F05D072786A70012F01D0B278AA703A
:10BDFC002569E38A2D18C318E3822561C9E700225F
:10BE0C00B35CAB5401329042FAD12569F1E7C046DC
:10BE1C0010B50400836800211B68FFF7ABFF636853
:10BE2C001B685B0002D5238B834200D010BD01211F
:10BE3C002000FFF79FFFF9E7084A0300126C00206F
:10BE4C00920703D49A78D209012A00D07047D87E81
:10BE5C00023843425841C0B2F8E7C04600001150C6
:10BE6C0010B5FFF7E9FF00280CD00749074B8C46AB
:10BE7C00074A9B6A126863449B1A0020C6229A42A6
:10BE8C004041C0B210BDC046E0FCFFFF0040054081
:10BE9C00FC1D002000238376436103617047C0467C
:10BEAC0010B58368002901D01C682140002A12D0EB
:10BEBC008024E400114322420DD01A6822420CD196
:10BECC00084A0A401A60084A126C920703D40C23E1
:10BEDC00033BFDD28368196010BD8178034800F0E4
:10BEEC0067F9C046FFFBFFFF0000115024AD0010A6
:10BEFC00436870B50021802504001E68FFF7D6FE4C
:10BF0C00124B6D011A6C0543A37892070ED55B0694
:10BF1C000ED00F4B1E4080239B05334362680021DB
:10BF2C00136020002A00FFF7BBFF70BDDB09F0D0C7
:10BF3C00A38A002BEDD001212000FFF7B7FEA02330
:10BF4C00044ADB05324005431343E7E70000115078
:10BF5C00FFFFFFAFFFFFFFDF70B5857E0400002DF4
:10BF6C0014D0FFF755FFA38A002B01D1280070BD18
:10BF7C002000FFF775FF002803D00123002523774D
:10BF8C00F4E72000FFF7B4FF0025EFE781780148C4
:10BF9C0000F00EF944AD0010F0B5CE46474680B522
:10BFAC00437805000E0085B0062B08D86C4A9B0020
:10BFBC00D3589F466B4A13780133DBB213706A4B2C
:10BFCC001C686269EFF3108172B61368002BFCD009
:10BFDC00BFF35F8FA1612000290000F0D9F86269DE
:10BFEC00A369BFF35F8F0021116083F310880028D1
:10BFFC0004D105B0C0BCB946B046F0BD320069787A
:10C00C00287800F0EDF8F4E70121584B1A788A43B0
:10C01C001A701A7801318A431A7000225A701A78F1
:10C02C0002318A431A70CAE75149524F8946524924
:10C03C000024002388463A7812E043461B686101CD
:10C04C005B18002B06D0DB69002B03D069682878BD
:10C05C0098473A780134E4B2511C2300A14217DB13
:10C06C00A242EAD89B1A5B014B44ECE73F4B1A788F
:10C07C00D207BED504211A780A431A709FE73B4BAE
:10C08C001A78D207B5D504211A788A431A7096E724
:10C09C00364F3B785B072BD504223B78002193432A
:10C0AC003B706B460632981D00F08AF82B7801AC79
:10C0BC002370052363702C4B1B6898465A69EFF369
:10C0CC00108172B61368002BFCD0BFF35F8F434610
:10C0DC0040469961210000F05BF843465A699B6920
:10C0EC00BFF35F8F0021116083F31088002831D1DA
:10C0FC00FB78DB0700D47CE76B460A220021981DF5
:10C10C0000F05EF82B7801AC2370032363706B682E
:10C11C006360154B1D686A69EFF3108172B6136882
:10C12C00002BFCD0BFF35F8FA9612800210000F029
:10C13C002FF86A69AB69BFF35F8F0021116083F33D
:10C14C001088002800D154E732006178207800F084
:10C15C0047F84EE732006178207800F041F8C7E7E5
:10C16C0070B20010F223002008190020B018002033
:10C17C008CB20010F0230020001700207047C0463E
:10C18C0001B40248844601BC604700BF695D0010E1
:10C19C0001B40248844601BC604700BF11A10010E5
:10C1AC0001B40248844601BC604700BFC54800107A
:10C1BC0001B40248844601BC604700BF093C001032
:10C1CC0001B40248844601BC604700BF3D5E0010CC
:10C1DC0001B40248844601BC604700BFFD3B00101F
:10C1EC0001B40248844601BC604700BFB186001010
:10C1FC0001B40248844601BC604700BFF5490010F9
:10C20C00FF00000001FF0001800101FF010100009F
:10C21C0001FF01014F0201FF0E0100030101840126
:10C22C00020A0103030104080105C8010603010702
:10C23C008D0108080109C6010A01010B02010C005D
:10C24C00010DD5010E18010F12011001011182010F
:10C25C0012000113D501141801151301160301174F
:10C26C008601180A011909011A08011BC2011C03D5
:10C27C00011D8F011E0A011F06012001012102016F
:10C28C0022000123D50124180125220126010127B2
:10C29C00820128000129D5012A18012B0B012C2819
:10C2AC00012D78012E28012F9101300001310B0155
:10C2BC00320001330B0134000135A1013600013786
:10C2CC00A0013800013904013A28013B30013C0C33
:10C2DC00013D04013E0F013F7901402801411E013F
:10C2EC00422F01438701440001450B0146000147E1
:10C2FC000B0148000149A7014A00014BA6014C0063
:10C30C00014D04014E01014F00015000015180010B
:10C31C00520901530801540101550001560F0157F0
:10C32C0079015809015905015A00015B60015C054E
:10C33C00015DD1015E0C015F3C0160000161D00127
:10C34C00620B01630301642801651001662A016711
:10C35C003901680B016902016A28016B10016C2A12
:10C36C00016D61016E0C016F0001700F017179019B
:10C37C00720001730B01740001750B0176000177DB
:10C38C00A10178000179A0017A00017B0401FF046E
:10C39C0001791D017B2701960E0197FE019803017F
:10C3AC0099EF019A02019B4401730701700101FF8F
:10C3BC000101000101FF00000000000001FF01016C
:10C3CC00000001FF0001090001100001110001240F
:10C3DC00010125FF01750001FF01014E2C014800F0
:10C3EC0001302001FF00013009015400013104012A
:10C3FC0032030140830146250160000127000150F2
:10C40C000601510001529601560801573001610096
:10C41C000162000164000165000166A001FF0101D9
:10C42C0022320147140149FF014A0001FF00017A41
:10C43C000A017B0001782101FF0101233401420034
:10C44C000144FF014526014605014040010E06014D
:10C45C00201A01434001FF0001340301354401FF60
:10C46C0001013104014B09014C05014D0401FF0090
:10C47C0001440001452001470801482801670001DB
:10C48C0070040171010172FE01760001770001FF59
:10C49C0001010D0101FF000180010101F801FF0103
:10C4AC00018E0101000101FF00018000000000006D
:10C4BC000A0000000500000000000000050000005C
:10C4CC00100000000000000000000100000000004F
:10C4DC00000000000000020000000000000000004E
:10C4EC000000030000000000000000000000FF003E
:10C4FC000000000001B5486801318E4600477046C7
:10C50C0009380149884701BD39400010000000007E
:10C51C00000000000000000000000000000000000F
:10C52C007813002000000000000000000000000054
:10C53C00503300004C3300005433000052330000E1
:10C54C004D5300004D4300005334000043340000B1
:10C55C00717E0010257E0010997D0010117D001059
:10C56C0000000000000100000C19002010000C005D
:10C57C0000000000000000000000000000000000AF
:10C58C0000000000FF00000000400440000000001C
:08C59C00000000000000000097
:04000005100001E9FD
:00000001FF
